country_name,iso2c,iso3c,year,region,income,gdp_per_capita,life_expectancy,population,internet_use,school_enroll,unemployment,gini
Afghanistan,AF,AFG,2013,South Asia,Low income,580.603833333096,62.188,31622704,5.9,54.8833694458008,7.921,NA
Afghanistan,AF,AFG,2004,South Asia,Low income,338.637273888197,57.81,23560654,0.105809,19.2143802642822,7.794,NA
Afghanistan,AF,AFG,2002,South Asia,Low income,338.139973643387,56.225,21378117,0.0045614,NA,7.867,NA
Afghanistan,AF,AFG,2007,South Asia,Low income,410.757728879097,58.956,25909852,1.9,28.8154907226562,7.841,NA
Afghanistan,AF,AFG,2003,South Asia,Low income,346.071627096223,57.171,22733049,0.0878913,13.959529876709,7.844,NA
Afghanistan,AF,AFG,2006,South Asia,Low income,367.75831169358,58.553,25424094,2.10712,29.523889541626,7.897,NA
Afghanistan,AF,AFG,2001,South Asia,Low income,277.118051443941,55.511,20284307,0.00472257,14.0404100418091,7.973,NA
Afghanistan,AF,AFG,2005,South Asia,Low income,363.640141436773,58.247,24404567,1.22415,20.2735099792481,7.878,NA
Afghanistan,AF,AFG,2014,South Asia,Low income,575.146245808546,62.26,32792523,7,54.2936515808105,7.915,NA
Afghanistan,AF,AFG,2022,South Asia,Low income,377.665627080705,65.617,40578842,17.1917,NA,14.1,NA
Afghanistan,AF,AFG,2021,South Asia,Low income,408.625855217403,60.417,40000412,16.5143,NA,12.006,NA
Afghanistan,AF,AFG,2020,South Asia,Low income,527.834554499306,61.454,39068979,17.0485,NA,11.71,NA
Afghanistan,AF,AFG,2010,South Asia,Low income,542.871030476037,60.702,28284089,4,50.4406204223633,7.809,NA
Afghanistan,AF,AFG,2011,South Asia,Low income,525.42698276582,61.25,29347708,5,52.4474296569824,7.83,NA
Afghanistan,AF,AFG,2008,South Asia,Low income,417.647282647498,59.708,26482622,1.84,38.930850982666,7.879,NA
Afghanistan,AF,AFG,2012,South Asia,Low income,568.929021458341,61.735,30560034,5.45455,54.372859954834,7.875,NA
Afghanistan,AF,AFG,2009,South Asia,Low income,488.830652491949,60.248,27466101,3.55,44.2999496459961,7.808,NA
Afghanistan,AF,AFG,2016,South Asia,Low income,563.872336723147,62.646,34700612,11,53.4350395202637,10.116,NA
Afghanistan,AF,AFG,2000,South Asia,Low income,308.318269746638,55.005,20130327,NA,NA,7.897,NA
Afghanistan,AF,AFG,2019,South Asia,Low income,557.861533207459,62.941,37856121,17.6,NA,11.187,NA
Afghanistan,AF,AFG,2017,South Asia,Low income,562.769574140988,62.406,35688935,13.5,55.5364303588867,11.184,NA
Afghanistan,AF,AFG,2018,South Asia,Low income,553.125151688293,62.443,36743039,16.8,57.3578491210938,11.192,NA
Afghanistan,AF,AFG,2015,South Asia,Low income,565.569730408751,62.27,33831764,8.26,53.1501083374023,9.032,NA
Albania,AL,ALB,2000,Europe & Central Asia,Upper middle income,1991.91435867116,74.826,3089027,0.114097,NA,19.023,NA
Albania,AL,ALB,2013,Europe & Central Asia,Upper middle income,3895.89975621942,77.995,2816902,51.8,102.903209514161,15.866,NA
Albania,AL,ALB,2001,Europe & Central Asia,Upper middle income,2188.91854451375,75.083,3060173,0.325798,NA,18.57,NA
Albania,AL,ALB,2002,Europe & Central Asia,Upper middle income,2297.10853513924,75.299,3051010,0.390081,74.5389175415039,17.891,31.7
Albania,AL,ALB,2017,Europe & Central Asia,Upper middle income,4648.23078660658,78.9,2648285,62.4,97.5743697537481,13.616,33.1
Albania,AL,ALB,2003,Europe & Central Asia,Upper middle income,2428.68934653563,75.557,3039616,0.9719,77.751823425293,16.985,NA
Albania,AL,ALB,2009,Europe & Central Asia,Upper middle income,3459.24695646692,78.509,2927519,41.2,89.3157196044922,13.674,NA
Albania,AL,ALB,2016,Europe & Central Asia,Upper middle income,4431.55635814168,78.643,2689469,59.6,99.170755047578,15.418,33.7
Albania,AL,ALB,2014,Europe & Central Asia,Upper middle income,4045.11934884933,78.029,2773767,54.3,103.321377531566,18.055,34.6
Albania,AL,ALB,2015,Europe & Central Asia,Upper middle income,4199.53912925398,78.358,2731293,56.9,102.440729325166,17.193,32.8
Albania,AL,ALB,2018,Europe & Central Asia,Upper middle income,4893.82375538717,79.238,2607733,65.4,98.822387862215,12.304,30.1
Albania,AL,ALB,2004,Europe & Central Asia,Upper middle income,2567.29763687121,75.951,3026939,2.42039,78.9801864624023,16.306,NA
Albania,AL,ALB,2007,Europe & Central Asia,Upper middle income,3105.8796756386,77.691,2970017,15.0361,86.2188568115234,15.966,NA
Albania,AL,ALB,2005,Europe & Central Asia,Upper middle income,2712.86983830331,76.427,3011487,6.04389,82.9714279174805,15.966,30.6
Albania,AL,ALB,2010,Europe & Central Asia,Upper middle income,3579.82413181046,78.414,2913021,45,93.6818237304688,14.086,NA
Albania,AL,ALB,2011,Europe & Central Asia,Upper middle income,3677.89457937717,78.303,2905195,47,95.4705276489258,13.481,NA
Albania,AL,ALB,2021,Europe & Central Asia,Upper middle income,5511.75743402862,76.844,2489762,79.3237,97.665033031442,11.474,NA
Albania,AL,ALB,2022,Europe & Central Asia,Upper middle income,5867.65096230557,78.769,2451636,82.6137,97.3224714726407,10.785,NA
Albania,AL,ALB,2012,Europe & Central Asia,Upper middle income,3771.84781862015,78.084,2860708,49.4,97.6086120605469,13.376,29
Albania,AL,ALB,2006,Europe & Central Asia,Upper middle income,2894.36032580174,76.994,2992547,9.60999,84.3257675170898,15.626,NA
Albania,AL,ALB,2019,Europe & Central Asia,Upper middle income,5072.43648354739,79.467,2567801,68.5504,99.01515356567,11.466,30.1
Albania,AL,ALB,2008,Europe & Central Asia,Upper middle income,3345.98161761476,78.248,2947314,23.86,87.8338394165039,13.06,30
Albania,AL,ALB,2020,Europe & Central Asia,Upper middle income,4980.61699524696,77.824,2528480,72.2377,95.9294474518951,11.639,29.4
Algeria,DZ,DZA,2022,Middle East & North Africa,Upper middle income,4544.46688060372,76.129,45477389,74.8319,104.550270080566,12.382,NA
Algeria,DZ,DZA,2005,Middle East & North Africa,Upper middle income,4223.60252133943,72.836,33109249,5.84394,81.8563690185547,15.27,NA
Algeria,DZ,DZA,2000,Middle East & North Africa,Upper middle income,3553.32420521991,70.576,30903893,0.491706,64.5954208374023,29.77,NA
Algeria,DZ,DZA,2017,Middle East & North Africa,Upper middle income,4742.90075532529,75.431,41689299,47.6911,NA,12,NA
Algeria,DZ,DZA,2021,Middle East & North Africa,Upper middle income,4456.74687637774,75.208,44761099,72.2124,NA,13.656,NA
Algeria,DZ,DZA,2006,Middle East & North Africa,Upper middle income,4279.61547120827,73.116,33623506,7.37598,83.4811935424805,12.27,NA
Algeria,DZ,DZA,2004,Middle East & North Africa,Upper middle income,4066.28204806495,72.536,32628286,4.63448,79.6298599243164,17.65,NA
Algeria,DZ,DZA,2001,Middle East & North Africa,Upper middle income,3610.00605631983,71.025,31331221,0.646114,68.763298034668,27.3,NA
Algeria,DZ,DZA,2003,Middle East & North Africa,Upper middle income,3945.89816094007,71.906,32175818,2.19536,75.4358673095703,23.72,NA
Algeria,DZ,DZA,2020,Middle East & North Africa,Upper middle income,4363.68533767783,73.257,44042091,63.4727,NA,14.08,NA
Algeria,DZ,DZA,2015,Middle East & North Africa,Upper middle income,4685.05902729002,75.159,40019529,38.2,NA,11.206,NA
Algeria,DZ,DZA,2013,Middle East & North Africa,Upper middle income,4543.23444006767,74.809,38414171,22.5,NA,9.82,NA
Algeria,DZ,DZA,2016,Middle East & North Africa,Upper middle income,4768.73140081027,75.31,40850721,42.9455,NA,10.202,NA
Algeria,DZ,DZA,2018,Middle East & North Africa,Upper middle income,4717.0035885361,75.555,42505035,49.0385,NA,12.112,NA
Algeria,DZ,DZA,2019,Middle East & North Africa,Upper middle income,4672.66408678635,75.682,43294546,55.7907,NA,12.302,NA
Algeria,DZ,DZA,2010,Middle East & North Africa,Upper middle income,4456.6102741643,74.144,36188236,12.5,100.739776611328,9.96,NA
Algeria,DZ,DZA,2011,Middle East & North Africa,Upper middle income,4501.3543013352,74.383,36903376,14.9,103.184272766113,9.96,27.6
Algeria,DZ,DZA,2007,Middle East & North Africa,Upper middle income,4339.25055772831,73.346,34189416,9.45119,73.517822265625,13.79,NA
Algeria,DZ,DZA,2009,Middle East & North Africa,Upper middle income,4336.10054052949,73.871,35490445,11.23,96.3929595947266,10.16,NA
Algeria,DZ,DZA,2002,Middle East & North Africa,Upper middle income,3754.66081538446,71.644,31750835,1.59164,72.5830688476562,25.9,NA
Algeria,DZ,DZA,2014,Middle East & North Africa,Upper middle income,4634.10149179952,74.992,39205031,29.5,NA,10.207,NA
Algeria,DZ,DZA,2012,Middle East & North Africa,Upper middle income,4518.43978956464,74.609,37646166,18.2,NA,10.97,NA
Algeria,DZ,DZA,2008,Middle East & North Africa,Upper middle income,4367.56538017541,73.618,34816961,10.18,80.2311401367188,11.33,NA
American Samoa,AS,ASM,2001,East Asia & Pacific,High income,NA,71.573,57053,NA,NA,NA,NA
American Samoa,AS,ASM,2010,East Asia & Pacific,High income,12446.3086265015,72.587,55228,NA,NA,NA,NA
American Samoa,AS,ASM,2009,East Asia & Pacific,High income,12342.0575384016,70.839,55528,NA,NA,NA,NA
American Samoa,AS,ASM,2008,East Asia & Pacific,High income,12809.4633079683,72.43,55828,NA,NA,NA,NA
American Samoa,AS,ASM,2000,East Asia & Pacific,High income,NA,71.443,56855,NA,NA,NA,NA
American Samoa,AS,ASM,2003,East Asia & Pacific,High income,13201.7347516166,71.698,56971,NA,NA,NA,NA
American Samoa,AS,ASM,2011,East Asia & Pacific,High income,12521.8095058644,72.662,54895,NA,NA,NA,NA
American Samoa,AS,ASM,2002,East Asia & Pacific,High income,13054.6364326897,71.755,57062,NA,NA,NA,NA
American Samoa,AS,ASM,2019,East Asia & Pacific,High income,12524.0160252283,72.751,50209,NA,NA,NA,NA
American Samoa,AS,ASM,2005,East Asia & Pacific,High income,13284.2791128875,72.382,56617,NA,NA,NA,NA
American Samoa,AS,ASM,2020,East Asia & Pacific,High income,13194.274740128,72.672,49761,NA,NA,NA,NA
American Samoa,AS,ASM,2021,East Asia & Pacific,High income,13233.5784817341,72.708,49225,NA,NA,NA,NA
American Samoa,AS,ASM,2007,East Asia & Pacific,High income,13092.3111393408,72.365,56113,NA,NA,NA,NA
American Samoa,AS,ASM,2014,East Asia & Pacific,High income,12203.0894714284,72.687,53466,NA,NA,NA,NA
American Samoa,AS,ASM,2006,East Asia & Pacific,High income,12794.7565021718,72.397,56374,NA,NA,NA,NA
American Samoa,AS,ASM,2018,East Asia & Pacific,High income,12412.6024074562,72.794,50908,NA,NA,NA,NA
American Samoa,AS,ASM,2012,East Asia & Pacific,High income,12068.2667374983,72.709,54489,NA,NA,NA,NA
American Samoa,AS,ASM,2015,East Asia & Pacific,High income,12727.4102651386,72.654,52878,NA,NA,NA,NA
American Samoa,AS,ASM,2004,East Asia & Pacific,High income,13291.5356626851,72.277,56818,NA,NA,NA,NA
American Samoa,AS,ASM,2013,East Asia & Pacific,High income,11871.7937192729,72.769,54006,NA,NA,NA,NA
American Samoa,AS,ASM,2016,East Asia & Pacific,High income,12665.2829921268,72.64,52245,NA,NA,NA,NA
American Samoa,AS,ASM,2017,East Asia & Pacific,High income,11930.7771236826,72.801,51586,NA,NA,NA,NA
American Samoa,AS,ASM,2022,East Asia & Pacific,High income,13709.0974895473,72.752,48342,NA,NA,NA,NA
Andorra,AD,AND,2010,Europe & Central Asia,High income,36277.2814831059,84.197,80706,81,85.4886322021484,NA,NA
Andorra,AD,AND,2009,Europe & Central Asia,High income,35604.4007343193,84.1,83888,78.53,82.9412994384766,NA,NA
Andorra,AD,AND,2020,Europe & Central Asia,High income,34536.666145207,79.418,77380,93.2056,97.1500396728516,NA,NA
Andorra,AD,AND,2013,Europe & Central Asia,High income,35684.1861967511,84.406,75194,84.4,86.7936096191406,NA,NA
Andorra,AD,AND,2014,Europe & Central Asia,High income,37300.6419409868,84.485,73737,86.1,88.978157043457,NA,NA
Andorra,AD,AND,2011,Europe & Central Asia,High income,37637.5045137987,84.296,77783,81,86.196891784668,NA,NA
Andorra,AD,AND,2007,Europe & Central Asia,High income,40789.1781297264,83.632,81877,70.87,82.7160491943359,NA,NA
Andorra,AD,AND,2008,Europe & Central Asia,High income,37775.1438845998,83.855,83495,70.04,82.462532043457,NA,NA
Andorra,AD,AND,2021,Europe & Central Asia,High income,36929.0364995869,82.331,78364,93.8975,98.0404205322266,NA,NA
Andorra,AD,AND,2012,Europe & Central Asia,High income,36206.9954432018,84.334,76834,82.7,87.2305068969727,NA,NA
Andorra,AD,AND,2019,Europe & Central Asia,High income,39346.2935180487,84.098,76474,90.7187,96.574333190918,NA,NA
Andorra,AD,AND,2004,Europe & Central Asia,High income,40054.3399679173,82.815,74325,26.838,79.7546005249023,NA,NA
Andorra,AD,AND,2005,Europe & Central Asia,High income,40528.1938997392,83.086,77421,37.6058,86.0663299560547,NA,NA
Andorra,AD,AND,2006,Europe & Central Asia,High income,41322.0723316534,83.374,79585,48.9368,85.2862777709961,NA,NA
Andorra,AD,AND,2003,Europe & Central Asia,High income,39620.3387714274,82.718,69486,13.5464,83.0041580200195,NA,NA
Andorra,AD,AND,2016,Europe & Central Asia,High income,40085.0394278177,84.489,72181,89.7,94.6524124145508,NA,NA
Andorra,AD,AND,2001,Europe & Central Asia,High income,36790.1209900717,82.162,65852,NA,NA,NA,NA
Andorra,AD,AND,2022,Europe & Central Asia,High income,39780.4152991834,84.016,79705,94.4855,98.5098724365234,NA,NA
Andorra,AD,AND,2015,Europe & Central Asia,High income,38654.95287916,84.532,72174,87.9,91.2962188720703,NA,NA
Andorra,AD,AND,2002,Europe & Central Asia,High income,38084.5022003398,82.448,66506,11.2605,82.6385192871094,NA,NA
Andorra,AD,AND,2018,Europe & Central Asia,High income,39242.1633307803,84.242,75162,NA,95.9804306030273,NA,NA
Andorra,AD,AND,2017,Europe & Central Asia,High income,39361.0807539996,84.359,73763,91.5675,95.1090393066406,NA,NA
Andorra,AD,AND,2000,Europe & Central Asia,High income,34113.8334027285,81.863,65685,10.5388,NA,NA,NA
Angola,AO,AGO,2005,Sub-Saharan Africa,Lower middle income,2843.3966357968,52.13,19291161,1.14337,NA,16.295,NA
Angola,AO,AGO,2013,Sub-Saharan Africa,Lower middle income,3716.29718727282,59.705,26165620,13,NA,16.464,NA
Angola,AO,AGO,2002,Sub-Saharan Africa,Lower middle income,2404.97792071531,47.874,17327699,0.270377,16.1495990753174,16.432,NA
Angola,AO,AGO,2001,Sub-Saharan Africa,Lower middle income,2189.17352158246,47.032,16747208,0.136014,15.0013399124146,16.668,NA
Angola,AO,AGO,2004,Sub-Saharan Africa,Lower middle income,2583.32411461288,51.123,18600423,0.464815,NA,16.313,NA
Angola,AO,AGO,2018,Sub-Saharan Africa,Lower middle income,3196.79006983557,62.622,31297155,29,NA,16.602,51.3
Angola,AO,AGO,2014,Sub-Saharan Africa,Lower middle income,3746.81619978613,60.396,27160769,21.3623,NA,16.372,NA
Angola,AO,AGO,2006,Sub-Saharan Africa,Lower middle income,3065.05576243895,52.965,20015279,1.5,NA,16.123,NA
Angola,AO,AGO,2003,Sub-Saharan Africa,Lower middle income,2403.40415157038,50.218,17943712,0.370682,NA,16.445,NA
Angola,AO,AGO,2009,Sub-Saharan Africa,Lower middle income,3494.80724466172,56.225,22414773,2.3,24.3320198059082,16.383,NA
Angola,AO,AGO,2016,Sub-Saharan Africa,Lower middle income,3454.03317187119,61.619,29183070,23.2,54.4167987304753,16.572,NA
Angola,AO,AGO,2010,Sub-Saharan Africa,Lower middle income,3540.79159568381,57.242,23294825,2.8,28.2108038778932,16.595,NA
Angola,AO,AGO,2011,Sub-Saharan Africa,Lower middle income,3528.16824373399,58.093,24218352,4.7,29.6869517832747,16.77,NA
Angola,AO,AGO,2000,Sub-Saharan Africa,Lower middle income,2172.46326720494,46.501,16194869,0.105046,13.3690700531006,16.646,51.9
Angola,AO,AGO,2022,Sub-Saharan Africa,Lower middle income,2860.90251922246,64.246,35635029,42.0719,NA,14.124,NA
Angola,AO,AGO,2021,Sub-Saharan Africa,Lower middle income,2832.81777132286,62.958,34532429,39.3876,53.1351542727131,15.799,NA
Angola,AO,AGO,2017,Sub-Saharan Africa,Lower middle income,3328.8982124109,62.122,30234839,26,NA,16.617,NA
Angola,AO,AGO,2015,Sub-Saharan Africa,Lower middle income,3641.72893919944,61.042,28157798,22,NA,16.472,NA
Angola,AO,AGO,2012,Sub-Saharan Africa,Lower middle income,3682.35229322763,58.916,25177394,7.7,NA,16.539,NA
Angola,AO,AGO,2020,Sub-Saharan Africa,Lower middle income,2864.16146036893,63.116,33451132,36.6347,NA,16.696,NA
Angola,AO,AGO,2007,Sub-Saharan Africa,Lower middle income,3336.36332465208,54.2,20778561,1.7,NA,16.066,NA
Angola,AO,AGO,2008,Sub-Saharan Africa,Lower middle income,3559.19522512236,55.281,21578655,1.9,22.7990207672119,16.152,42.7
Angola,AO,AGO,2019,Sub-Saharan Africa,Lower middle income,3083.97534427357,63.051,32375632,32.1294,NA,16.497,NA
Antigua and Barbuda,AG,ATG,2011,Latin America & Caribbean,High income,15633.9091131821,77.023,86332,52,116.185371398926,NA,NA
Antigua and Barbuda,AG,ATG,2006,Latin America & Caribbean,High income,19259.6486517907,75.506,80604,30,NA,NA,NA
Antigua and Barbuda,AG,ATG,2003,Latin America & Caribbean,High income,15703.9347145491,75.313,77884,17.2286,NA,NA,NA
Antigua and Barbuda,AG,ATG,2007,Latin America & Caribbean,High income,20770.2689732844,75.72,81704,34,112.227951049805,NA,NA
Antigua and Barbuda,AG,ATG,2010,Latin America & Caribbean,High income,16135.397384487,76.701,85320,47,115.466743469238,NA,NA
Antigua and Barbuda,AG,ATG,2001,Latin America & Caribbean,High income,15003.4389169034,75.108,76069,8.89929,NA,NA,NA
Antigua and Barbuda,AG,ATG,2002,Latin America & Caribbean,High income,14968.0703013883,75.237,77032,12.5,NA,NA,NA
Antigua and Barbuda,AG,ATG,2009,Latin America & Caribbean,High income,17746.700856041,76.386,84173,42,118.682388305664,NA,NA
Antigua and Barbuda,AG,ATG,2018,Latin America & Caribbean,High income,18042.1596435727,77.132,90926,72.9637,121.685249328613,NA,NA
Antigua and Barbuda,AG,ATG,2022,Latin America & Caribbean,High income,17456.8722243104,77.483,92840,77.1648,107.799908772997,NA,NA
Antigua and Barbuda,AG,ATG,2014,Latin America & Caribbean,High income,15967.284996712,76.912,88765,67.78,115.270439147949,NA,NA
Antigua and Barbuda,AG,ATG,2012,Latin America & Caribbean,High income,15989.3900199779,77.1,87260,58,117.228363037109,NA,NA
Antigua and Barbuda,AG,ATG,2013,Latin America & Caribbean,High income,15748.1952024226,77.05,88064,63.4,NA,NA,NA
Antigua and Barbuda,AG,ATG,2016,Latin America & Caribbean,High income,16635.895232831,76.968,89969,70.9743,NA,NA,NA
Antigua and Barbuda,AG,ATG,2000,Latin America & Caribbean,High income,15961.0918359058,74.819,74912,6.48223,80.2067489624023,NA,NA
Antigua and Barbuda,AG,ATG,2020,Latin America & Caribbean,High income,14950.8942397208,77.161,91846,75.0089,NA,NA,NA
Antigua and Barbuda,AG,ATG,2008,Latin America & Caribbean,High income,20464.786306605,76.075,82912,38,122.261581420898,NA,NA
Antigua and Barbuda,AG,ATG,2005,Latin America & Caribbean,High income,17301.2134317518,75.364,79611,27,NA,NA,NA
Antigua and Barbuda,AG,ATG,2019,Latin America & Caribbean,High income,18525.2588907167,77.168,91364,73.9792,NA,NA,NA
Antigua and Barbuda,AG,ATG,2017,Latin America & Caribbean,High income,16992.9327495236,77.03,90468,71.9621,117.209930419922,NA,NA
Antigua and Barbuda,AG,ATG,2021,Latin America & Caribbean,High income,16084.7214406048,77.197,92349,76.0528,NA,NA,NA
Antigua and Barbuda,AG,ATG,2015,Latin America & Caribbean,High income,16077.6340769406,76.892,89409,70,117.55770111084,NA,NA
Antigua and Barbuda,AG,ATG,2004,Latin America & Caribbean,High income,16433.4130541483,75.329,78719,24.2665,NA,NA,NA
Argentina,AR,ARG,2018,Latin America & Caribbean,Upper middle income,13058.3285449954,76.77,44654882,77.7,109.671241760254,9.22,41.7
Argentina,AR,ARG,2005,Latin America & Caribbean,Upper middle income,11099.7509190602,75.231,39216789,17.7206,93.6376724243164,11.506,47.8
Argentina,AR,ARG,2014,Latin America & Caribbean,Upper middle income,13456.1319159151,76.268,43024071,64.7,106.038902282715,7.268,41.8
Argentina,AR,ARG,2007,Latin America & Caribbean,Upper middle income,12811.9021206578,74.783,40016763,25.9466,92.1874084472656,8.47,46.3
Argentina,AR,ARG,2004,Latin America & Caribbean,Upper middle income,10302.4465316428,74.871,38815916,16.0367,95.4575576782227,13.522,48.5
Argentina,AR,ARG,2006,Latin America & Caribbean,Upper middle income,11870.2791559298,75.279,39622115,20.9272,92.4075775146484,10.078,46.4
Argentina,AR,ARG,2009,Latin America & Caribbean,Upper middle income,12285.3784651865,75.577,40854831,34,96.4056777954102,8.645,43.8
Argentina,AR,ARG,2020,Latin America & Caribbean,Upper middle income,11393.0505957877,75.878,45191965,85.5144,112.376731872559,11.461,42.7
Argentina,AR,ARG,2010,Latin America & Caribbean,Upper middle income,13387.155374845801,75.68,41288694,45,99.0709991455078,7.714,43.7
Argentina,AR,ARG,2017,Latin America & Caribbean,Upper middle income,13520.1129846159,76.543,44288894,74.2949,110.377799987793,8.347,41.4
Argentina,AR,ARG,2003,Latin America & Caribbean,Upper middle income,9545.53194119994,74.307,38424282,11.9137,96.0464477539062,15.36,51
Argentina,AR,ARG,2015,Latin America & Caribbean,Upper middle income,13679.6264980954,76.6,43477012,68.0431,107.504867553711,7.577,NA
Argentina,AR,ARG,2012,Latin America & Caribbean,Upper middle income,13754.4254235596,75.802,42161721,55.8,102.709991455078,7.217,41.4
Argentina,AR,ARG,2016,Latin America & Caribbean,Upper middle income,13265.8860639123,76.105,43900313,70.969,109.598327636719,8.088,42.3
Argentina,AR,ARG,2019,Latin America & Caribbean,Upper middle income,12706.3978108968,76.847,44973465,79.947,110.460151672363,9.843,43.3
Argentina,AR,ARG,2011,Latin America & Caribbean,Upper middle income,14040.6189124444,76.1,41730660,51,100.884559631348,7.18,42.7
Argentina,AR,ARG,2022,Latin America & Caribbean,Upper middle income,13276.8232110189,75.806,45407904,88.3754,114.14811706543,6.805,40.7
Argentina,AR,ARG,2008,Latin America & Caribbean,Upper middle income,13197.3570267029,75.428,40424148,28.1126,93.183219909668,7.837,45
Argentina,AR,ARG,2002,Latin America & Caribbean,Upper middle income,8861.56199282278,74.312,38029349,10.8821,96.9965667724609,19.59,53.8
Argentina,AR,ARG,2000,Latin America & Caribbean,Upper middle income,10631.6503639029,73.91,37213984,7.03868,96.2141189575195,15,51
Argentina,AR,ARG,2021,Latin America & Caribbean,Upper middle income,12549.2811699342,73.948,45312281,87.1507,115.735778808594,8.736,42.4
Argentina,AR,ARG,2013,Latin America & Caribbean,Upper middle income,13946.0950832252,75.829,42582455,59.9,104.540863037109,7.1,41.1
Argentina,AR,ARG,2001,Latin America & Caribbean,Upper middle income,10051.9448463043,74.154,37624825,9.78081,97.6240463256836,17.32,53.3
Armenia,AM,ARM,2020,Europe & Central Asia,Upper middle income,4032.09043454955,73.3756097560976,2961500,76.5077,88.5080298201293,18.175,25.1
Armenia,AM,ARM,2005,Europe & Central Asia,Upper middle income,2240.09273209788,73.0756097560976,3146400,5.25298,92.0563430786133,10.584,36
Armenia,AM,ARM,2004,Europe & Central Asia,Upper middle income,1955.22262459229,73.0268292682927,3164900,4.89901,88.6511611938477,10.676,37.5
Armenia,AM,ARM,2006,Europe & Central Asia,Upper middle income,2551.43546358452,72.8243902439025,3127100,5.63179,95.2676467895508,10.497,29.7
Armenia,AM,ARM,2019,Europe & Central Asia,Upper middle income,4343.45839583019,76.2219512195122,2962500,66.5439,86.8260633029699,18.304,30
Armenia,AM,ARM,2017,Europe & Central Asia,Upper middle income,3815.3747426037,75.2170731707317,2979400,64.7449,NA,17.704,33.6
Armenia,AM,ARM,2003,Europe & Central Asia,Upper middle income,1759.64684829386,72.8268292682927,3182500,4.57522,NA,10.769,33
Armenia,AM,ARM,2001,Europe & Central Asia,Upper middle income,1351.12072694555,72.9756097560976,3211800,1.63109,86.7833099365234,11.012,35.4
Armenia,AM,ARM,2018,Europe & Central Asia,Upper middle income,4027.83393010979,75.619512195122,2969000,68.2451,83.0249410833595,18.966,34.4
Armenia,AM,ARM,2022,Europe & Central Asia,Upper middle income,4791.00481712183,74.7658536585366,2969200,77.0277,91.7106609922965,13.451,27.9
Armenia,AM,ARM,2000,Europe & Central Asia,Upper middle income,1229.21510436102,72.8804878048781,3221100,1.30047,86.0512008666992,11.107,NA
Armenia,AM,ARM,2008,Europe & Central Asia,Upper middle income,3141.33193500774,73.0731707317073,3087100,6.21,96.5329437255859,17.1,29.2
Armenia,AM,ARM,2021,Europe & Central Asia,Upper middle income,4264.79961505187,72.2780487804878,2962300,78.6123,91.4853735120921,15.469,27.9
Armenia,AM,ARM,2016,Europe & Central Asia,Upper middle income,3533.88503607007,74.8682926829268,2992300,64.346,NA,17.617,32.5
Armenia,AM,ARM,2014,Europe & Central Asia,Upper middle income,3393.09252326884,74.8731707317073,3013800,54.6228,86.5204010009766,17.498,31.5
Armenia,AM,ARM,2013,Europe & Central Asia,Upper middle income,3266.29882999873,74.6219512195122,3022000,41.9,86.8721923828125,16.576,30.6
Armenia,AM,ARM,2007,Europe & Central Asia,Upper middle income,2919.3734936373,72.8731707317073,3107400,6.02125,96.8182601928711,10.394,31.2
Armenia,AM,ARM,2015,Europe & Central Asia,Upper middle income,3512.39350276709,74.8707317073171,3004600,59.1008,86.442138671875,18.261,32.4
Armenia,AM,ARM,2012,Europe & Central Asia,Upper middle income,3159.75860786889,74.119512195122,3024100,37.5,NA,17.511,29.6
Armenia,AM,ARM,2011,Europe & Central Asia,Upper middle income,2943.83687119315,73.8170731707317,3027900,32,94.8774032592773,18.884,29.4
Armenia,AM,ARM,2009,Europe & Central Asia,Upper middle income,2716.97436280471,73.0731707317073,3066000,15.3,102.957763671875,19.295,28
Armenia,AM,ARM,2002,Europe & Central Asia,Upper middle income,1535.20452885187,72.8268292682927,3199800,1.96041,NA,10.888,34.8
Armenia,AM,ARM,2010,Europe & Central Asia,Upper middle income,2796.08143428043,73.1731707317073,3044800,25,107.732391357422,19.523,30
Aruba,AW,ABW,2009,Latin America & Caribbean,High income,26204.0597361984,73.974,101604,58,99.1602172851562,NA,NA
Aruba,AW,ABW,2004,Latin America & Caribbean,High income,29959.7748189582,73.223,95138,23,100.940940856934,NA,NA
Aruba,AW,ABW,2019,Latin America & Caribbean,High income,29699.1805366222,76.019,109203,NA,139.320587158203,NA,NA
Aruba,AW,ABW,2008,Latin America & Caribbean,High income,29870.6648077005,73.783,100917,52,97.0627517700195,NA,NA
Aruba,AW,ABW,2005,Latin America & Caribbean,High income,29081.706699789702,73.415,97635,25.4,99.2053527832031,NA,NA
Aruba,AW,ABW,2003,Latin America & Caribbean,High income,28525.8077063839,73.236,93128,20.8,101.929069519043,NA,NA
Aruba,AW,ABW,2018,Latin America & Caribbean,High income,29419.208623316,75.88,108908,NA,137.829788208008,NA,NA
Aruba,AW,ABW,2010,Latin America & Caribbean,High income,25429.2180974853,74.297,101838,62,98.2207412719727,NA,NA
Aruba,AW,ABW,2000,Latin America & Caribbean,High income,28104.8954362859,72.939,90588,15.4428,NA,NA,NA
Aruba,AW,ABW,2011,Latin America & Caribbean,High income,26093.0542083227,74.578,102591,69,96.633918762207,NA,NA
Aruba,AW,ABW,2001,Latin America & Caribbean,High income,29007.7386958774,73.044,91439,17.1,97.5565338134766,NA,NA
Aruba,AW,ABW,2022,Latin America & Caribbean,High income,29195.2670227422,76.226,107310,NA,131.802169799805,NA,NA
Aruba,AW,ABW,2007,Latin America & Caribbean,High income,29556.838468655402,73.642,100150,30.9,106.236473083496,NA,NA
Aruba,AW,ABW,2006,Latin America & Caribbean,High income,28885.9118700469,73.498,99405,28,99.8657531738281,NA,NA
Aruba,AW,ABW,2017,Latin America & Caribbean,High income,28548.8904317739,75.62,108735,97.17,NA,NA,NA
Aruba,AW,ABW,2021,Latin America & Caribbean,High income,26292.9179363154,73.655,107700,NA,123.625907897949,NA,NA
Aruba,AW,ABW,2020,Latin America & Caribbean,High income,22729.8897593533,75.406,108587,NA,135.124725341797,NA,NA
Aruba,AW,ABW,2012,Latin America & Caribbean,High income,25444.7336646687,74.841,104110,74,108.976188659668,NA,NA
Aruba,AW,ABW,2013,Latin America & Caribbean,High income,26680.1411206342,75.072,105675,78.9,NA,NA,NA
Aruba,AW,ABW,2014,Latin America & Caribbean,High income,26773.8226808518,75.261,106807,83.78,NA,NA,NA
Aruba,AW,ABW,2002,Latin America & Caribbean,High income,28535.4639480222,73.135,92074,18.8,100.163063049316,NA,NA
Aruba,AW,ABW,2016,Latin America & Caribbean,High income,27587.2498040483,75.54,108727,93.5425,NA,NA,NA
Aruba,AW,ABW,2015,Latin America & Caribbean,High income,27458.2201537506,75.405,107906,88.6612,NA,NA,NA
Australia,AU,AUS,2015,East Asia & Pacific,High income,56970.3613028094,82.4,23815995,84.5605,159.110763549805,6.055,NA
Australia,AU,AUS,2014,East Asia & Pacific,High income,56571.8062524437,82.3,23475686,84,NA,6.078,34.4
Australia,AU,AUS,2019,East Asia & Pacific,High income,59181.2997904131,82.9,25334826,93.6099,144.056564331055,5.143,NA
Australia,AU,AUS,2017,East Asia & Pacific,High income,57991.771347333,82.5,24592588,86.545,153.576126098633,5.592,NA
Australia,AU,AUS,2013,East Asia & Pacific,High income,55966.1509270561,82.1487804878049,23128129,83.4535,NA,5.663,NA
Australia,AU,AUS,2012,East Asia & Pacific,High income,55465.4462872577,82.0463414634146,22733465,79,NA,5.225,NA
Australia,AU,AUS,2016,East Asia & Pacific,High income,57632.9995925594,82.4487804878049,24190907,86.54,155.594390869141,5.711,33.7
Australia,AU,AUS,2010,East Asia & Pacific,High income,53768.349733441,81.6951219512195,22031750,76,NA,5.214,34.7
Australia,AU,AUS,2021,East Asia & Pacific,High income,59465.535671364,83.3,25685412,96.9722,135.526565551758,5.022,NA
Australia,AU,AUS,2018,East Asia & Pacific,High income,58772.7063152213,82.7487804878049,24963258,90,136.105545043945,5.345,34.3
Australia,AU,AUS,2002,East Asia & Pacific,High income,47599.4079289312,79.9365853658537,19495210,NA,NA,6.375,NA
Australia,AU,AUS,2020,East Asia & Pacific,High income,58377.7670517802,83.2,25649248,94.6935,137.490737915039,6.394,33.8
Australia,AU,AUS,2009,East Asia & Pacific,High income,53430.5274781651,81.5439024390244,21691653,74.25,NA,5.565,NA
Australia,AU,AUS,2011,East Asia & Pacific,High income,54296.2321324814,81.8951219512195,22340024,79.4877,NA,5.083,NA
Australia,AU,AUS,2004,East Asia & Pacific,High income,50018.5904483861,80.490243902439,19932722,NA,NA,5.399,33.1
Australia,AU,AUS,2022,East Asia & Pacific,High income,61200.4588964781,83.2,26018721,97.0424,133.277267456055,3.728,NA
Australia,AU,AUS,2000,East Asia & Pacific,High income,45979.0765654048,79.2341463414634,19028802,46.756100000000004,NA,6.288,NA
Australia,AU,AUS,2003,East Asia & Pacific,High income,48509.6632180363,80.2390243902439,19720737,NA,NA,5.933,33.5
Australia,AU,AUS,2001,East Asia & Pacific,High income,46314.6235297968,79.6341463414634,19274701,52.6893,NA,6.747,33.5
Australia,AU,AUS,2007,East Asia & Pacific,High income,52671.325846724,81.2926829268293,20827622,69.45,NA,4.381,NA
Australia,AU,AUS,2008,East Asia & Pacific,High income,53497.275355342,81.3951219512195,21249199,71.67,NA,4.242,35.4
Australia,AU,AUS,2005,East Asia & Pacific,High income,50972.640519744,80.8414634146341,20176844,63,NA,5.036,NA
Australia,AU,AUS,2006,East Asia & Pacific,High income,51682.8925230537,81.0414634146342,20450966,66,NA,4.785,NA
Austria,AT,AUT,2002,Europe & Central Asia,High income,39313.7225107545,78.6780487804878,8081957,36.56,98.9512710571289,4.852,NA
Austria,AT,AUT,2005,Europe & Central Asia,High income,40989.0131778975,79.3317073170732,8227829,58,100.199432373047,5.682,28.7
Austria,AT,AUT,2016,Europe & Central Asia,High income,44362.6702805116,81.6414634146342,8736668,84.3237,100.227989196777,6.064,30.8
Austria,AT,AUT,2007,Europe & Central Asia,High income,43568.8302243941,80.1804878048781,8295487,69.37,100.102569580078,4.909,30.6
Austria,AT,AUT,2015,Europe & Central Asia,High income,43915.228020857,81.190243902439,8642699,83.9401,101.411582946777,5.802,30.5
Austria,AT,AUT,2017,Europe & Central Asia,High income,45056.6385912412,81.6439024390244,8797566,87.9356,100.337898254395,5.561,29.7
Austria,AT,AUT,2006,Europe & Central Asia,High income,42120.1557002022,79.8804878048781,8268641,63.6,100.416679382324,5.32,29.6
Austria,AT,AUT,2004,Europe & Central Asia,High income,40333.3307183894,79.1804878048781,8171966,54.28,99.2856369018555,5.969,29.8
Austria,AT,AUT,2008,Europe & Central Asia,High income,44063.8642019916,80.4317073170732,8321496,72.87,100.126129150391,4.198,30.4
Austria,AT,AUT,2018,Europe & Central Asia,High income,45951.5819164034,81.6926829268293,8840521,87.4791,100.692596435547,4.933,30.8
Austria,AT,AUT,2019,Europe & Central Asia,High income,46550.5622459492,81.8951219512195,8879920,87.7522,101.543632507324,4.56,30.2
Austria,AT,AUT,2009,Europe & Central Asia,High income,42372.4758254763,80.3317073170732,8343323,73.45,100.594093322754,5.371,31.5
Austria,AT,AUT,2003,Europe & Central Asia,High income,39569.2885567329,78.6317073170732,8121423,42.7,99.3974533081055,4.779,29.5
Austria,AT,AUT,2001,Europe & Central Asia,High income,38929.753800545,78.5756097560976,8042293,39.1855,98.8608627319336,4.007,NA
Austria,AT,AUT,2011,Europe & Central Asia,High income,44146.1956805294,80.9829268292683,8391643,78.74,99.6729583740234,4.637,30.8
Austria,AT,AUT,2000,Europe & Central Asia,High income,38571.0858780001,78.1268292682927,8011566,33.7301,98.6123428344727,4.687,29
Austria,AT,AUT,2020,Europe & Central Asia,High income,43428.6983137234,81.1926829268293,8916864,87.5294,101.690559387207,5.201,29.8
Austria,AT,AUT,2010,Europe & Central Asia,High income,43035.4073531933,80.5804878048781,8363404,75.17,100.263969421387,4.883,30.3
Austria,AT,AUT,2014,Europe & Central Asia,High income,43838.8345892137,81.490243902439,8546356,80.9958,101.304809570312,5.674,30.5
Austria,AT,AUT,2012,Europe & Central Asia,High income,44221.4599530893,80.9365853658537,8429991,80.03,100.108726501465,4.909,30.5
Austria,AT,AUT,2013,Europe & Central Asia,High income,43851.3675497404,81.1365853658537,8479823,80.6188,101.173210144043,5.367,30.8
Austria,AT,AUT,2022,Europe & Central Asia,High income,47332.4240357971,81.2951219512195,9041851,93.6141,101.458000183105,4.992,30.9
Austria,AT,AUT,2021,Europe & Central Asia,High income,45368.6434337368,81.190243902439,8955797,92.5292,102.307662963867,6.459,30.7
Azerbaijan,AZ,AZE,2011,Europe & Central Asia,Upper middle income,5149.20665913206,70.565,9173082,50,82.9176205382172,5.42,NA
Azerbaijan,AZ,AZE,2012,Europe & Central Asia,Upper middle income,5193.17501119552,71.08,9295784,54.2,82.762274922741,5.19,NA
Azerbaijan,AZ,AZE,2010,Europe & Central Asia,Upper middle income,5300.11048729062,70.309,9054332,46,83.0853181521079,5.63,NA
Azerbaijan,AZ,AZE,2020,Europe & Central Asia,Upper middle income,5087.50022783627,70.312,10093121,84.6,91.365513501165,7.24,NA
Azerbaijan,AZ,AZE,2015,Europe & Central Asia,Upper middle income,5500.50364628486,72.349,9649341,77,84.8098586425184,4.96,NA
Azerbaijan,AZ,AZE,2013,Europe & Central Asia,Upper middle income,5425.99559780578,71.485,9416801,73,83.1376553563209,4.97,NA
Azerbaijan,AZ,AZE,2006,Europe & Central Asia,Upper middle income,3556.83212858133,68.489,8484550,11.9922,NA,6.62,NA
Azerbaijan,AZ,AZE,2022,Europe & Central Asia,Upper middle income,5599.58524971025,74.125,10141756,88,90.9530364179442,5.65,NA
Azerbaijan,AZ,AZE,2009,Europe & Central Asia,Upper middle income,5118.43395494687,69.874,8947243,27.4,NA,5.74,NA
Azerbaijan,AZ,AZE,2007,Europe & Central Asia,Upper middle income,4412.20326117932,68.659,8581300,14.54,NA,6.33,NA
Azerbaijan,AZ,AZE,2016,Europe & Central Asia,Upper middle income,5272.71817141861,72.568,9757812,78.2,86.5856935803605,5,NA
Azerbaijan,AZ,AZE,2014,Europe & Central Asia,Upper middle income,5508.60265612676,71.93,9535079,75,83.4386600193183,4.91,NA
Azerbaijan,AZ,AZE,2008,Europe & Central Asia,Upper middle income,4778.12452736673,69.355,8763400,17.08,NA,5.86,NA
Azerbaijan,AZ,AZE,2018,Europe & Central Asia,Upper middle income,5261.92938234432,73.016,9939771,79.8,108.488781124,4.9,NA
Azerbaijan,AZ,AZE,2003,Europe & Central Asia,Upper middle income,1949.60608417331,67.036,8234100,NA,NA,9.17,26.8
Azerbaijan,AZ,AZE,2017,Europe & Central Asia,Upper middle income,5229.25259993413,72.694,9854033,79,89.2625164667822,5,NA
Azerbaijan,AZ,AZE,2004,Europe & Central Asia,Upper middle income,2111.4533834475,67.488,8306500,NA,NA,7.99,26.6
Azerbaijan,AZ,AZE,2021,Europe & Central Asia,Upper middle income,5349.58226071425,70.999,10137750,86,91.4106367606057,6.04,NA
Azerbaijan,AZ,AZE,2000,Europe & Central Asia,Upper middle income,1504.73106706035,65.377,8048600,0.147758,NA,11.78,NA
Azerbaijan,AZ,AZE,2019,Europe & Central Asia,Upper middle income,5346.95318604114,73.29,10024283,81.1,107.863960509557,5,NA
Azerbaijan,AZ,AZE,2005,Europe & Central Asia,Upper middle income,2674.3688564996,67.71,8391850,8.03038,NA,7.26,26.6
Azerbaijan,AZ,AZE,2001,Europe & Central Asia,Upper middle income,1640.93664540398,66.043,8111200,0.305565,NA,10.91,36.5
Azerbaijan,AZ,AZE,2002,Europe & Central Asia,Upper middle income,1782.47319183639,66.769,8171950,4.99971,NA,10.04,25.3
"Bahamas, The",BS,BHS,2001,Latin America & Caribbean,High income,32870.0918307285,72.765,327836,11.8,NA,6.87,NA
"Bahamas, The",BS,BHS,2022,Latin America & Caribbean,High income,32186.4575039237,74.491,397538,94.7326,NA,9.25,NA
"Bahamas, The",BS,BHS,2000,Latin America & Caribbean,High income,32424.7271786716,72.481,323835,8,NA,7.118,NA
"Bahamas, The",BS,BHS,2019,Latin America & Caribbean,High income,31117.6299132391,71.408,394675,90.6933,78.566734376867,9.336,NA
"Bahamas, The",BS,BHS,2009,Latin America & Caribbean,High income,30581.3342198488,73.455,362810,33.88,89.0210571289062,14.25,NA
"Bahamas, The",BS,BHS,2002,Latin America & Caribbean,High income,33374.602685914,73.023,331614,18,93.4659576416016,9.05,NA
"Bahamas, The",BS,BHS,2021,Latin America & Caribbean,High income,29114.0597726386,70.752,396373,94.3479,72.6381880061026,11.078,NA
"Bahamas, The",BS,BHS,2018,Latin America & Caribbean,High income,31537.2423841956,74.062,392717,83,80.8808929269834,10,NA
"Bahamas, The",BS,BHS,2006,Latin America & Caribbean,High income,33541.850748701,73.456,348375,26,86.5019989013672,7.54,NA
"Bahamas, The",BS,BHS,2004,Latin America & Caribbean,High income,32444.0739567569,73.235,339782,22,85.4551467895508,10.2,NA
"Bahamas, The",BS,BHS,2020,Latin America & Caribbean,High income,24791.6704945106,72.994,395863,92.4437,NA,12.016,NA
"Bahamas, The",BS,BHS,2005,Latin America & Caribbean,High income,33144.7878790275,73.413,343894,25,86.3187637329102,10.2,NA
"Bahamas, The",BS,BHS,2016,Latin America & Caribbean,High income,30152.1619246021,74.042,388055,80,85.0686327399149,12.7,NA
"Bahamas, The",BS,BHS,2007,Latin America & Caribbean,High income,33549.3360007274,73.463,353334,27,89.3580932617188,7.88,NA
"Bahamas, The",BS,BHS,2003,Latin America & Caribbean,High income,32559.311554898,73.213,335618,20,NA,10.84,NA
"Bahamas, The",BS,BHS,2017,Latin America & Caribbean,High income,30974.7477261317,74.031,390485,80.6,92.6182585115999,9.8,NA
"Bahamas, The",BS,BHS,2014,Latin America & Caribbean,High income,30658.5344563722,74.029,382298,76.92,91.6218404766036,13.8,NA
"Bahamas, The",BS,BHS,2010,Latin America & Caribbean,High income,30657.4319059659,73.449,367478,43,91.0886370856719,14.435,NA
"Bahamas, The",BS,BHS,2011,Latin America & Caribbean,High income,30492.6738528071,73.571,371729,65,89.2416368950958,14.52,NA
"Bahamas, The",BS,BHS,2008,Latin America & Caribbean,High income,32331.8246135092,73.445,358120,31.54,89.3178863525391,8.18,NA
"Bahamas, The",BS,BHS,2012,Latin America & Caribbean,High income,31553.4919490645,73.707,375469,71.7482,92.1807628524046,14.02,NA
"Bahamas, The",BS,BHS,2015,Latin America & Caribbean,High income,30719.405417469,73.805,385346,78,76.0440338812974,12,NA
"Bahamas, The",BS,BHS,2013,Latin America & Caribbean,High income,30368.2631244189,73.93,378953,72,84.6595407759303,16.18,NA
Bahrain,BH,BHR,2000,Middle East & North Africa,High income,25407.9694054552,74.673,637582,6.15373,91.4384078979492,1.081,NA
Bahrain,BH,BHR,2012,Middle East & North Africa,High income,23894.8804447088,79.622,1208964,88,98.4732914840696,1.2,NA
Bahrain,BH,BHR,2008,Middle East & North Africa,High income,23127.2148040048,77.457,1103496,51.95,89.0208892822266,1.015,NA
Bahrain,BH,BHR,2007,Middle East & North Africa,High income,23112.4888058398,76.952,1039295,32.91,NA,1.006,NA
Bahrain,BH,BHR,2001,Middle East & North Africa,High income,25106.2869742612,74.942,661316,15.0386,92.7467269897461,1.118,NA
Bahrain,BH,BHR,2002,Middle East & North Africa,High income,24149.0156013799,75.209,710553,18.0507,85.6890182495117,1.137,NA
Bahrain,BH,BHR,2013,Middle East & North Africa,High income,24271.6278814506,79.998,1253191,90,107.610472634995,1.184,NA
Bahrain,BH,BHR,2003,Middle East & North Africa,High income,23857.6403579769,75.486,764517,21.5549,81.412971496582,1.126,NA
Bahrain,BH,BHR,2006,Middle East & North Africa,High income,23095.0181330228,76.51,960424,28.244,83.5526885986328,1.021,NA
Bahrain,BH,BHR,2011,Middle East & North Africa,High income,23288.0449398313,79.141,1195020,77,93.2938990893653,1.21,NA
Bahrain,BH,BHR,2009,Middle East & North Africa,High income,22206.9371985225,78.016,1178415,53,90.1288833618164,1.07,NA
Bahrain,BH,BHR,2022,Middle East & North Africa,High income,25234.40256182,80.992,1524693,100,103.393222951005,1.265,NA
Bahrain,BH,BHR,2005,Middle East & North Africa,High income,23439.6704353038,76.125,888822,21.3037,81.2799224853516,1.021,NA
Bahrain,BH,BHR,2014,Middle East & North Africa,High income,24135.4991304849,80.214,1314562,90.5031,104.203846916518,1.144,NA
Bahrain,BH,BHR,2015,Middle East & North Africa,High income,23734.0551143019,80.338,1370322,93.4783,100.303914816394,1.164,NA
Bahrain,BH,BHR,2021,Middle East & North Africa,High income,24086.7847803428,78.083,1504365,100,NA,1.548,NA
Bahrain,BH,BHR,2017,Middle East & North Africa,High income,23606.8867501313,80.407,1501116,95.8781,100.923412884105,1.18,NA
Bahrain,BH,BHR,2004,Middle East & North Africa,High income,23688.1121059225,75.787,823741,21.4587,80.4924011230469,1.064,NA
Bahrain,BH,BHR,2010,Middle East & North Africa,High income,22224.0736166249,78.593,1228543,55,90.1969414818577,1.13,NA
Bahrain,BH,BHR,2016,Middle East & North Africa,High income,23715.2791328712,80.407,1423726,98,100.583649344321,1.19,NA
Bahrain,BH,BHR,2018,Middle East & North Africa,High income,24059.7838641562,80.412,1503091,98.6447,100.701887411111,1.188,NA
Bahrain,BH,BHR,2020,Middle East & North Africa,High income,23586.9309581516,78.683,1472204,99.671,NA,1.765,NA
Bahrain,BH,BHR,2019,Middle East & North Africa,High income,24873.6640060134,80.471,1483756,99.7015,102.128281941881,1.217,NA
Bangladesh,BD,BGD,2018,South Asia,Lower middle income,1462.25050255713,72.122,163523103,25.6,65.2714888764112,4.439,NA
Bangladesh,BD,BGD,2000,South Asia,Lower middle income,620.560472822105,62.049,134544304,0.0710394,46.7210006713867,3.27,33.4
Bangladesh,BD,BGD,2021,South Asia,Lower middle income,1702.08028414189,71.103,167658854,38.9174,66.8282318620991,5.457,NA
Bangladesh,BD,BGD,2017,South Asia,Lower middle income,1373.75363740186,71.606,162186147,21.5,62.3408639225315,4.372,NA
Bangladesh,BD,BGD,2019,South Asia,Lower middle income,1564.20802445636,72.625,164913055,30.4,65.1185413488915,4.504,NA
Bangladesh,BD,BGD,2002,South Asia,Lower middle income,655.672139362272,63.591,138933658,0.13992,49.6199493408203,3.966,NA
Bangladesh,BD,BGD,2003,South Asia,Lower middle income,676.826252046427,64.288,140970351,0.163878,49.5259017944336,4.32,NA
Bangladesh,BD,BGD,2022,South Asia,Lower middle income,1804.3493461776,74.265,169384897,41.6165,67.0384586440383,4.593,30.9
Bangladesh,BD,BGD,2020,South Asia,Lower middle income,1604.6659234742,71.421,166298024,36.1091,66.4329548486639,5.539,NA
Bangladesh,BD,BGD,2013,South Asia,Lower middle income,1103.15695907123,69.487,156532141,6.63,55.6214332189314,4.426,NA
Bangladesh,BD,BGD,2016,South Asia,Lower middle income,1299.83091360792,71.075,160811932,18.1,64.1664546117285,4.35,32.4
Bangladesh,BD,BGD,2015,South Asia,Lower middle income,1224.38647668165,70.543,159383179,12.9,59.4217414855957,4.397,NA
Bangladesh,BD,BGD,2001,South Asia,Lower middle income,641.288922876274,62.836,136805810,0.129808,48.4609718322754,3.609,NA
Bangladesh,BD,BGD,2004,South Asia,Lower middle income,702.656357081873,64.912,142902856,0.199036,46.3084297180176,4.316,NA
Bangladesh,BD,BGD,2006,South Asia,Lower middle income,779.419570444998,66.048,146405973,1,45.7007904052734,3.591,NA
Bangladesh,BD,BGD,2014,South Asia,Lower middle income,1159.40753475981,70.016,157964929,11.9,NA,4.417,NA
Bangladesh,BD,BGD,2007,South Asia,Lower middle income,825.508229964537,66.458,147989278,1.8,46.4658813476562,4.015,NA
Bangladesh,BD,BGD,2010,South Asia,Lower middle income,943.66422864236,68.009,152201981,3.7,49.5031106793162,3.379,32.1
Bangladesh,BD,BGD,2012,South Asia,Lower middle income,1050.39140404066,68.989,155070101,5,51.6718482971191,4.07,NA
Bangladesh,BD,BGD,2011,South Asia,Lower middle income,995.579947155662,68.499,153591076,4.5,49.7515496494472,3.737,NA
Bangladesh,BD,BGD,2008,South Asia,Lower middle income,866.45815762135,67.047,149474264,2.5,44.5729598999023,4.49,NA
Bangladesh,BD,BGD,2009,South Asia,Lower middle income,901.729626251937,67.527,150873714,3.1,48.1255798339844,5,NA
Bangladesh,BD,BGD,2005,South Asia,Lower middle income,739.203718353409,65.509,144715786,0.241637,45.1695098876953,4.25,33.2
Barbados,BB,BRB,2008,Latin America & Caribbean,High income,23887.7289633459,75.3,272714,61.4,110.919006347656,8.12,NA
Barbados,BB,BRB,2012,Latin America & Caribbean,High income,21036.3003366556,75.737,276938,71.2,NA,11.59,NA
Barbados,BB,BRB,2014,Latin America & Caribbean,High income,20713.7670210437,75.926,278348,71.9,108.186309814453,12.17,NA
Barbados,BB,BRB,2005,Latin America & Caribbean,High income,22250.0263806215,74.96,268706,52.5,108.776031494141,9.08,NA
Barbados,BB,BRB,2013,Latin America & Caribbean,High income,20609.6076272963,75.816,277665,71.8,NA,11.55,NA
Barbados,BB,BRB,2011,Latin America & Caribbean,High income,21842.8635599786,75.599,276139,66.5,107.300071716309,11.19,NA
Barbados,BB,BRB,2009,Latin America & Caribbean,High income,22572.5926053677,75.458,274123,64.7,110.282241821289,10.02,NA
Barbados,BB,BRB,2007,Latin America & Caribbean,High income,23862.135352962,75.263,271288,58.2,109.740669250488,7.41,NA
Barbados,BB,BRB,2001,Latin America & Caribbean,High income,20985.2828573064,74.707,262425,11.9365,108.259826660156,9.85,NA
Barbados,BB,BRB,2020,Latin America & Caribbean,High income,17519.837062872,76.647,281698,76.002,104.318992614746,10.586,NA
Barbados,BB,BRB,2010,Latin America & Caribbean,High income,21982.1839041348,75.488,275243,65.1,107.682540893555,10.69,NA
Barbados,BB,BRB,2000,Latin America & Caribbean,High income,21523.3992235883,74.58,262063,3.97368,107.564750671387,9.35,NA
Barbados,BB,BRB,2022,Latin America & Caribbean,High income,20472.9494048647,75.676,282318,79.4451,104.222328186035,7.261,NA
Barbados,BB,BRB,2015,Latin America & Caribbean,High income,20424.2087530019,76.055,278990,72,108.196029663086,9.803,NA
Barbados,BB,BRB,2021,Latin America & Caribbean,High income,17475.0281776857,76.58,282147,77.8697,103.569473266602,11.015,NA
Barbados,BB,BRB,2006,Latin America & Caribbean,High income,23487.4418767503,75.049,270002,55.3,107.878128051758,8.73,NA
Barbados,BB,BRB,2003,Latin America & Caribbean,High income,21338.1720739511,74.865,265776,39.6896,107.189636230469,11,NA
Barbados,BB,BRB,2019,Latin America & Caribbean,High income,20494.3871602646,76.495,281207,74.1791,106.086326599121,8.41,NA
Barbados,BB,BRB,2002,Latin America & Caribbean,High income,21012.5595449081,74.82,264148,27.8363,107.798782348633,10.32,NA
Barbados,BB,BRB,2017,Latin America & Caribbean,High income,20788.7046543161,76.237,280171,72.3,109.804237365723,8.62,NA
Barbados,BB,BRB,2018,Latin America & Caribbean,High income,20483.9550976366,76.378,280711,72.4,108.216751098633,8.321,NA
Barbados,BB,BRB,2004,Latin America & Caribbean,High income,21516.1662922098,75.15,267298,49.8,108.061492919922,9.57,NA
Barbados,BB,BRB,2016,Latin America & Caribbean,High income,20684.7801825176,76.168,279598,72.2,108.310737609863,8.247,34.1
Belarus,BY,BLR,2020,Europe & Central Asia,Upper middle income,6251.98898968645,72.1385609756098,9379952,85.0879,100.575710351095,4.049,24.4
Belarus,BY,BLR,2001,Europe & Central Asia,Upper middle income,2753.0336970697,68.5073170731707,9928549,4.30062,NA,11.561,30.6
Belarus,BY,BLR,2018,Europe & Central Asia,Upper middle income,6165.91320019277,74.1756097560976,9438785,79.1299,101.596010989492,4.763,25.2
Belarus,BY,BLR,2019,Europe & Central Asia,Upper middle income,6267.73508743505,74.2268292682927,9419758,82.7892,100.438744155791,4.165,25.3
Belarus,BY,BLR,2013,Europe & Central Asia,Upper middle income,6115.43288098707,72.4707317073171,9443211,54.17,104.523124130077,5.942,26.6
Belarus,BY,BLR,2021,Europe & Central Asia,Upper middle income,6457.73053706343,72.0714634146342,9302585,86.8884,100.42063921059,3.9,NA
Belarus,BY,BLR,2000,Europe & Central Asia,Upper middle income,2615.36376799462,68.9121951219512,9979610,1.8604,NA,12.193,31.2
Belarus,BY,BLR,2022,Europe & Central Asia,Upper middle income,6206.61909685419,74.1033658536585,9228071,89.5073,99.0602032881737,3.574,NA
Belarus,BY,BLR,2002,Europe & Central Asia,Upper middle income,2910.39937484153,68.0560975609756,9865548,8.95097,NA,10.874,30.3
Belarus,BY,BLR,2016,Europe & Central Asia,Upper middle income,5811.20159182547,73.8268292682927,9469379,71.113,102.969005936733,5.844,25.3
Belarus,BY,BLR,2017,Europe & Central Asia,Upper middle income,5964.89668834561,74.1292682926829,9458989,74.4364,102.480850468241,5.648,25.4
Belarus,BY,BLR,2009,Europe & Central Asia,Upper middle income,5200.77418555423,70.4073170731707,9504583,27.43,113.701538085938,6.1,27.7
Belarus,BY,BLR,2012,Europe & Central Asia,Upper middle income,6052.6373706236,71.9658536585366,9446836,46.91,107.657786407767,5.962,26.5
Belarus,BY,BLR,2014,Europe & Central Asia,Upper middle income,6212.91667418659,72.9707317073171,9448515,59.0163,103.510351178762,5.908,27.2
Belarus,BY,BLR,2015,Europe & Central Asia,Upper middle income,5967.05595058777,73.6243902439025,9461076,62.2304,102.895731001158,5.881,25.6
Belarus,BY,BLR,2006,Europe & Central Asia,Upper middle income,4291.68647163264,69.4048780487805,9604924,16.2,NA,8.066,28.3
Belarus,BY,BLR,2003,Europe & Central Asia,Upper middle income,3137.26261430575,68.5536585365854,9796749,NA,NA,10.191,28.8
Belarus,BY,BLR,2010,Europe & Central Asia,Upper middle income,5616.0941173307,70.4048780487805,9483836,31.8,111.028998547015,6.052,28.6
Belarus,BY,BLR,2005,Europe & Central Asia,Upper middle income,3877.71738911289,68.8512195121951,9663915,NA,NA,8.759,27.6
Belarus,BY,BLR,2004,Europe & Central Asia,Upper middle income,3520.40452642524,68.9560975609756,9730146,NA,NA,9.463,26.5
Belarus,BY,BLR,2007,Europe & Central Asia,Upper middle income,4682.20676719042,70.2073170731707,9560953,19.7,NA,7.41,29.6
Belarus,BY,BLR,2011,Europe & Central Asia,Upper middle income,5941.68999156239,70.5536585365854,9461643,39.6489,108.98986744867,6.024,27.2
Belarus,BY,BLR,2008,Europe & Central Asia,Upper middle income,5177.64534775676,70.4560975609756,9527985,23,115.713592529297,6.728,27.8
Belgium,BE,BEL,2007,Europe & Central Asia,High income,40520.0843207009,79.7829268292683,10625700,66.7604,159.439895629883,7.459,29.2
Belgium,BE,BEL,2006,Europe & Central Asia,High income,39371.0858277448,79.380487804878,10547958,61.9819,158.685104370117,8.246,28.1
Belgium,BE,BEL,2016,Europe & Central Asia,High income,41172.8862831209,81.4390243902439,11331422,86.5165,160.689270019531,7.83,27.6
Belgium,BE,BEL,2003,Europe & Central Asia,High income,36826.2699296094,78.1292682926829,10376133,49.97,158.87922668457,7.68,28.1
Belgium,BE,BEL,2004,Europe & Central Asia,High income,37976.6972967442,78.8780487804878,10421137,53.86,151.638092041016,7.363,30.5
Belgium,BE,BEL,2005,Europe & Central Asia,High income,38645.2605193362,78.9804878048781,10478617,55.82,157.343399047852,8.44,29.3
Belgium,BE,BEL,2000,Europe & Central Asia,High income,35878.3153586195,77.7219512195122,10251250,29.4317,146.919784545898,6.586,33.1
Belgium,BE,BEL,2008,Europe & Central Asia,High income,40380.9075004042,79.6804878048781,10709973,68.8573,160.468811035156,6.976,28.4
Belgium,BE,BEL,2018,Europe & Central Asia,High income,42208.3625650272,81.5951219512195,11427054,88.6473,156.509765625,5.941,27.2
Belgium,BE,BEL,2001,Europe & Central Asia,High income,36148.2880924306,77.9731707317073,10286570,31.2884,155.946166992188,6.178,NA
Belgium,BE,BEL,2002,Europe & Central Asia,High income,36600.862592332,78.0756097560976,10332785,46.33,157.648773193359,6.91,NA
Belgium,BE,BEL,2017,Europe & Central Asia,High income,41619.328629169,81.4926829268293,11375158,87.6797,158.670288085938,7.09,27.4
Belgium,BE,BEL,2015,Europe & Central Asia,High income,40893.804537772,80.9926829268293,11274196,85.0529,164.079818725586,8.482,27.7
Belgium,BE,BEL,2010,Europe & Central Asia,High income,39991.5646206286,80.1829268292683,10895586,77.6398,160.66047668457,8.293,28.4
Belgium,BE,BEL,2011,Europe & Central Asia,High income,40236.9596308558,80.5853658536585,11038264,81.61,159.349304199219,7.14,28.1
Belgium,BE,BEL,2009,Europe & Central Asia,High income,39293.637546825,80.0341463414634,10796493,74.5441,159.661544799805,7.908,28.6
Belgium,BE,BEL,2014,Europe & Central Asia,High income,40533.9135027898,81.2878048780488,11209057,85.0012,162.421981811523,8.523,28.1
Belgium,BE,BEL,2022,Europe & Central Asia,High income,44486.7438563594,81.7487804878049,11680210,94.0078,142.918075561523,5.57,26.4
Belgium,BE,BEL,2021,Europe & Central Asia,High income,43140.9676652971,81.790243902439,11586195,92.7887,143.163513183594,6.248,26.6
Belgium,BE,BEL,2012,Europe & Central Asia,High income,40074.492800399,80.3853658536585,11106932,80.72,160.110534667969,7.542,27.5
Belgium,BE,BEL,2013,Europe & Central Asia,High income,40007.8997891411,80.5878048780488,11159407,82.1702,161.845886230469,8.425,27.7
Belgium,BE,BEL,2020,Europe & Central Asia,High income,40769.0218072962,80.6951219512195,11538604,91.5264,151.727508544922,5.545,26
Belgium,BE,BEL,2019,Europe & Central Asia,High income,43006.4042308863,81.9951219512195,11488980,90.2754,156.635375976562,5.364,27.2
Belize,BZ,BLZ,2007,Latin America & Caribbean,Upper middle income,6465.82885846045,70.652,296100,24.6,75.4892196655273,8.51,NA
Belize,BZ,BLZ,2008,Latin America & Caribbean,Upper middle income,6187.95885023655,70.665,304361,26.3,75.4095230102539,8.18,NA
Belize,BZ,BLZ,2006,Latin America & Caribbean,Upper middle income,6435.58767337678,70.535,287878,24,76.0926818847656,9.39,NA
Belize,BZ,BLZ,2011,Latin America & Caribbean,Upper middle income,5802.24344531492,70.975,327298,30.7,76.1272789038614,8.424,NA
Belize,BZ,BLZ,2020,Latin America & Caribbean,Upper middle income,5006.48453276935,71.58,390812,64.4359,86.1886596150512,10.763,NA
Belize,BZ,BLZ,2009,Latin America & Caribbean,Upper middle income,5997.68447156383,70.806,312614,27.2,75.1112899780273,8.323,NA
Belize,BZ,BLZ,2010,Latin America & Caribbean,Upper middle income,5937.75398343789,70.875,320245,28.2,75.6223037349759,8.412,NA
Belize,BZ,BLZ,2005,Latin America & Caribbean,Upper middle income,6337.12389222378,70.335,279731,17,75.2656326293945,10.91,NA
Belize,BZ,BLZ,2002,Latin America & Caribbean,Upper middle income,5895.15235037898,69.528,256009,5.68425,NA,10.04,NA
Belize,BZ,BLZ,2022,Latin America & Caribbean,Upper middle income,6262.56088273674,72.19,402733,71.8096,87.4381668552162,8.682,NA
Belize,BZ,BLZ,2004,Latin America & Caribbean,Upper middle income,6383.07432412662,70.152,271688,9.8,76.6425094604492,10.586,NA
Belize,BZ,BLZ,2001,Latin America & Caribbean,Upper middle income,5764.99055491104,68.944,248379,NA,69.2901992797852,9.07,NA
Belize,BZ,BLZ,2000,Latin America & Caribbean,Upper middle income,5663.64632374973,68.911,240799,5.96384,67.7030181884766,10.841,NA
Belize,BZ,BLZ,2012,Latin America & Caribbean,Upper middle income,5902.74234696881,71.134,334414,31,78.8095397154118,8.378,NA
Belize,BZ,BLZ,2018,Latin America & Caribbean,Upper middle income,5707.61059954436,72.322,380226,53.5936,86.2833561409511,9.346,39.9
Belize,BZ,BLZ,2017,Latin America & Caribbean,Upper middle income,5767.61921963762,72.062,373202,48.8771,86.323893201399,6.596,NA
Belize,BZ,BLZ,2016,Latin America & Caribbean,Upper middle income,6012.21296983668,71.843,364705,44.5757,87.7313726328389,7,NA
Belize,BZ,BLZ,2015,Latin America & Caribbean,Upper middle income,6154.62264230369,71.647,356333,41.59,81.2936199454549,7.578,NA
Belize,BZ,BLZ,2021,Latin America & Caribbean,Upper middle income,5839.40157956017,70.917,395346,70.6537,88.8215546932903,10.302,NA
Belize,BZ,BLZ,2013,Latin America & Caribbean,Upper middle income,6013.07879895362,71.276,341627,33.6,80.6694303700292,8.349,NA
Belize,BZ,BLZ,2003,Latin America & Caribbean,Upper middle income,6274.47428279313,69.819,263780,NA,75.2354507446289,10.342,NA
Belize,BZ,BLZ,2019,Latin America & Caribbean,Upper middle income,5864.14611827109,72.577,385829,58.7652,87.4526596660355,9.053,NA
Belize,BZ,BLZ,2014,Latin America & Caribbean,Upper middle income,6116.49578852783,71.437,348923,38.7,80.3583033664053,8.244,NA
Benin,BJ,BEN,2022,Sub-Saharan Africa,Lower middle income,1218.49668929091,60.475,13759501,30.0134,43.5606498718262,1.685,NA
Benin,BJ,BEN,2011,Sub-Saharan Africa,Lower middle income,927.716412836707,58.462,10093623,4.14832,45.7294692993164,2.647,43.4
Benin,BJ,BEN,2001,Sub-Saharan Africa,Lower middle income,879.854463773645,56.654,7445596,0.363418,21.7104396820068,0.766,NA
Benin,BJ,BEN,2010,Sub-Saharan Africa,Lower middle income,928.246655329144,58.387,9797484,3.13,NA,1.04,NA
Benin,BJ,BEN,2007,Sub-Saharan Africa,Lower middle income,926.740113754071,58.249,8953969,1.79,NA,0.902,NA
Benin,BJ,BEN,2009,Sub-Saharan Africa,Lower middle income,936.565651071554,58.258,9509423,2.24,NA,0.95,NA
Benin,BJ,BEN,2012,Sub-Saharan Africa,Lower middle income,943.918771531001,58.559,10397657,4.5,NA,2.458,NA
Benin,BJ,BEN,2002,Sub-Saharan Africa,Lower middle income,893.137100961634,56.851,7675426,0.702946,23.5846691131592,0.69,NA
Benin,BJ,BEN,2000,Sub-Saharan Africa,Lower middle income,861.213292013209,56.594,7221619,0.225248,20.0005397796631,0.864,NA
Benin,BJ,BEN,2014,Sub-Saharan Africa,Lower middle income,1014.4330062135,59.008,11030004,6,52.5952682495117,1.952,NA
Benin,BJ,BEN,2005,Sub-Saharan Africa,Lower middle income,893.91536869992,57.738,8426144,1.27103,NA,0.859,NA
Benin,BJ,BEN,2006,Sub-Saharan Africa,Lower middle income,900.62053578735,57.966,8693242,1.53785,NA,0.888,NA
Benin,BJ,BEN,2021,Sub-Saharan Africa,Lower middle income,1176.37727637273,59.61,13413417,28.2047,44.2737998962402,1.833,34.4
Benin,BJ,BEN,2003,Sub-Saharan Africa,Lower middle income,896.146763201736,57.092,7913070,0.951327,24.9001197814941,0.747,38.6
Benin,BJ,BEN,2008,Sub-Saharan Africa,Lower middle income,943.203380303862,58.099,9228466,1.85,NA,0.895,NA
Benin,BJ,BEN,2018,Sub-Saharan Africa,Lower middle income,1071.50452156932,59.71,12383347,19,NA,1.426,37.9
Benin,BJ,BEN,2013,Sub-Saharan Africa,Lower middle income,982.399206290516,58.863,10708834,4.9,52.0378494262695,2.198,NA
Benin,BJ,BEN,2019,Sub-Saharan Africa,Lower middle income,1114.17304526443,59.888,12726755,20.5,NA,1.214,NA
Benin,BJ,BEN,2004,Sub-Saharan Africa,Lower middle income,907.624431209378,57.346,8159094,1.18254,26.7041492462158,0.79,NA
Benin,BJ,BEN,2016,Sub-Saharan Africa,Lower middle income,1006.03926633023,59.283,11697842,14.5,55.2945899963379,1.834,NA
Benin,BJ,BEN,2020,Sub-Saharan Africa,Lower middle income,1126.65404122154,60.154,13070169,22.1206,43.9858703613281,1.518,NA
Benin,BJ,BEN,2015,Sub-Saharan Africa,Lower middle income,1002.41886879614,59.123,11360681,11.255,55.1333084106445,1.886,47.6
Benin,BJ,BEN,2017,Sub-Saharan Africa,Lower middle income,1032.90471194182,59.528,12039780,18.7,NA,1.691,NA
Bermuda,BM,BMU,2008,North America,High income,129525.177139097,79.101,63300,82.3,NA,NA,NA
Bermuda,BM,BMU,2006,North America,High income,128662.931924261,78.87,62834,69.8997,82.0112533569336,NA,NA
Bermuda,BM,BMU,2003,North America,High income,118018.831592635,78.715,62386,56.522,85.6302795410156,NA,NA
Bermuda,BM,BMU,2005,North America,High income,122143.799577518,78.874,62711,65.4471,86.630241394043,NA,NA
Bermuda,BM,BMU,2016,North America,High income,104190.876720334,80.476,63449,98,NA,NA,NA
Bermuda,BM,BMU,2007,North America,High income,132595.482654866,79.006,63010,74.3506,NA,NA,NA
Bermuda,BM,BMU,2002,North America,High income,114574.433608566,78.841,62142,52.0316,84.8986434936523,NA,NA
Bermuda,BM,BMU,2018,North America,High income,106843.163739391,80.986,63831,NA,NA,NA,NA
Bermuda,BM,BMU,2009,North America,High income,121727.584908744,79.229,63565,83.25,NA,NA,NA
Bermuda,BM,BMU,2015,North America,High income,104855.366822135,80.338,63464,98.3236,86.8070526123047,NA,NA
Bermuda,BM,BMU,2010,North America,High income,118382.908990645,79.414,63725,84.21,89.5964279174805,NA,NA
Bermuda,BM,BMU,2000,North America,High income,109502.763102809,78.251,61550,42.9499,NA,NA,NA
Bermuda,BM,BMU,2004,North America,High income,120432.12052555,78.898,62555,60.9909,87.598030090332,NA,NA
Bermuda,BM,BMU,2019,North America,High income,106709.881238843,81.251,64107,NA,NA,NA,NA
Bermuda,BM,BMU,2014,North America,High income,103941.982606956,80.199,63529,96.8,85.4845428466797,NA,NA
Bermuda,BM,BMU,2013,North America,High income,107860.394791964,80.016,63574,95.3,85.0652008056641,NA,NA
Bermuda,BM,BMU,2020,North America,High income,98999.5076617935,81.456,64382,NA,NA,NA,NA
Bermuda,BM,BMU,2017,North America,High income,107734.608357327,80.686,63578,98.37,NA,NA,NA
Bermuda,BM,BMU,2012,North America,High income,108040.575659203,79.847,63646,91.2993,86.2392807006836,NA,NA
Bermuda,BM,BMU,2022,North America,High income,109642.671877743,82.062,64749,NA,NA,NA,NA
Bermuda,BM,BMU,2011,North America,High income,113937.835700983,79.651,63733,88.336,88.0554428100586,NA,NA
Bermuda,BM,BMU,2001,North America,High income,116809.925253071,78.637,61867,47.5097,85.5536804199219,NA,NA
Bermuda,BM,BMU,2021,North America,High income,103134.729483915,81.745,64648,NA,NA,NA,NA
Bhutan,BT,BTN,2006,South Asia,Lower middle income,1701.11878173586,66.499,670799,4.51832,46.4304084777832,3.13,NA
Bhutan,BT,BTN,2007,South Asia,Lower middle income,1952.25734603779,67.152,678641,5.92,50.2249412536621,3.7,38.1
Bhutan,BT,BTN,2020,South Asia,Lower middle income,3092.12428399363,72.253,770006,76.8508,89.7711428873908,5.03,NA
Bhutan,BT,BTN,2004,South Asia,Lower middle income,1552.73915195801,65.29,650544,3.15698,NA,2.49,NA
Bhutan,BT,BTN,2000,South Asia,Lower middle income,1259.6237645235,61.842,596863,0.400944,30.5185794830322,1.655,NA
Bhutan,BT,BTN,2001,South Asia,Lower middle income,1321.09878230279,63.323,610794,0.864629,33.8684310913086,1.9,NA
Bhutan,BT,BTN,2002,South Asia,Lower middle income,1427.25693317315,63.984,624409,1.6758,NA,1.854,NA
Bhutan,BT,BTN,2005,South Asia,Lower middle income,1632.02169500573,65.875,661865,3.84711,43.8849105834961,3.1,NA
Bhutan,BT,BTN,2022,South Asia,Lower middle income,3349.73309632799,72.754,780914,86.2903,89.9829129407455,5.947,28.5
Bhutan,BT,BTN,2014,South Asia,Lower middle income,2797.81883971908,70.504,733139,30.3,84.1404190063477,2.63,NA
Bhutan,BT,BTN,2008,South Asia,Lower middle income,2017.76018913403,67.733,686351,6.55,53.5040893554688,3.848,NA
Bhutan,BT,BTN,2019,South Asia,Lower middle income,3467.38598979356,72.005,764824,74.1794,90.6185575459377,2.72,NA
Bhutan,BT,BTN,2021,South Asia,Lower middle income,3206.20366997254,72.448,775442,85.6369,92.5248380307052,4.803,NA
Bhutan,BT,BTN,2003,South Asia,Lower middle income,1506.4152751782,64.662,637663,2.43691,NA,1.8,40.9
Bhutan,BT,BTN,2018,South Asia,Lower middle income,3300.55006461736,71.711,759759,63.5,87.5722870683987,3.35,NA
Bhutan,BT,BTN,2015,South Asia,Lower middle income,2954.04081911097,70.797,740618,39.8,85.2313079833984,2.45,NA
Bhutan,BT,BTN,2009,South Asia,Lower middle income,2148.56480375034,68.156,693988,7.17,58.5537414550781,3.96,NA
Bhutan,BT,BTN,2010,South Asia,Lower middle income,2378.72810760985,68.765,701632,13.6,62.9354400634766,3.32,NA
Bhutan,BT,BTN,2011,South Asia,Lower middle income,2552.48871073094,69.28,709377,14.4,66.9861221313477,3.23,NA
Bhutan,BT,BTN,2016,South Asia,Lower middle income,3173.36773217431,71.119,747866,46.5,85.6766128540039,2.707,NA
Bhutan,BT,BTN,2017,South Asia,Lower middle income,3211.80903275593,71.413,754335,54.3,86.5600433349609,3.027,37.4
Bhutan,BT,BTN,2012,South Asia,Lower middle income,2654.74798946027,69.759,717279,15.6,72.1302185058594,2.05,38.8
Bhutan,BT,BTN,2013,South Asia,Lower middle income,2671.07460201171,70.161,725273,22.4,76.680793762207,2.87,NA
Bolivia,BO,BOL,2001,Latin America & Caribbean,Lower middle income,2013.84581083123,62.538,8752736,2.12046,75.7862701416016,2.623,57.4
Bolivia,BO,BOL,2003,Latin America & Caribbean,Lower middle income,2050.07133411879,63.455,9050700,3.5086,83.4697265625,2.654,NA
Bolivia,BO,BOL,2004,Latin America & Caribbean,Lower middle income,2099.990810637,63.819,9204287,4.43992,86.3809967041016,2.615,55
Bolivia,BO,BOL,2011,Latin America & Caribbean,Lower middle income,2568.5205166368,66.282,10348929,30,85.300407946135,2.255,46.1
Bolivia,BO,BOL,2006,Latin America & Caribbean,Lower middle income,2221.42722587103,64.529,9521689,6.20067,86.5906295776367,2.575,56.7
Bolivia,BO,BOL,2002,Latin America & Caribbean,Lower middle income,2029.66993638623,63.068,8900355,3.11719,80.6306991577148,2.603,59.3
Bolivia,BO,BOL,2014,Latin America & Caribbean,Lower middle income,2900.90241586338,66.97,10848888,34.6016,89.4564819756877,2.021,47.8
Bolivia,BO,BOL,2016,Latin America & Caribbean,Lower middle income,3077.57057564766,67.392,11180020,39.6975,90.6152852803158,3.498,45.2
Bolivia,BO,BOL,2010,Latin America & Caribbean,Lower middle income,2481.40700850945,66.003,10182345,22.4,87.7601876397411,2.609,NA
Bolivia,BO,BOL,2013,Latin America & Caribbean,Lower middle income,2793.51457098676,66.777,10682608,36.99,88.7650557098116,2.437,47.6
Bolivia,BO,BOL,2012,Latin America & Caribbean,Lower middle income,2657.23884915853,66.586,10515807,35.34,87.0108512162742,2.066,46.6
Bolivia,BO,BOL,2000,Latin America & Caribbean,Lower middle income,2014.19024658446,62.057,8606326,1.44276,72.7576370239258,2.439,61.6
Bolivia,BO,BOL,2008,Latin America & Caribbean,Lower middle income,2383.2503257823,65.299,9850858,12.5,85.3683776855469,2.603,50.8
Bolivia,BO,BOL,2015,Latin America & Caribbean,Lower middle income,2996.01289811344,67.205,11014705,37.4868,90.6139031958796,3.111,46.7
Bolivia,BO,BOL,2005,Latin America & Caribbean,Lower middle income,2156.18670325307,64.182,9360754,5.22758,87.4255523681641,2.598,58.5
Bolivia,BO,BOL,2007,Latin America & Caribbean,Lower middle income,2283.4273357151,64.939,9685960,10.4992,86.0495986938477,2.614,54.5
Bolivia,BO,BOL,2018,Latin America & Caribbean,Lower middle income,3204.53670819124,67.699,11508368,44.2861,88.7218999579042,3.519,42.6
Bolivia,BO,BOL,2019,Latin America & Caribbean,Lower middle income,3207.3869521223,67.82,11671386,47.4748,88.8235046622532,3.682,41.6
Bolivia,BO,BOL,2017,Latin America & Caribbean,Lower middle income,3160.16421228968,67.536,11344587,43.8323,89.4000212849504,3.655,44.6
Bolivia,BO,BOL,2022,Latin America & Caribbean,Lower middle income,3088.24126155241,67.434,12077154,67.3612,90.3729338176816,3.552,41.2
Bolivia,BO,BOL,2021,Latin America & Caribbean,Lower middle income,3011.55110807557,61.427,11937360,65.9774,90.4144137410078,5.089,40.9
Bolivia,BO,BOL,2020,Latin America & Caribbean,Lower middle income,2765.0927177231,62.906,11816299,59.9401,88.8672369779995,7.903,43.6
Bolivia,BO,BOL,2009,Latin America & Caribbean,Lower middle income,2422.57579390007,65.656,10016275,16.8,83.7523803710938,2.973,49.2
Bosnia and Herzegovina,BA,BIH,2001,Europe & Central Asia,Upper middle income,2617.18230350812,75.573,4179438,1.20053,NA,26.485,30
Bosnia and Herzegovina,BA,BIH,2016,Europe & Central Asia,Upper middle income,4876.53471495633,77.124,3473003,60.2565,83.1699523925781,25.408,NA
Bosnia and Herzegovina,BA,BIH,2000,Europe & Central Asia,Upper middle income,2567.34136989735,75.292,4159771,1.08296,NA,25.446,NA
Bosnia and Herzegovina,BA,BIH,2017,Europe & Central Asia,Upper middle income,5099.81602856447,77.385,3428682,64.892,83.668083190918,20.527,NA
Bosnia and Herzegovina,BA,BIH,2015,Europe & Central Asia,Upper middle income,4662.25869219448,77.073,3518541,52.6,85.716178894043,27.695,NA
Bosnia and Herzegovina,BA,BIH,2022,Europe & Central Asia,Upper middle income,6327.16206849174,76.777,3204802,78.8455,87.0373992919922,12.657,NA
Bosnia and Herzegovina,BA,BIH,2019,Europe & Central Asia,Upper middle income,5583.29721276458,77.394,3345533,69.9463,85.5401306152344,15.692,NA
Bosnia and Herzegovina,BA,BIH,2021,Europe & Central Asia,Upper middle income,5995.54197590494,74.567,3244907,75.6762,85.6761474609375,14.897,NA
Bosnia and Herzegovina,BA,BIH,2002,Europe & Central Asia,Upper middle income,2743.13878615838,75.994,4188002,2.64827,NA,27.477,NA
Bosnia and Herzegovina,BA,BIH,2018,Europe & Central Asia,Upper middle income,5360.25201017633,77.942,3387000,70.1201,85.6409912109375,18.4,NA
Bosnia and Herzegovina,BA,BIH,2014,Europe & Central Asia,Upper middle income,4412.67617817734,77.089,3564829,49.9177,90.2868576049805,27.517,NA
Bosnia and Herzegovina,BA,BIH,2013,Europe & Central Asia,Upper middle income,4306.73175072214,77.129,3610859,48.5213,92.2983932495117,27.49,NA
Bosnia and Herzegovina,BA,BIH,2020,Europe & Central Asia,Upper middle income,5490.75366635139,76.04,3299349,73.2118,85.5591125488281,15.868,NA
Bosnia and Herzegovina,BA,BIH,2012,Europe & Central Asia,Upper middle income,4139.91732773657,77.037,3670113,45.0645,90.7853088378906,28.01,NA
Bosnia and Herzegovina,BA,BIH,2010,Europe & Central Asia,Upper middle income,3981.20985692032,76.827,3811472,42.75,85.5183715820312,27.312,NA
Bosnia and Herzegovina,BA,BIH,2004,Europe & Central Asia,Upper middle income,3063.83543448936,76.489,4140987,15.469,NA,29.279,34
Bosnia and Herzegovina,BA,BIH,2005,Europe & Central Asia,Upper middle income,3217.81341615345,76.424,4096493,21.3267,NA,30.218,NA
Bosnia and Herzegovina,BA,BIH,2011,Europe & Central Asia,Upper middle income,4094.25329541877,76.963,3741798,43.8877,87.7279968261719,27.582,33
Bosnia and Herzegovina,BA,BIH,2008,Europe & Central Asia,Upper middle income,3929.03297717336,76.3,3947544,34.66,85.227912902832,23.405,NA
Bosnia and Herzegovina,BA,BIH,2009,Europe & Central Asia,Upper middle income,3877.53540078456,76.701,3879794,37.74,87.0009307861328,24.068,NA
Bosnia and Herzegovina,BA,BIH,2003,Europe & Central Asia,Upper middle income,2855.68314939849,76.449,4178523,3.96504,NA,28.424,NA
Bosnia and Herzegovina,BA,BIH,2006,Europe & Central Asia,Upper middle income,3419.75887457192,76.028,4063272,25.1224,NA,31.11,NA
Bosnia and Herzegovina,BA,BIH,2007,Europe & Central Asia,Upper middle income,3665.08966529499,76.162,4013424,27.92,80.9894485473633,28.984,33.1
Botswana,BW,BWA,2000,Sub-Saharan Africa,Upper middle income,5062.64289173588,52.263,1677382,2.90267,76.1968231201172,15.88,NA
Botswana,BW,BWA,2003,Sub-Saharan Africa,Upper middle income,5320.440295139,52.851,1775736,3.34519,76.5648727416992,23.8,NA
Botswana,BW,BWA,2014,Sub-Saharan Africa,Upper middle income,6547.12254115892,62.167,2172044,36.7447,NA,18.484,NA
Botswana,BW,BWA,2005,Sub-Saharan Africa,Upper middle income,5514.21742664705,54.386,1839877,3.26255,79.5636215209961,19.852,NA
Botswana,BW,BWA,2004,Sub-Saharan Africa,Upper middle income,5369.42516766112,53.573,1807146,3.30489,78.3988189697266,21.755,NA
Botswana,BW,BWA,2016,Sub-Saharan Africa,Upper middle income,6490.83463593483,64.32,2234776,42.2576,NA,19.328,NA
Botswana,BW,BWA,2001,Sub-Saharan Africa,Upper middle income,4971.96371794188,52.21,1712254,3.43089,75.3002014160156,18.54,NA
Botswana,BW,BWA,2021,Sub-Saharan Africa,Upper middle income,6895.91184943107,63.303,2401441,78.738,70.6292572021484,23.106,NA
Botswana,BW,BWA,2006,Sub-Saharan Africa,Upper middle income,5865.00026521361,55.112,1874516,4.28993,81.6948394775391,17.782,NA
Botswana,BW,BWA,2012,Sub-Saharan Africa,Upper middle income,5742.91924452636,60.384,2108617,16,NA,17.916,NA
Botswana,BW,BWA,2002,Sub-Saharan Africa,Upper middle income,5175.47655317231,52.373,1744763,3.38592,75.8795700073242,21.277,61.5
Botswana,BW,BWA,2013,Sub-Saharan Africa,Upper middle income,6284.97678002618,61.217,2140682,30,NA,18.167,NA
Botswana,BW,BWA,2015,Sub-Saharan Africa,Upper middle income,6141.20394726616,63.215,2203273,37.3121,NA,18.915,54.9
Botswana,BW,BWA,2007,Sub-Saharan Africa,Upper middle income,6085.6354476126,56.735,1911201,5.28,82.4867095947266,16.976,NA
Botswana,BW,BWA,2008,Sub-Saharan Africa,Upper middle income,6158.61629368051,57.661,1949970,6.25,77.806510925293,16.293,NA
Botswana,BW,BWA,2022,Sub-Saharan Africa,Upper middle income,7159.5860618268,68.749,2439892,80.3696,NA,23.615,NA
Botswana,BW,BWA,2017,Sub-Saharan Africa,Upper middle income,6662.57644805467,65.42,2266747,47.8587,NA,19.671,NA
Botswana,BW,BWA,2011,Sub-Saharan Africa,Upper middle income,5850.07858575461,59.715,2073535,9,NA,18.049,NA
Botswana,BW,BWA,2018,Sub-Saharan Africa,Upper middle income,6843.84612027739,66.371,2299141,54.2022,NA,19.665,NA
Botswana,BW,BWA,2009,Sub-Saharan Africa,Upper middle income,5179.4138607146,58.297,1990673,6.15,NA,16.169,56.9
Botswana,BW,BWA,2010,Sub-Saharan Africa,Upper middle income,5584.5034321846,59.137,2033111,6,NA,17.86,NA
Botswana,BW,BWA,2019,Sub-Saharan Africa,Upper middle income,6951.73189051146,67.167,2332083,61.3865,NA,20.094,NA
Botswana,BW,BWA,2020,Sub-Saharan Africa,Upper middle income,6254.24806241091,67.643,2365894,69.523,NA,21.017,NA
Brazil,BR,BRA,2011,Latin America & Caribbean,Upper middle income,9067.99212019529,74.047,195284734,45.69,NA,7.578,52.9
Brazil,BR,BRA,2014,Latin America & Caribbean,Upper middle income,9338.34170840985,74.823,200085127,54.551,102.635528564453,6.755,52
Brazil,BR,BRA,2022,Latin America & Caribbean,Upper middle income,9032.08377657776,74.872,210306415,80.5278,106.031188964844,9.231,52
Brazil,BR,BRA,2013,Latin America & Caribbean,Upper middle income,9366.73824670239,74.609,198478299,51.04,103.917686462402,7.071,52.7
Brazil,BR,BRA,2009,Latin America & Caribbean,Upper middle income,8246.09612122851,73.457,192079951,39.22,NA,9.419,53.7
Brazil,BR,BRA,2010,Latin America & Caribbean,Upper middle income,8792.63334959864,73.779,193701929,40.65,NA,8.42,NA
Brazil,BR,BRA,2012,Latin America & Caribbean,Upper middle income,9167.49818450433,74.335,196876111,48.56,94.3209762573242,7.251,53.4
Brazil,BR,BRA,2006,Latin America & Caribbean,Upper middle income,7622.03919432148,72.296,186653106,28.1784,NA,9.692,55.6
Brazil,BR,BRA,2005,Latin America & Caribbean,Upper middle income,7409.56827992249,71.832,184688101,21.0227,NA,10.551,56.3
Brazil,BR,BRA,2007,Latin America & Caribbean,Upper middle income,8003.2532101272,72.73,188552320,30.88,NA,9.28,54.9
Brazil,BR,BRA,2021,Latin America & Caribbean,Upper middle income,8799.22844579944,73.038,209550294,80.6899,106.651893615723,13.158,52.9
Brazil,BR,BRA,2019,Latin America & Caribbean,Upper middle income,8771.43950372603,75.809,207455459,73.9124,103.953277587891,11.936,53.5
Brazil,BR,BRA,2016,Latin America & Caribbean,Upper middle income,8577.84277969667,75.081,203218114,60.8725,102.56950378418,11.58,53.4
Brazil,BR,BRA,2017,Latin America & Caribbean,Upper middle income,8628.25209645723,75.383,204703445,67.4713,103.015960693359,12.792,53.3
Brazil,BR,BRA,2015,Latin America & Caribbean,Upper middle income,8936.1955889444,75.106,201675532,58.328,100.920516967773,8.538,51.9
Brazil,BR,BRA,2018,Latin America & Caribbean,Upper middle income,8722.33529970988,75.633,206107261,70.4343,105.00707244873,12.329,53.9
Brazil,BR,BRA,2003,Latin America & Caribbean,Upper middle income,6941.43965883253,70.884,180622688,13.2076,NA,11.168,57.6
Brazil,BR,BRA,2004,Latin America & Caribbean,Upper middle income,7258.78101654079,71.361,182675143,19.0737,NA,10.072,56.5
Brazil,BR,BRA,2008,Latin America & Caribbean,Upper middle income,8330.76364001877,73.111,190367302,33.83,NA,8.268,54
Brazil,BR,BRA,2020,Latin America & Caribbean,Upper middle income,8435.01046209185,74.506,208660842,81.3427,104.125999450684,13.697,48.9
Brazil,BR,BRA,2001,Latin America & Caribbean,Upper middle income,6823.0331851176,69.98,176301203,4.52849,NA,10.649,58.4
Brazil,BR,BRA,2002,Latin America & Caribbean,Upper middle income,6944.62257593723,70.396,178503484,9.14943,NA,10.641,58.1
Brazil,BR,BRA,2000,Latin America & Caribbean,Upper middle income,6817.78345634413,69.584,174018282,2.87069,NA,10.889,NA
British Virgin Islands,VG,VGB,2014,Latin America & Caribbean,High income,NA,76.527,32962,NA,96.8795709410044,NA,NA
British Virgin Islands,VG,VGB,2012,Latin America & Caribbean,High income,NA,76.433,30345,37.6,97.9949874686717,NA,NA
British Virgin Islands,VG,VGB,2013,Latin America & Caribbean,High income,NA,76.472,31703,NA,96.7221135029354,NA,NA
British Virgin Islands,VG,VGB,2010,Latin America & Caribbean,High income,NA,76.289,27675,37,105.89769744873,NA,NA
British Virgin Islands,VG,VGB,2002,Latin America & Caribbean,High income,NA,74.971,21430,18.8857,93.7610397338867,NA,NA
British Virgin Islands,VG,VGB,2000,Latin America & Caribbean,High income,NA,74.753,20241,NA,96.0634918212891,NA,NA
British Virgin Islands,VG,VGB,2003,Latin America & Caribbean,High income,NA,75.183,22134,NA,94.2840576171875,NA,NA
British Virgin Islands,VG,VGB,2005,Latin America & Caribbean,High income,NA,75.569,23665,NA,106.810440063477,NA,NA
British Virgin Islands,VG,VGB,2004,Latin America & Caribbean,High income,NA,75.404,22881,NA,97.431510925293,NA,NA
British Virgin Islands,VG,VGB,2001,Latin America & Caribbean,High income,NA,74.831,20796,NA,95.9459533691406,NA,NA
British Virgin Islands,VG,VGB,2015,Latin America & Caribbean,High income,NA,76.558,34498,NA,99.2168379833578,NA,NA
British Virgin Islands,VG,VGB,2009,Latin America & Caribbean,High income,NA,76.205,27218,36,104.85961151123,NA,NA
British Virgin Islands,VG,VGB,2021,Latin America & Caribbean,High income,NA,75.297,37809,NA,75.2016129032258,NA,NA
British Virgin Islands,VG,VGB,2006,Latin America & Caribbean,High income,NA,75.745,24493,NA,110.118041992188,NA,NA
British Virgin Islands,VG,VGB,2011,Latin America & Caribbean,High income,NA,76.363,28710,37.4,98.2626469085335,NA,NA
British Virgin Islands,VG,VGB,2008,Latin America & Caribbean,High income,NA,76.07,26288,NA,NA,NA,NA
British Virgin Islands,VG,VGB,2016,Latin America & Caribbean,High income,NA,76.624,33878,77.7014,98.6420950533463,NA,NA
British Virgin Islands,VG,VGB,2020,Latin America & Caribbean,High income,NA,76.894,37135,NA,73.9501779359431,NA,NA
British Virgin Islands,VG,VGB,2007,Latin America & Caribbean,High income,NA,75.893,25366,NA,107.31844329834,NA,NA
British Virgin Islands,VG,VGB,2022,Latin America & Caribbean,High income,NA,77.177,38319,NA,72.2840270996094,NA,NA
British Virgin Islands,VG,VGB,2018,Latin America & Caribbean,High income,NA,76.728,34657,NA,65.9177456207159,NA,NA
British Virgin Islands,VG,VGB,2019,Latin America & Caribbean,High income,NA,76.845,36395,NA,71.8634001484781,NA,NA
British Virgin Islands,VG,VGB,2017,Latin America & Caribbean,High income,NA,75.67,32699,77.7043,88.7795275590551,NA,NA
Brunei Darussalam,BN,BRN,2008,East Asia & Pacific,High income,34126.6941563969,74.814,377793,46,98.7723617553711,6.312,NA
Brunei Darussalam,BN,BRN,2019,East Asia & Pacific,High income,29996.2407223175,75.049,442680,95,88.2910308837891,6.6,NA
Brunei Darussalam,BN,BRN,2020,East Asia & Pacific,High income,30015.9588506697,75.114,447404,96.3055,86.6857810342997,7.409,NA
Brunei Darussalam,BN,BRN,2007,East Asia & Pacific,High income,36174.516515486,74.793,370873,44.68,98.3408584594727,6.187,NA
Brunei Darussalam,BN,BRN,2021,East Asia & Pacific,High income,29256.1833678343,74.869,451721,97.6288,89.5956009698649,4.905,NA
Brunei Darussalam,BN,BRN,2018,East Asia & Pacific,High income,29200.1952024222,74.992,437810,95,89.1818084716797,8.7,NA
Brunei Darussalam,BN,BRN,2010,East Asia & Pacific,High income,33121.3178241724,74.82,392332,53,101.011688232422,6.487,NA
Brunei Darussalam,BN,BRN,2004,East Asia & Pacific,High income,37948.6590825194,74.603,352911,29.7156,90.8928298950195,5.847,NA
Brunei Darussalam,BN,BRN,2011,East Asia & Pacific,High income,33754.3640783713,74.835,399389,56,102.111122131348,6.506,NA
Brunei Darussalam,BN,BRN,2009,East Asia & Pacific,High income,32855.6021602466,74.814,384952,49,100.720039367676,6.457,NA
Brunei Darussalam,BN,BRN,2003,East Asia & Pacific,High income,38595.1688513702,74.509,346637,19.595,87.8041305541992,5.743,NA
Brunei Darussalam,BN,BRN,2013,East Asia & Pacific,High income,32381.0739795231,74.854,411202,64.5,102.392692565918,6.709,NA
Brunei Darussalam,BN,BRN,2006,East Asia & Pacific,High income,38229.3565684183,74.753,364663,42.1863,97.5592575073242,6.061,NA
Brunei Darussalam,BN,BRN,2017,East Asia & Pacific,High income,29524.65912789,74.943,432772,94.8667,88.6814727783203,9.316,NA
Brunei Darussalam,BN,BRN,2012,East Asia & Pacific,High income,33544.5389457877,74.843,405557,60.2731,105.229759216309,6.571,NA
Brunei Darussalam,BN,BRN,2002,East Asia & Pacific,High income,37976.2627573601,74.365,340099,15.3299,86.768928527832,5.652,NA
Brunei Darussalam,BN,BRN,2001,East Asia & Pacific,High income,37269.3099216587,74.209,333345,12.9178,84.982307434082,5.558,NA
Brunei Darussalam,BN,BRN,2022,East Asia & Pacific,High income,28549.1756060465,72.917,455370,98.9704,89.8513650597627,5.191,NA
Brunei Darussalam,BN,BRN,2016,East Asia & Pacific,High income,29492.4145927789,74.905,427564,90,90.0986175537109,8.537,NA
Brunei Darussalam,BN,BRN,2015,East Asia & Pacific,High income,30625.1287744656,74.88,422212,71.2,92.8161697387695,7.703,NA
Brunei Darussalam,BN,BRN,2000,East Asia & Pacific,High income,37509.5983847742,74.017,326424,8.99628,82.8583526611328,5.53,NA
Brunei Darussalam,BN,BRN,2005,East Asia & Pacific,High income,37312.2778797122,74.683,358916,36.4664,93.6873092651367,5.973,NA
Brunei Darussalam,BN,BRN,2014,East Asia & Pacific,High income,31148.7297405401,74.862,416750,68.77,96.2848663330078,6.862,NA
Bulgaria,BG,BGR,2020,Europe & Central Asia,High income,8440.08304721192,73.3560975609756,6550696,70.1625,101.354942321777,5.037,40.5
Bulgaria,BG,BGR,2021,Europe & Central Asia,High income,9161.4773799072591,71.2121951219512,6507301,75.2714,98.7087631225586,5.166,39
Bulgaria,BG,BGR,2019,Europe & Central Asia,High income,8626.13418680372,75.1121951219512,6616726,67.947,102.656936645508,4.148,40.3
Bulgaria,BG,BGR,2022,Europe & Central Asia,High income,9597.86796406548,74.1609756097561,6465097,79.1269,96.6720733642578,4.148,38.2
Bulgaria,BG,BGR,2006,Europe & Central Asia,High income,5629.80127993005,72.6121951219512,7601022,27.09,92.4120101928711,8.951,35.7
Bulgaria,BG,BGR,2000,Europe & Central Asia,High income,3717.92889906166,71.6634146341463,8170172,5.37092,79.8759078979492,16.218,NA
Bulgaria,BG,BGR,2007,Europe & Central Asia,High income,6048.74231752797,72.6634146341463,7545338,33.64,93.1541595458984,6.878,36.1
Bulgaria,BG,BGR,2016,Europe & Central Asia,High income,7586.50411050819,74.8121951219512,6894139,59.8255,103.003921508789,7.575,40.6
Bulgaria,BG,BGR,2018,Europe & Central Asia,High income,8194.37434587757,74.9634146341464,6710798,64.782,104.043922424316,5.211,41.3
Bulgaria,BG,BGR,2003,Europe & Central Asia,High income,4519.18439177056,72.0658536585366,7775327,12.04,88.118782043457,13.733,28.9
Bulgaria,BG,BGR,2015,Europe & Central Asia,High income,7268.65445473873,74.6146341463415,6984225,56.6563,103.889343261719,9.143,38.6
Bulgaria,BG,BGR,2001,Europe & Central Asia,High income,3937.70160937785,71.7682926829268,8009142,7.6123,80.9440765380859,19.921,32.7
Bulgaria,BG,BGR,2014,Europe & Central Asia,High income,6941.01853946718,74.4658536585366,7073572,55.4904,104.942199707031,11.424,37.4
Bulgaria,BG,BGR,2017,Europe & Central Asia,High income,7898.70693013652,74.8146341463415,6803468,63.4101,103.46102142334,6.164,40.4
Bulgaria,BG,BGR,2004,Europe & Central Asia,High income,4849.87141310477,72.5634146341463,7716860,18.13,90.5342712402344,12.037,NA
Bulgaria,BG,BGR,2005,Europe & Central Asia,High income,5231.33811895255,72.5609756097561,7658972,19.97,91.3667678833008,10.083,NA
Bulgaria,BG,BGR,2012,Europe & Central Asia,High income,6693.4277325127,74.3146341463415,7305888,51.9,95.3903503417969,12.27,36
Bulgaria,BG,BGR,2002,Europe & Central Asia,High income,4260.40477488601,71.8658536585366,7837161,9.08,83.9819869995117,18.11,NA
Bulgaria,BG,BGR,2009,Europe & Central Asia,High income,6288.72543188686,73.4121951219512,7444443,45,92.5213775634766,6.817,33.8
Bulgaria,BG,BGR,2010,Europe & Central Asia,High income,6428.71742590538,73.5121951219512,7395599,46.23,94.1819229125977,10.279,35.7
Bulgaria,BG,BGR,2013,Europe & Central Asia,High income,6792.73549964735,74.8609756097561,7160005,53.0615,100.78581237793,12.941,36.6
Bulgaria,BG,BGR,2008,Europe & Central Asia,High income,6464.72198023576,72.9634146341463,7492561,39.67,92.3840713500977,5.609,33.6
Bulgaria,BG,BGR,2011,Europe & Central Asia,High income,6605.30851691027,74.1634146341463,7348328,47.98,96.4361267089844,11.26,34.3
Burkina Faso,BF,BFA,2008,Sub-Saharan Africa,Low income,533.471299938288,55.199,15258093,0.92,17.9947395324707,3.501,NA
Burkina Faso,BF,BFA,2006,Sub-Saharan Africa,Low income,514.113131757062,53.784,14373707,0.632708,14.1544599533081,3.67,NA
Burkina Faso,BF,BFA,2000,Sub-Saharan Africa,Low income,428.309796566198,50.808,11925546,0.0770802,9.85589981079102,2.687,NA
Burkina Faso,BF,BFA,2001,Sub-Saharan Africa,Low income,442.914122870048,51.188,12295001,0.157732,10.0396404266357,2.748,NA
Burkina Faso,BF,BFA,2009,Sub-Saharan Africa,Low income,533.470084831931,55.791,15710066,1.13,19.4353504180908,3.723,39.8
Burkina Faso,BF,BFA,2011,Sub-Saharan Africa,Low income,581.603658737407,57.001,16661908,3,23.1764371916742,3.827,NA
Burkina Faso,BF,BFA,2010,Sub-Saharan Africa,Low income,561.847221302489,56.343,16176498,2.4,21.1780201888507,3.725,NA
Burkina Faso,BF,BFA,2019,Sub-Saharan Africa,Low income,717.021595096634,60.184,20961952,9.27181,40.0770460332282,4.493,NA
Burkina Faso,BF,BFA,2005,Sub-Saharan Africa,Low income,499.192797571217,53.271,13932123,0.469914,13.3723297119141,4,NA
Burkina Faso,BF,BFA,2020,Sub-Saharan Africa,Low income,713.8421779224,60.454,21478690,10.7927,39.2540084845692,4.59,NA
Burkina Faso,BF,BFA,2007,Sub-Saharan Africa,Low income,519.26101218434,54.377,14816307,0.75,15.2793703079224,3.3,NA
Burkina Faso,BF,BFA,2022,Sub-Saharan Africa,Low income,740.306319930259,60.7,22509038,14.6238,33.6212866168282,3.828,NA
Burkina Faso,BF,BFA,2004,Sub-Saharan Africa,Low income,474.086412333459,52.6,13500533,0.400295,12.3676996231079,3.48,NA
Burkina Faso,BF,BFA,2002,Sub-Saharan Africa,Low income,448.128856317091,51.447,12680897,0.200993,NA,2.862,NA
Burkina Faso,BF,BFA,2012,Sub-Saharan Africa,Low income,600.731343697818,57.457,17172287,3.72503,25.2399681000378,3.849,NA
Burkina Faso,BF,BFA,2018,Sub-Saharan Africa,Low income,694.492813126351,59.972,20438288,8.5,39.6278467471779,4.695,43
Burkina Faso,BF,BFA,2003,Sub-Saharan Africa,Low income,468.263047790124,51.959,13082532,0.37344,11.2848196029663,2.78,43.3
Burkina Faso,BF,BFA,2015,Sub-Saharan Africa,Low income,630.124750752312,58.778,18777487,6.55,32.8931343608996,4.472,NA
Burkina Faso,BF,BFA,2021,Sub-Saharan Africa,Low income,745.472563435144,60.046,21995243,12.5631,38.1480312365517,4.511,37.4
Burkina Faso,BF,BFA,2013,Sub-Saharan Africa,Low income,616.741331164082,57.903,17695409,5,27.6008880705968,4.054,NA
Burkina Faso,BF,BFA,2014,Sub-Saharan Africa,Low income,624.576885187665,58.331,18229461,6,29.5668744354491,4.255,35.3
Burkina Faso,BF,BFA,2017,Sub-Saharan Africa,Low income,669.276310328333,59.578,19894407,7.79,37.1627510802261,4.662,NA
Burkina Faso,BF,BFA,2016,Sub-Saharan Africa,Low income,648.420480176012,59.173,19334856,7.14,34.9336280775566,4.598,NA
Burundi,BI,BDI,2018,Sub-Saharan Africa,Low income,267.508692172687,61.806,11859446,4,46.330394174756,1.147,NA
Burundi,BI,BDI,2015,Sub-Saharan Africa,Low income,254.402585226788,60.107,11047580,2,43.9351929825496,1.449,NA
Burundi,BI,BDI,2017,Sub-Saharan Africa,Low income,261.725839288764,61.345,11506762,2.66075,48.2243487332289,1.25,NA
Burundi,BI,BDI,2014,Sub-Saharan Africa,Low income,261.296721752002,59.764,10799785,1.04239,40.2641258748146,1.572,NA
Burundi,BI,BDI,2019,Sub-Saharan Africa,Low income,270.411005710809,62.18,12255336,6.1,41.8352417514484,1.043,NA
Burundi,BI,BDI,2010,Sub-Saharan Africa,Low income,253.308577749924,57.088,9376444,1,23.7647094726562,1.615,NA
Burundi,BI,BDI,2000,Sub-Saharan Africa,Low income,264.154407180223,47.617,6470194,0.0772484,NA,3.137,NA
Burundi,BI,BDI,2012,Sub-Saharan Africa,Low income,256.180393931874,58.501,10071028,1.22,29.5732898712158,1.593,NA
Burundi,BI,BDI,2016,Sub-Saharan Africa,Low income,258.061970808946,60.789,11239451,2.2,47.4715342848197,1.352,NA
Burundi,BI,BDI,2020,Sub-Saharan Africa,Low income,263.463876356897,62.569,12617036,9.17302,44.9151717353101,1.03,37.5
Burundi,BI,BDI,2013,Sub-Saharan Africa,Low income,259.311117203355,59.179,10439341,1.26422,34.2124507321275,1.584,38.6
Burundi,BI,BDI,2022,Sub-Saharan Africa,Low income,263.587550051638,62.882,13321097,11.0009,NA,0.909,NA
Burundi,BI,BDI,2004,Sub-Saharan Africa,Low income,258.050009115333,52.217,7310656,0.34906,11.8093099594116,3.177,NA
Burundi,BI,BDI,2007,Sub-Saharan Africa,Low income,254.311725516331,54.832,8161874,0.7,15.3361196517944,2.404,NA
Burundi,BI,BDI,2009,Sub-Saharan Africa,Low income,252.582019875886,56.422,8947646,0.9,20.8934001922607,1.622,NA
Burundi,BI,BDI,2011,Sub-Saharan Africa,Low income,254.242110648215,57.804,9717978,1.11,26.7943801879883,1.602,NA
Burundi,BI,BDI,2005,Sub-Saharan Africa,Low income,250.878933475935,53.053,7587299,0.542143,12.9770698547363,3.162,NA
Burundi,BI,BDI,2001,Sub-Saharan Africa,Low income,262.913885774384,48.509,6634365,0.106001,9.41998958587646,3.154,NA
Burundi,BI,BDI,2021,Sub-Saharan Africa,Low income,264.682651664249,62.101,12965481,10.9847,NA,1.118,NA
Burundi,BI,BDI,2002,Sub-Saharan Africa,Low income,266.968141648342,49.924,6824132,0.118228,9.92739963531494,3.168,NA
Burundi,BI,BDI,2006,Sub-Saharan Africa,Low income,255.105582251925,53.962,7865547,0.657593,14.3381099700928,3.185,33.4
Burundi,BI,BDI,2008,Sub-Saharan Africa,Low income,256.012461554496,55.581,8505637,0.81,NA,1.634,NA
Burundi,BI,BDI,2003,Sub-Saharan Africa,Low income,255.500823385612,50.997,7043154,0.201273,10.2563495635986,3.145,NA
Cabo Verde,CV,CPV,2008,Sub-Saharan Africa,Lower middle income,3238.44159287498,71.888,501355,14,82.10888671875,13.307,NA
Cabo Verde,CV,CPV,2010,Sub-Saharan Africa,Lower middle income,3194.61667734233,72.507,509784,30,83.5471330073283,10.67,NA
Cabo Verde,CV,CPV,2007,Sub-Saharan Africa,Lower middle income,3056.97102851154,71.487,496190,8.28322,80.4710464477539,13.294,47.2
Cabo Verde,CV,CPV,2006,Sub-Saharan Africa,Lower middle income,2683.83943856892,71.341,490728,6.80891,81.5834884643555,13.378,NA
Cabo Verde,CV,CPV,2009,Sub-Saharan Africa,Lower middle income,3159.58698693977,72.142,506141,21,81.2256927490234,13.517,NA
Cabo Verde,CV,CPV,2020,Sub-Saharan Africa,Lower middle income,3255.93628984058,73.818,514679,69.3734,98.3093023666237,14.65,NA
Cabo Verde,CV,CPV,2005,Sub-Saharan Africa,Lower middle income,2514.16779255327,70.936,485115,6.07409,70.2636032104492,13.439,NA
Cabo Verde,CV,CPV,2019,Sub-Saharan Africa,Lower middle income,4115.90283469406,75.449,514104,61.9434,95.2902285572104,12.123,NA
Cabo Verde,CV,CPV,2002,Sub-Saharan Africa,Lower middle income,2127.70872296502,69.447,467046,3.51876,66.3999862670898,13.379,NA
Cabo Verde,CV,CPV,2016,Sub-Saharan Africa,Lower middle income,3560.1400729534,74.35,512554,50.3228,98.2528458088996,12.085,NA
Cabo Verde,CV,CPV,2021,Sub-Saharan Africa,Lower middle income,3471.6553421786,74.424,516649,70.2825,97.0059250429478,13.932,NA
Cabo Verde,CV,CPV,2004,Sub-Saharan Africa,Lower middle income,2379.79636224135,70.499,479370,5.31883,66.9400405883789,13.456,NA
Cabo Verde,CV,CPV,2018,Sub-Saharan Africa,Lower middle income,3853.67940035241,74.84,513415,59.5,94.8972015380859,12.17,NA
Cabo Verde,CV,CPV,2011,Sub-Saharan Africa,Lower middle income,3309.20121643898,72.913,511447,32,86.7000153273789,10.956,NA
Cabo Verde,CV,CPV,2017,Sub-Saharan Africa,Lower middle income,3719.71306047915,74.71,512893,57.1621,99.462782259485,12.24,NA
Cabo Verde,CV,CPV,2003,Sub-Saharan Africa,Lower middle income,2186.89500422765,70.006,473383,4.32489,67.3274078369141,13.604,NA
Cabo Verde,CV,CPV,2000,Sub-Saharan Africa,Lower middle income,2037.31720912714,68.117,453317,1.82244,65.0551376342773,13.024,NA
Cabo Verde,CV,CPV,2015,Sub-Saharan Africa,Lower middle income,3415.06266730931,74.096,512394,42.683,96.6012286324786,11.923,42.4
Cabo Verde,CV,CPV,2022,Sub-Saharan Africa,Lower middle income,3997.76763250653,75.907,519741,72.7601,96.4315940376876,12.239,NA
Cabo Verde,CV,CPV,2001,Sub-Saharan Africa,Lower middle income,2051.21733888102,68.707,460293,2.68533,63.2078514099121,13.242,52.5
Cabo Verde,CV,CPV,2013,Sub-Saharan Africa,Lower middle income,3361.09387702205,73.481,512225,37.5,94.7526092529297,11.398,NA
Cabo Verde,CV,CPV,2014,Sub-Saharan Africa,Lower middle income,3383.8422809791,73.788,512326,40.26,93.6074664791524,11.689,NA
Cabo Verde,CV,CPV,2012,Sub-Saharan Africa,Lower middle income,3341.7421054836,73.315,511955,34.74,89.9634082592786,11.145,NA
Cambodia,KH,KHM,2015,East Asia & Pacific,Lower middle income,1547.32010444393,69.398,15623251,6.43319,NA,0.393,NA
Cambodia,KH,KHM,2017,East Asia & Pacific,Lower middle income,1753.93530504662,69.842,16073372,32.9003,48.9424458707368,0.141,NA
Cambodia,KH,KHM,2014,East Asia & Pacific,Lower middle income,1464.53115866927,69.117,15396772,14,NA,0.692,NA
Cambodia,KH,KHM,2009,East Asia & Pacific,Lower middle income,1117.25834194514,66.747,14276810,0.53,NA,0.579,NA
Cambodia,KH,KHM,2016,East Asia & Pacific,Lower middle income,1645.46671578126,69.635,15852803,32.3985,NA,0.716,NA
Cambodia,KH,KHM,2012,East Asia & Pacific,Lower middle income,1295.25271477893,68.371,14945085,4.94,NA,0.505,NA
Cambodia,KH,KHM,2013,East Asia & Pacific,Lower middle income,1376.29557595926,68.755,15170208,6,NA,0.438,NA
Cambodia,KH,KHM,2021,East Asia & Pacific,Lower middle income,1938.76436741728,69.301,16974305,57.9592,54.2809323078227,0.396,NA
Cambodia,KH,KHM,2008,East Asia & Pacific,Lower middle income,1090.57475806147,66.147,14053479,0.51,44.2504997253418,0.825,NA
Cambodia,KH,KHM,2010,East Asia & Pacific,Lower middle income,1155.85236856699,67.311,14500726,1.26,NA,0.771,NA
Cambodia,KH,KHM,2011,East Asia & Pacific,Lower middle income,1221.38839852454,67.869,14722584,3.1,NA,0.577,NA
Cambodia,KH,KHM,2022,East Asia & Pacific,Lower middle income,2011.27433313262,70.528,17201724,59.6606,55.1346812645406,0.245,NA
Cambodia,KH,KHM,2018,East Asia & Pacific,Lower middle income,1884.28374817086,69.993,16274522,NA,50.199099715459,0.129,NA
Cambodia,KH,KHM,2019,East Asia & Pacific,Lower middle income,2008.32094006706,70.127,16481304,52.3059,49.7344518908574,0.119,NA
Cambodia,KH,KHM,2020,East Asia & Pacific,Lower middle income,1908.63427518336,70.059,16725474,53.6508,51.8196983337402,0.172,NA
Cambodia,KH,KHM,2002,East Asia & Pacific,Lower middle income,662.188341283454,61.395,12855241,0.226983,23.8959407806396,0.862,NA
Cambodia,KH,KHM,2005,East Asia & Pacific,Lower middle income,866.340290123209,64.113,13439202,0.317322,NA,1.061,NA
Cambodia,KH,KHM,2006,East Asia & Pacific,Lower middle income,947.065220050691,64.886,13639028,0.468357,39.1435394287109,1.16,NA
Cambodia,KH,KHM,2007,East Asia & Pacific,Lower middle income,1030.23117620792,65.549,13841770,0.49,41.7365608215332,1.257,NA
Cambodia,KH,KHM,2000,East Asia & Pacific,Lower middle income,598.561915252147,59.491,12462336,0.0470226,18.1284408569336,0.745,NA
Cambodia,KH,KHM,2001,East Asia & Pacific,Lower middle income,632.833573980849,60.457,12658484,0.0769561,20.176570892334,0.778,NA
Cambodia,KH,KHM,2003,East Asia & Pacific,Lower middle income,719.333494240509,62.345,13050968,0.26057,27.8392200469971,0.909,NA
Cambodia,KH,KHM,2004,East Asia & Pacific,Lower middle income,775.847139030978,63.256,13244731,0.300437,30.9775104522705,1.004,NA
Cameroon,CM,CMR,2001,Sub-Saharan Africa,Lower middle income,1169.92670464984,53.598,15309490,0.277051,33.5832786560059,7.46,42.1
Cameroon,CM,CMR,2011,Sub-Saharan Africa,Lower middle income,1297.3064962694,57.482,20232304,5,49.8732461065506,3.988,NA
Cameroon,CM,CMR,2002,Sub-Saharan Africa,Lower middle income,1189.96707897027,53.922,15725528,0.360872,29.3418807983398,6.711,NA
Cameroon,CM,CMR,2003,Sub-Saharan Africa,Lower middle income,1221.09446141454,54.253,16160340,0.587623,30.9356803894043,5.908,NA
Cameroon,CM,CMR,2013,Sub-Saharan Africa,Lower middle income,1347.2130636706,58.73,21402376,10,54.9012784916851,3.686,NA
Cameroon,CM,CMR,2000,Sub-Saharan Africa,Lower middle income,1151.27689302947,53.338,14912631,0.25212,28.4606399536133,7.533,NA
Cameroon,CM,CMR,2006,Sub-Saharan Africa,Lower middle income,1277.32990712342,55.301,17550407,2.02874,24.4080104827881,3.729,NA
Cameroon,CM,CMR,2012,Sub-Saharan Africa,Lower middle income,1319.66961634054,58.17,20809529,7.5,53.102088720007,3.836,NA
Cameroon,CM,CMR,2021,Sub-Saharan Africa,Lower middle income,1443.57600237663,61.146,26915758,42.0405,45.5255767078224,3.976,42.2
Cameroon,CM,CMR,2020,Sub-Saharan Africa,Lower middle income,1434.51913723409,61.674,26210558,41.2264,NA,3.881,NA
Cameroon,CM,CMR,2019,Sub-Saharan Africa,Lower middle income,1470.31785276187,61.695,25506095,36.5392,NA,3.632,NA
Cameroon,CM,CMR,2004,Sub-Saharan Africa,Lower middle income,1271.74326874167,54.578,16610487,0.976075,27.5096206665039,5.087,NA
Cameroon,CM,CMR,2022,Sub-Saharan Africa,Lower middle income,1458.66180431693,62.443,27632771,41.775,45.6066724321371,3.646,NA
Cameroon,CM,CMR,2010,Sub-Saharan Africa,Lower middle income,1290.9013745759,56.965,19668066,4.3,NA,4.11,NA
Cameroon,CM,CMR,2017,Sub-Saharan Africa,Lower middle income,1444.90682916573,60.817,24128601,23.203,NA,3.573,NA
Cameroon,CM,CMR,2007,Sub-Saharan Africa,Lower middle income,1295.73067471287,55.71,18049896,2.93,33.4497184753418,3.063,42.8
Cameroon,CM,CMR,2008,Sub-Saharan Africa,Lower middle income,1295.02211276052,56.116,18574056,3.4,37.8488082885742,3.386,NA
Cameroon,CM,CMR,2005,Sub-Saharan Africa,Lower middle income,1264.74345218659,54.904,17074594,1.40265,28.0079002380371,4.4,NA
Cameroon,CM,CMR,2018,Sub-Saharan Africa,Lower middle income,1461.01969999317,61.189,24806383,29.7,NA,3.608,NA
Cameroon,CM,CMR,2014,Sub-Saharan Africa,Lower middle income,1381.81938454907,59.13,22059893,16.2149,59.1253563645436,3.534,46.6
Cameroon,CM,CMR,2009,Sub-Saharan Africa,Lower middle income,1290.89961351149,56.486,19113974,3.84,41.7743606567383,3.743,NA
Cameroon,CM,CMR,2016,Sub-Saharan Africa,Lower middle income,1435.61830727839,60.293,23454161,20.6,61.4037045147156,3.529,NA
Cameroon,CM,CMR,2015,Sub-Saharan Africa,Lower middle income,1415.00009710569,59.687,22763414,18.3,60.4960883608074,3.518,NA
Canada,CA,CAN,2004,North America,High income,40108.7587456658,79.9921951219512,31938807,65.956,NA,7.185,33.8
Canada,CA,CAN,2003,North America,High income,39270.0234577749,79.7151219512195,31642461,64.2,NA,7.574,33.8
Canada,CA,CAN,2005,North America,High income,41006.2229523971,80.1126829268293,32242732,71.66,100.274856567383,6.758,33.6
Canada,CA,CAN,2007,North America,High income,42106.8724378248,80.5436585365854,32888886,73.2,101.272247314453,6.156,33.8
Canada,CA,CAN,2018,North America,High income,44907.3436912123,81.8087804878049,37072620,94.64,111.833679199219,5.837,32.5
Canada,CA,CAN,2017,North America,High income,44339.3886689254,81.8129268292683,36545075,92.7014,111.974517822266,6.426,33.3
Canada,CA,CAN,2006,North America,High income,41663.5123057295,80.5436585365854,32571193,72.4,100.449310302734,6.484,34.1
Canada,CA,CAN,2002,North America,High income,38921.6673033743,79.5307317073171,31359199,61.5933,NA,7.665,33.6
Canada,CA,CAN,2016,North America,High income,43551.3425975115,81.94,36110803,91.16,111.607330322266,7.038,32.7
Canada,CA,CAN,2008,North America,High income,42067.5687072607,80.7246341463415,33247298,76.7,102.278419494629,6.284,33.9
Canada,CA,CAN,2014,North America,High income,43643.2356440047,81.7843902439025,35434066,87.12,111.68155670166,7.023,33.2
Canada,CA,CAN,2019,North America,High income,45100.2915069262,82.1636585365854,37618495,91.9129,110.980072021484,5.69,31.7
Canada,CA,CAN,2020,North America,High income,42366.1285377884,81.5351219512195,38028638,92.3,109.628059387207,9.657,29.9
Canada,CA,CAN,2000,North America,High income,37906.8601321366,79.1668292682927,30685730,51.3,101.992736816406,6.829,33.4
Canada,CA,CAN,2015,North America,High income,43594.1941045394,81.8258536585366,35704498,90,111.737281799316,6.945,33.7
Canada,CA,CAN,2013,North America,High income,42851.170527104,81.7448780487805,35080992,85.8,111.407608032227,7.143,33.8
Canada,CA,CAN,2001,North America,High income,38200.456120621,79.3980487804878,31020855,60.2,NA,7.219,33.6
Canada,CA,CAN,2011,North America,High income,42043.6419795513,81.4826829268293,34339221,83,102.823951721191,7.637,32.7
Canada,CA,CAN,2009,North America,High income,40376.4153847836,81.0660975609756,33630069,80.3,102.979949951172,8.46,34
Canada,CA,CAN,2010,North America,High income,41164.3399119626,81.3221951219512,34005902,80.3,102.510261535645,8.178,33.6
Canada,CA,CAN,2022,North America,High income,45677.686578804,81.2453658536585,38935934,94,107.479377746582,5.279,NA
Canada,CA,CAN,2012,North America,High income,42320.6431330726,81.6636585365854,34713395,83,110.873832702637,7.392,33.5
Canada,CA,CAN,2021,North America,High income,44639.193269037,81.5168292682927,38239864,93.9371,108.337341308594,7.527,31.1
Cayman Islands,KY,CYM,2001,Latin America & Caribbean,High income,NA,74.529,41089,NA,86.3955612182617,NA,NA
Cayman Islands,KY,CYM,2003,Latin America & Caribbean,High income,NA,74.639,43934,NA,NA,NA,NA
Cayman Islands,KY,CYM,2004,Latin America & Caribbean,High income,NA,74.596,45352,NA,87.4393005371094,NA,NA
Cayman Islands,KY,CYM,2013,Latin America & Caribbean,High income,76038.8787807923,77.652,58655,71.4,88.6417168280555,NA,NA
Cayman Islands,KY,CYM,2002,Latin America & Caribbean,High income,NA,74.609,42514,NA,81.6817932128906,NA,NA
Cayman Islands,KY,CYM,2022,Latin America & Caribbean,High income,80029.0319676823,79.984,71591,NA,85.6012268066406,NA,NA
Cayman Islands,KY,CYM,2015,Latin America & Caribbean,High income,76379.2098777987,78.119,61642,77,NA,NA,NA
Cayman Islands,KY,CYM,2007,Latin America & Caribbean,High income,96202.7389296237,75.152,49687,52,89.9581604003906,NA,NA
Cayman Islands,KY,CYM,2000,Latin America & Caribbean,High income,NA,74.378,39674,NA,94.2075576782227,NA,NA
Cayman Islands,KY,CYM,2006,Latin America & Caribbean,High income,96066.629965728,75,48232,44.5,88.0352325439453,NA,NA
Cayman Islands,KY,CYM,2010,Latin America & Caribbean,High income,79483.0963975025,76.069,54099,66,NA,NA,NA
Cayman Islands,KY,CYM,2009,Latin America & Caribbean,High income,84001.4219797545,75.671,52618,64.5,NA,NA,NA
Cayman Islands,KY,CYM,2005,Latin America & Caribbean,High income,NA,74.863,46788,38.0344,88.3051910400391,NA,NA
Cayman Islands,KY,CYM,2011,Latin America & Caribbean,High income,78233.0182694571,76.562,55606,69.4659,92.3470839260313,NA,NA
Cayman Islands,KY,CYM,2008,Latin America & Caribbean,High income,93115.3176374189,75.386,51151,61,94.58740234375,NA,NA
Cayman Islands,KY,CYM,2018,Latin America & Caribbean,High income,79305.7692066005,78.835,65941,NA,89.0140845070423,NA,NA
Cayman Islands,KY,CYM,2019,Latin America & Caribbean,High income,80714.5721513481,79.052,67327,NA,88.1225128173828,NA,NA
Cayman Islands,KY,CYM,2014,Latin America & Caribbean,High income,76104.621790038,77.865,60160,74.1,NA,NA,NA
Cayman Islands,KY,CYM,2016,Latin America & Caribbean,High income,77031.864216869,78.367,63100,79,NA,NA,NA
Cayman Islands,KY,CYM,2021,Latin America & Caribbean,High income,77259.6331345061,79.3,70108,NA,85.4616444648599,NA,NA
Cayman Islands,KY,CYM,2012,Latin America & Caribbean,High income,77074.3886285602,77.121,57136,69.7,89.14686825054,NA,NA
Cayman Islands,KY,CYM,2017,Latin America & Caribbean,High income,77717.1760762284,78.615,64535,81.0677,NA,NA,NA
Cayman Islands,KY,CYM,2020,Latin America & Caribbean,High income,75199.6446248648,79.23,68684,NA,84.0909118652344,NA,NA
Central African Republic,CF,CAF,2022,Sub-Saharan Africa,Low income,398.91539795642,18.818,5098039,NA,NA,6.287,NA
Central African Republic,CF,CAF,2021,Sub-Saharan Africa,Low income,396.020622931961,40.279,5112100,NA,NA,6.701,43
Central African Republic,CF,CAF,2003,Sub-Saharan Africa,Low income,418.240532289858,47.306,4103086,0.151563,NA,5.809,NA
Central African Republic,CF,CAF,2020,Sub-Saharan Africa,Low income,398.834274122139,50.596,5026628,NA,NA,6.519,NA
Central African Republic,CF,CAF,2000,Sub-Saharan Africa,Low income,437.168928414826,46.609,3833416,0.0533942,NA,5.722,NA
Central African Republic,CF,CAF,2010,Sub-Saharan Africa,Low income,519.141456408484,46.871,4492995,2,NA,5.658,NA
Central African Republic,CF,CAF,2001,Sub-Saharan Africa,Low income,446.658634192083,46.734,3919487,0.0785434,10.9798498153687,5.77,NA
Central African Republic,CF,CAF,2017,Sub-Saharan Africa,Low income,387.35795131742,45.231,4793511,4,15.8074398040772,5.836,NA
Central African Republic,CF,CAF,2019,Sub-Saharan Africa,Low income,401.82582161435,31.53,4944703,7.50916,NA,5.916,NA
Central African Republic,CF,CAF,2018,Sub-Saharan Africa,Low income,395.020015455909,52.297,4878657,5.1,NA,5.825,NA
Central African Republic,CF,CAF,2014,Sub-Saharan Africa,Low income,351.561554911625,40.265,4623182,2.7,NA,5.633,NA
Central African Republic,CF,CAF,2015,Sub-Saharan Africa,Low income,366.322853938121,51.934,4629320,2.9,NA,5.775,NA
Central African Republic,CF,CAF,2002,Sub-Saharan Africa,Low income,452.808702217035,46.84,4006077,0.128537,10.9962396621704,5.809,NA
Central African Republic,CF,CAF,2005,Sub-Saharan Africa,Low income,427.968043155237,48.207,4288810,0.268196,NA,5.691,NA
Central African Republic,CF,CAF,2006,Sub-Saharan Africa,Low income,439.294330902768,48.687,4377579,0.311159,NA,5.61,NA
Central African Republic,CF,CAF,2011,Sub-Saharan Africa,Low income,532.38295493852,50.107,4565021,2.2,15.9189596176147,5.638,NA
Central African Republic,CF,CAF,2016,Sub-Saharan Africa,Low income,376.858254120398,50.999,4713663,3.1,13.9465503692627,5.793,NA
Central African Republic,CF,CAF,2013,Sub-Saharan Africa,Low income,349.821171688973,49.487,4642419,2.5,NA,5.566,NA
Central African Republic,CF,CAF,2004,Sub-Saharan Africa,Low income,433.825227770233,47.696,4192826,0.223401,NA,5.729,NA
Central African Republic,CF,CAF,2012,Sub-Saharan Africa,Low income,553.729578314912,51.336,4610848,2.4,15.6197595596313,5.58,NA
Central African Republic,CF,CAF,2008,Sub-Saharan Africa,Low income,450.313616886022,49.873,4558984,1,NA,5.51,56.2
Central African Republic,CF,CAF,2009,Sub-Saharan Africa,Low income,492.215398914836,14.665,4529047,1.8,11.9955196380615,5.575,NA
Central African Republic,CF,CAF,2007,Sub-Saharan Africa,Low income,450.762785401893,49.327,4462770,0.375816,NA,5.562,NA
Chad,TD,TCD,2012,Sub-Saharan Africa,Low income,1016.42152061894,50.765,13210998,2.1,22.1087903431339,0.886,NA
Chad,TD,TCD,2008,Sub-Saharan Africa,Low income,916.087274632505,49.503,11476296,1.19,20.7904891967773,0.922,NA
Chad,TD,TCD,2010,Sub-Saharan Africa,Low income,956.953018715651,50.107,12312575,1.7,22.369271805704,0.911,NA
Chad,TD,TCD,2020,Sub-Saharan Africa,Low income,884.980541933197,53.082,17224679,8.34311,NA,1.695,NA
Chad,TD,TCD,2013,Sub-Saharan Africa,Low income,1008.61711429294,51.051,13691079,2.5,24.5326035474767,0.955,NA
Chad,TD,TCD,2011,Sub-Saharan Africa,Low income,965.286963557057,50.426,12754997,1.9,22.8224817551818,0.92,43.3
Chad,TD,TCD,2015,Sub-Saharan Africa,Low income,993.990730610869,51.32,14647621,3.5,22.2454248795188,1.032,NA
Chad,TD,TCD,2022,Sub-Saharan Africa,Low income,862.60212817252,54.528,18455316,12.4865,NA,1.081,37.4
Chad,TD,TCD,2019,Sub-Saharan Africa,Low income,917.203710065059,52.993,16685223,7.6,20.192877474143,1.077,NA
Chad,TD,TCD,2014,Sub-Saharan Africa,Low income,993.321157708395,51.141,14188678,2.9,22.8485794067383,0.984,NA
Chad,TD,TCD,2009,Sub-Saharan Africa,Low income,871.485311273077,49.828,11893754,1.5,22.7542705535889,0.943,NA
Chad,TD,TCD,2007,Sub-Saharan Africa,Low income,920.352815674967,49.21,11081660,0.847225,18.2909908294678,0.839,NA
Chad,TD,TCD,2016,Sub-Saharan Africa,Low income,923.56587204799,51.603,15114655,5.8,22.530490847167,1.091,NA
Chad,TD,TCD,2018,Sub-Saharan Africa,Low income,898.834794007399,52.447,16156531,7,20.0021180694774,1.135,37.5
Chad,TD,TCD,2006,Sub-Saharan Africa,Low income,914.210664598894,48.747,10706424,0.581046,15.8697900772095,0.716,NA
Chad,TD,TCD,2000,Sub-Saharan Africa,Low income,530.600331270541,47.937,8512093,0.0357071,10.964280128479,0.796,NA
Chad,TD,TCD,2021,Sub-Saharan Africa,Low income,857.527630579087,53.136,17828273,13.1283,23.1541767734797,1.53,NA
Chad,TD,TCD,2017,Sub-Saharan Africa,Low income,879.075895466718,51.875,15622759,6.4,20.5855678473561,1.132,NA
Chad,TD,TCD,2005,Sub-Saharan Africa,Low income,952.871910097036,48.86,10328092,0.399258,15.5320997238159,0.663,NA
Chad,TD,TCD,2001,Sub-Saharan Africa,Low income,572.806706828797,48.306,8804124,0.0459341,12.6534004211426,0.792,NA
Chad,TD,TCD,2002,Sub-Saharan Africa,Low income,600.171451974641,48.36,9116192,0.16607,13.4368200302124,0.769,NA
Chad,TD,TCD,2003,Sub-Saharan Africa,Low income,661.556916681677,48.609,9487833,0.320309,14.8295497894287,0.725,39.8
Chad,TD,TCD,2004,Sub-Saharan Africa,Low income,845.518131173419,48.687,9920036,0.36092,15.217809677124,0.672,NA
Channel Islands,JG,CHI,2011,Europe & Central Asia,High income,65006.4871287216,81.4,159706,NA,NA,7.244,NA
Channel Islands,JG,CHI,2001,Europe & Central Asia,High income,NA,79,148850,NA,NA,5.041,NA
Channel Islands,JG,CHI,2004,Europe & Central Asia,High income,NA,79.8,152039,NA,NA,5.848,NA
Channel Islands,JG,CHI,2002,Europe & Central Asia,High income,NA,79.1,149881,NA,NA,5.313,NA
Channel Islands,JG,CHI,2003,Europe & Central Asia,High income,NA,79.4,150960,NA,NA,5.644,NA
Channel Islands,JG,CHI,2013,Europe & Central Asia,High income,60780.669022098,81.5,161777,NA,NA,8.572,NA
Channel Islands,JG,CHI,2000,Europe & Central Asia,High income,NA,78.8,148110,NA,NA,5.351,NA
Channel Islands,JG,CHI,2010,Europe & Central Asia,High income,64722.9832990297,81.2,158621,NA,NA,7.024,NA
Channel Islands,JG,CHI,2012,Europe & Central Asia,High income,60861.9006460501,81.3,160767,NA,NA,8.028,NA
Channel Islands,JG,CHI,2009,Europe & Central Asia,High income,67617.8205403696,81,157511,NA,NA,6.674,NA
Channel Islands,JG,CHI,2005,Europe & Central Asia,High income,NA,80.1,153126,NA,NA,5.833,NA
Channel Islands,JG,CHI,2018,Europe & Central Asia,High income,63859.9826096615,81.1,164949,NA,NA,6.344,NA
Channel Islands,JG,CHI,2014,Europe & Central Asia,High income,61892.8083445708,81.6,162726,NA,NA,8.319,NA
Channel Islands,JG,CHI,2015,Europe & Central Asia,High income,61847.8212238857,81.4,163454,NA,NA,7.928,NA
Channel Islands,JG,CHI,2022,Europe & Central Asia,High income,67508.9385276664,81,167215,NA,NA,5.923,NA
Channel Islands,JG,CHI,2021,Europe & Central Asia,High income,64267.6930018122,80.3,166741,NA,NA,6.643,NA
Channel Islands,JG,CHI,2006,Europe & Central Asia,High income,NA,80.4,154214,NA,NA,5.571,NA
Channel Islands,JG,CHI,2007,Europe & Central Asia,High income,NA,80.6,155309,NA,NA,5.23,NA
Channel Islands,JG,CHI,2008,Europe & Central Asia,High income,NA,80.8,156408,NA,NA,5.295,NA
Channel Islands,JG,CHI,2017,Europe & Central Asia,High income,63393.3938698644,81,164319,NA,NA,6.881,NA
Channel Islands,JG,CHI,2019,Europe & Central Asia,High income,64594.5213908684,81.2,165639,NA,NA,6.185,NA
Channel Islands,JG,CHI,2020,Europe & Central Asia,High income,58636.7036143365,80.9,166235,NA,NA,6.633,NA
Channel Islands,JG,CHI,2016,Europe & Central Asia,High income,62434.1859444218,81.2,163883,NA,NA,7.469,NA
Chile,CL,CHL,2021,Latin America & Caribbean,High income,14051.4713630677,78.876,19456334,90.2328,106.673522949219,9.281,NA
Chile,CL,CHL,2007,Latin America & Caribbean,High income,11051.3450717678,78.652,16671581,35.9,91.5507965087891,8.427,NA
Chile,CL,CHL,2006,Latin America & Caribbean,High income,10611.6144012877,78.533,16509195,34.4978,91.9973297119141,9.024,47.7
Chile,CL,CHL,2008,Latin America & Caribbean,High income,11356.0922105983,78.752,16838988,37.3,91.5420074462891,9.285,NA
Chile,CL,CHL,2010,Latin America & Caribbean,High income,11649.2897090856,79.095,17181464,45,90.99951171875,8.547,NA
Chile,CL,CHL,2022,Latin America & Caribbean,High income,14283.1489501524,79.176,19553036,93.5377,106.068328857422,8.249,43
Chile,CL,CHL,2005,Latin America & Caribbean,High income,10104.4208391373,78.459,16348778,31.1753,92.0045623779297,9.34,NA
Chile,CL,CHL,2009,Latin America & Caribbean,High income,11116.4093443103,78.89,17009731,41.56,89.8597564697266,11.313,47.4
Chile,CL,CHL,2003,Latin America & Caribbean,High income,9130.7842621819,77.884,16024752,25.4738,90.6209564208984,9.765,51.5
Chile,CL,CHL,2002,Latin America & Caribbean,High income,8810.69052712257,77.84,15857925,22.1,89.4216384887695,10.168,NA
Chile,CL,CHL,2011,Latin America & Caribbean,High income,12252.8441074615,79.236,17351816,52.2496,90.9826202392578,7.492,46.9
Chile,CL,CHL,2012,Latin America & Caribbean,High income,12882.834417927,79.221,17519119,55.05,89.5031433105469,6.79,NA
Chile,CL,CHL,2017,Latin America & Caribbean,High income,13473.3458532934,80.61,18558868,82.3275,102.294822692871,7.257,45.3
Chile,CL,CHL,2013,Latin America & Caribbean,High income,13182.7329619856,79.551,17687006,58,99.1520767211914,6.361,46.8
Chile,CL,CHL,2020,Latin America & Caribbean,High income,12679.024004022,79.349,19370624,87.4593,103.691688537598,10.934,47
Chile,CL,CHL,2019,Latin America & Caribbean,High income,13630.5935435578,80.324,19197744,85.0176,104.405769348145,7.493,NA
Chile,CL,CHL,2018,Latin America & Caribbean,High income,13763.0068844795,80.559,18893191,84.9,103.173049926758,7.623,NA
Chile,CL,CHL,2001,Latin America & Caribbean,High income,8632.0148244056,77.58,15683849,19.1,NA,10.39,NA
Chile,CL,CHL,2016,Latin America & Caribbean,High income,13505.097711133,80.295,18267221,83.5586,101.488136291504,6.926,NA
Chile,CL,CHL,2004,Latin America & Caribbean,High income,9642.37478651228,78.276,16187322,28.1779,91.0151062011719,10.162,NA
Chile,CL,CHL,2015,Latin America & Caribbean,High income,13433.9202987032,80.008,18047625,76.6296,100.921676635742,6.605,45.3
Chile,CL,CHL,2000,Latin America & Caribbean,High income,8465.35303258864,77.128,15503635,16.6,86.9013595581055,10.491,52.8
Chile,CL,CHL,2014,Latin America & Caribbean,High income,13285.9540361192,79.714,17864195,61.11,99.8654403686523,6.761,NA
China,CN,CHN,2009,East Asia & Pacific,Upper middle income,5237.76666540352,75.317,1331260000,28.9,88.2874984741211,4.72,NA
China,CN,CHN,2008,East Asia & Pacific,Upper middle income,4811.47471804961,74.833,1324655000,22.6,82.6792526245117,4.59,43
China,CN,CHN,2001,East Asia & Pacific,Upper middle income,2405.89396743215,72.675,1271850000,2.63965,62.2098388671875,3.8,NA
China,CN,CHN,2010,East Asia & Pacific,Upper middle income,5764.86534987407,75.668,1337705000,34.3,90.7829173331445,4.53,43.7
China,CN,CHN,2000,East Asia & Pacific,Upper middle income,2237.44298500334,72.288,1262645000,1.77591,59.4924812316895,3.26,NA
China,CN,CHN,2022,East Asia & Pacific,Upper middle income,11830.5983703496,78.202,1412175000,75.6113,NA,4.98,36
China,CN,CHN,2011,East Asia & Pacific,Upper middle income,6275.90956436258,75.889,1345035000,38.3,92.032942520390307,4.55,42.4
China,CN,CHN,2012,East Asia & Pacific,Upper middle income,6723.19443752823,76.2,1354190000,42.3001,92.2603063015232,4.58,42.2
China,CN,CHN,2006,East Asia & Pacific,Upper middle income,3883.35412942474,74.404,1311020000,10.5232,74.0575637817383,4.43,NA
China,CN,CHN,2002,East Asia & Pacific,Upper middle income,2610.72960252379,73.034,1280400000,4.5957,62.8378982543945,4.24,42
China,CN,CHN,2007,East Asia & Pacific,Upper middle income,4409.75700836878,74.789,1317885000,16,78.1607131958008,4.35,NA
China,CN,CHN,2004,East Asia & Pacific,Upper middle income,3127.86276523632,73.727,1296075000,7.3,NA,4.49,NA
China,CN,CHN,2005,East Asia & Pacific,Upper middle income,3465.81734409951,74.085,1303720000,8.52326,NA,4.52,40.9
China,CN,CHN,2021,East Asia & Pacific,Upper middle income,11469.5707134928,78.117,1412360000,73.0532,NA,4.55,35.7
China,CN,CHN,2020,East Asia & Pacific,Upper middle income,10573.6420059282,78.019,1411100000,70.0528,NA,5,37.1
China,CN,CHN,2003,East Asia & Pacific,Upper middle income,2857.0373538115,73.385,1288400000,6.2,64.0541305541992,4.58,NA
China,CN,CHN,2015,East Asia & Pacific,Upper middle income,8175.33285077393,76.975,1379860000,50.3,NA,4.65,38.6
China,CN,CHN,2016,East Asia & Pacific,Upper middle income,8679.37704460133,77.214,1387790000,53.2,NA,4.56,38.5
China,CN,CHN,2019,East Asia & Pacific,Upper middle income,10356.4804194995,77.94,1407745000,64.0809,NA,4.56,38.2
China,CN,CHN,2018,East Asia & Pacific,Upper middle income,9798.6528523316,77.709,1402760000,59.2,NA,4.31,38.5
China,CN,CHN,2013,East Asia & Pacific,Upper middle income,7198.06876478162,76.452,1363240000,45.8,NA,4.6,39.7
China,CN,CHN,2014,East Asia & Pacific,Upper middle income,7686.57792954381,76.714,1371860000,47.9,NA,4.63,39.2
China,CN,CHN,2017,East Asia & Pacific,Upper middle income,9221.51403820573,77.235,1396215000,54.3,NA,4.47,39.1
Colombia,CO,COL,2004,Latin America & Caribbean,Upper middle income,4311.91591255233,72.76,41543171,9.11869,82.9504623413086,13.717,55
Colombia,CO,COL,2005,Latin America & Caribbean,Upper middle income,4457.27537460443,73.156,42128977,11.0073,86.9616470336914,11.062,53.9
Colombia,CO,COL,2003,Latin America & Caribbean,Upper middle income,4154.17528523618,72.309,40937429,7.38892,NA,13.221,53.6
Colombia,CO,COL,2015,Latin America & Caribbean,Upper middle income,6248.51490534512,76.067,46969940,55.905,97.6741180419922,8.572,51
Colombia,CO,COL,2016,Latin America & Caribbean,Upper middle income,6316.07067782542,76.228,47437512,58.1365,98.4156265258789,8.922,50.6
Colombia,CO,COL,2008,Latin America & Caribbean,Upper middle income,5048.57187245249,74.206,43758808,25.6,94.2315521240234,11.273,55.3
Colombia,CO,COL,2006,Latin America & Caribbean,Upper middle income,4694.03442939175,73.497,42691084,15.3417,90.2876663208008,11.088,NA
Colombia,CO,COL,2017,Latin America & Caribbean,Upper middle income,6309.67745292518,76.418,48131078,62.2599,99.2193298339844,9.086,49.7
Colombia,CO,COL,2002,Latin America & Caribbean,Upper middle income,4058.28493578738,71.537,40324680,4.6,78.1551971435547,14.481,56
Colombia,CO,COL,2014,Latin America & Caribbean,Upper middle income,6121.83982019825,75.95,46565429,52.5681,97.3632888793945,8.799,52.5
Colombia,CO,COL,2019,Latin America & Caribbean,Upper middle income,6439.96359812647,76.793,49907985,65.0069,101.989349365234,10.28,51.3
Colombia,CO,COL,2009,Latin America & Caribbean,Upper middle income,5046.97121757727,74.531,44271541,30,98.2700805664062,12.066,54.3
Colombia,CO,COL,2007,Latin America & Caribbean,Upper middle income,4947.25260813108,73.751,43235374,21.8,93.012809753418,11.204,NA
Colombia,CO,COL,2018,Latin America & Caribbean,Upper middle income,6353.5464285392,76.579,49024465,64.1264,100.373336791992,9.36,50.4
Colombia,CO,COL,2013,Latin America & Caribbean,Upper middle income,5910.80592301166,75.834,46151584,51.7,98.1015014648438,9.246,52.6
Colombia,CO,COL,2011,Latin America & Caribbean,Upper middle income,5517.1011086899,75.18,45259614,40.3509,101.20581817627,10.288,53.5
Colombia,CO,COL,2001,Latin America & Caribbean,Upper middle income,4020.50789754842,71.185,39709262,2.8542,NA,15.04,57.3
Colombia,CO,COL,2000,Latin America & Caribbean,Upper middle income,4016.80951748167,70.905,39089934,2.20753,76.4044799804688,20.52,58.4
Colombia,CO,COL,2020,Latin America & Caribbean,Upper middle income,5891.9552321540305,74.757,50629997,69.7953,101.499450683594,15.983,53.5
Colombia,CO,COL,2010,Latin America & Caribbean,Upper middle income,5214.24547620131,74.876,44777319,36.5,99.9543685913086,11.153,54.6
Colombia,CO,COL,2022,Latin America & Caribbean,Upper middle income,6856.72590505374,76.508,51737944,72.7964,101.573776245117,10.541,54.8
Colombia,CO,COL,2012,Latin America & Caribbean,Upper middle income,5675.75617978305,75.611,45715810,48.98,97.2326889038086,9.959,52.6
Colombia,CO,COL,2021,Latin America & Caribbean,Upper middle income,6457.16921807086,72.698,51188173,73.0284,102.987998962402,13.898,55.1
Comoros,KM,COM,2015,Sub-Saharan Africa,Lower middle income,1329.37048235986,64.473,726682,7.45916,NA,4.031,NA
Comoros,KM,COM,2002,Sub-Saharan Africa,Lower middle income,1217.11501559943,59.723,558923,0.55487,35.0426712036133,4.372,NA
Comoros,KM,COM,2012,Sub-Saharan Africa,Lower middle income,1313.5812493744,63.463,681630,5.9753,NA,4.091,NA
Comoros,KM,COM,2016,Sub-Saharan Africa,Lower middle income,1345.62555739306,64.792,741741,7.93832,NA,4.117,NA
Comoros,KM,COM,2022,Sub-Saharan Africa,Lower middle income,1368.3741885336,66.481,834188,32.7685,NA,3.879,NA
Comoros,KM,COM,2017,Sub-Saharan Africa,Lower middle income,1369.41038262485,65.127,756669,8.47817,56.9502144763063,4.049,NA
Comoros,KM,COM,2003,Sub-Saharan Africa,Lower middle income,1216.98036712949,60.24,569798,0.848189,38.9220008850098,4.559,NA
Comoros,KM,COM,2014,Sub-Saharan Africa,Lower middle income,1342.32802421364,64.143,711503,6.98,61.5078774291294,3.984,45.3
Comoros,KM,COM,2019,Sub-Saharan Africa,Lower middle income,1389.36430643805,65.662,786578,16.3838,NA,3.926,NA
Comoros,KM,COM,2020,Sub-Saharan Africa,Lower middle income,1359.70624686714,65.756,802163,22.4204,NA,4.468,NA
Comoros,KM,COM,2000,Sub-Saharan Africa,Lower middle income,1150.82840106354,58.941,536080,0.271741,NA,4.4,NA
Comoros,KM,COM,2018,Sub-Saharan Africa,Lower middle income,1391.84620461012,65.401,771590,NA,61.7014685443494,3.975,NA
Comoros,KM,COM,2013,Sub-Saharan Africa,Lower middle income,1343.5451171047,63.839,696192,6.5,58.998580844006,3.98,NA
Comoros,KM,COM,2011,Sub-Saharan Africa,Lower middle income,1299.11099021922,63.105,668056,5.5,NA,4.12,NA
Comoros,KM,COM,2005,Sub-Saharan Africa,Lower middle income,1274.6143662974,60.883,592677,2,NA,4.527,NA
Comoros,KM,COM,2010,Sub-Saharan Africa,Lower middle income,1272.60650664705,62.747,654836,5.1,NA,4.19,NA
Comoros,KM,COM,2009,Sub-Saharan Africa,Lower middle income,1250.90035344227,62.302,641947,3.5,NA,4.303,NA
Comoros,KM,COM,2008,Sub-Saharan Africa,Lower middle income,1235.97247187374,61.955,629307,3,NA,4.416,NA
Comoros,KM,COM,2006,Sub-Saharan Africa,Lower middle income,1227.24636392125,61.229,604753,2.2,NA,4.482,NA
Comoros,KM,COM,2021,Sub-Saharan Africa,Lower middle income,1359.76242021159,65.201,818174,30.6812,NA,4.394,NA
Comoros,KM,COM,2007,Sub-Saharan Africa,Lower middle income,1212.69629084896,61.475,616927,2.5,NA,4.474,NA
Comoros,KM,COM,2004,Sub-Saharan Africa,Lower middle income,1231.14746798849,60.557,580704,1.32733,42.5534706115723,4.571,55.9
Comoros,KM,COM,2001,Sub-Saharan Africa,Lower middle income,1188.50107049357,59.587,547220,0.443068,NA,4.379,NA
"Congo, Dem. Rep.",CD,COD,2001,Sub-Saharan Africa,Low income,322.033920024307,52.205,52132646,0.0114758,NA,3.251,NA
"Congo, Dem. Rep.",CD,COD,2008,Sub-Saharan Africa,Low income,393.331182464822,55.388,64390664,0.44,35.8376388549805,3.627,NA
"Congo, Dem. Rep.",CD,COD,2005,Sub-Saharan Africa,Low income,351.708486411683,54.001,58775724,0.238038,NA,2.948,NA
"Congo, Dem. Rep.",CD,COD,2003,Sub-Saharan Africa,Low income,329.709536540469,52.952,55343867,0.134915,NA,3.057,NA
"Congo, Dem. Rep.",CD,COD,2000,Sub-Saharan Africa,Low income,339.52682222392,51.887,50507442,0.00590211,NA,3.245,NA
"Congo, Dem. Rep.",CD,COD,2006,Sub-Saharan Africa,Low income,358.454382275579,54.498,60615908,0.296054,NA,3.174,NA
"Congo, Dem. Rep.",CD,COD,2004,Sub-Saharan Africa,Low income,341.714925751419,53.534,56997741,0.196208,NA,2.976,41.6
"Congo, Dem. Rep.",CD,COD,2017,Sub-Saharan Africa,Low income,482.854682128541,59.495,87083398,8.6199,NA,4.613,NA
"Congo, Dem. Rep.",CD,COD,2002,Sub-Saharan Africa,Low income,321.547848190451,52.371,53750524,0.0927907,NA,3.179,NA
"Congo, Dem. Rep.",CD,COD,2015,Sub-Saharan Africa,Low income,495.826633014883,58.658,81035531,3.8,42.1804618835449,4.441,NA
"Congo, Dem. Rep.",CD,COD,2007,Sub-Saharan Africa,Low income,377.437143095814,54.954,62477752,0.37,33.6185607910156,3.404,NA
"Congo, Dem. Rep.",CD,COD,2013,Sub-Saharan Africa,Low income,464.526715460494,57.795,75789395,2.2,38.5140419006348,4.469,NA
"Congo, Dem. Rep.",CD,COD,2018,Sub-Saharan Africa,Low income,495.312105711027,59.926,90047644,11.7,NA,4.632,NA
"Congo, Dem. Rep.",CD,COD,2010,Sub-Saharan Africa,Low income,400.619567973092,56.411,68563038,0.72,37.0387916564941,4.098,NA
"Congo, Dem. Rep.",CD,COD,2016,Sub-Saharan Africa,Low income,480.461377880475,59.081,83956415,10.1,NA,4.528,NA
"Congo, Dem. Rep.",CD,COD,2019,Sub-Saharan Africa,Low income,482.524295129472,60.242,92947442,16.4812,NA,4.605,NA
"Congo, Dem. Rep.",CD,COD,2014,Sub-Saharan Africa,Low income,481.830241883776,58.236,78403242,3,41.1783905029297,4.436,NA
"Congo, Dem. Rep.",CD,COD,2009,Sub-Saharan Africa,Low income,383.515898271062,55.798,66412044,0.56,37.3938407897949,3.882,NA
"Congo, Dem. Rep.",CD,COD,2022,Sub-Saharan Africa,Low income,513.512704372167,60.979,102396968,29.4996,NA,4.54,NA
"Congo, Dem. Rep.",CD,COD,2012,Sub-Saharan Africa,Low income,438.406058243633,57.35,73254618,1.67996,38.8012313842773,4.485,42.1
"Congo, Dem. Rep.",CD,COD,2021,Sub-Saharan Africa,Low income,485.160805929784,60.044,99148932,28.4193,55.3636283874512,5.289,NA
"Congo, Dem. Rep.",CD,COD,2011,Sub-Saharan Africa,Low income,417.130434045991,56.911,70849311,1.2,38.9499206542969,4.317,NA
"Congo, Dem. Rep.",CD,COD,2020,Sub-Saharan Africa,Low income,470.852950000929,60.428,95989998,21.6422,NA,5.355,44.7
"Congo, Rep.",CG,COG,2009,Sub-Saharan Africa,Lower middle income,2211.31572382028,61.215,4281219,4.5,NA,19.844,NA
"Congo, Rep.",CG,COG,2010,Sub-Saharan Africa,Lower middle income,2332.28508055953,61.731,4462290,5,NA,19.3,NA
"Congo, Rep.",CG,COG,2012,Sub-Saharan Africa,Lower middle income,2467.06102906839,62.662,4740450,6.1067,50.520320892334,19.491,NA
"Congo, Rep.",CG,COG,2013,Sub-Saharan Africa,Lower middle income,2390.65754938662,62.969,4857099,6.6,NA,19.845,NA
"Congo, Rep.",CG,COG,2014,Sub-Saharan Africa,Lower middle income,2488.68118548992,63.349,4975880,7.11,NA,19.696,NA
"Congo, Rep.",CG,COG,2019,Sub-Saharan Africa,Lower middle income,1885.51080877731,63.152,5616661,NA,NA,20.494,NA
"Congo, Rep.",CG,COG,2006,Sub-Saharan Africa,Lower middle income,2226.0233547376,59.474,3837409,2.00799,NA,19.563,NA
"Congo, Rep.",CG,COG,2007,Sub-Saharan Africa,Lower middle income,2004.10103961966,60.05,3980430,2.7597,NA,19.909,NA
"Congo, Rep.",CG,COG,2011,Sub-Saharan Africa,Lower middle income,2307.49384399715,62.286,4609724,5.6,NA,19.435,48.9
"Congo, Rep.",CG,COG,2021,Sub-Saharan Africa,Lower middle income,1701.79060456872,64.192,5892183,33.3461,NA,21.998,NA
"Congo, Rep.",CG,COG,2004,Sub-Saharan Africa,Lower middle income,2058.88402946896,57.957,3565554,1.0775,42.6813201904297,19.896,NA
"Congo, Rep.",CG,COG,2005,Sub-Saharan Africa,Lower middle income,2140.03686200251,58.73,3696393,1.46342,NA,19.796,47.3
"Congo, Rep.",CG,COG,2008,Sub-Saharan Africa,Lower middle income,2061.55829880574,60.79,4113517,4.28751,NA,19.962,NA
"Congo, Rep.",CG,COG,2015,Sub-Saharan Africa,Lower middle income,2439.35189403696,63.662,5097581,7.61597,NA,20.02,NA
"Congo, Rep.",CG,COG,2018,Sub-Saharan Africa,Lower middle income,1909.9560382117,64.472,5483118,NA,NA,20.84,NA
"Congo, Rep.",CG,COG,2016,Sub-Saharan Africa,Lower middle income,2174.19310251224,63.911,5222536,8.12195,NA,20.298,NA
"Congo, Rep.",CG,COG,2002,Sub-Saharan Africa,Lower middle income,2100.16876714574,56.414,3350771,0.15725,36.9716186523438,19.644,NA
"Congo, Rep.",CG,COG,2022,Sub-Saharan Africa,Lower middle income,1686.00234391385,65,6035104,37.4939,NA,20.131,NA
"Congo, Rep.",CG,COG,2000,Sub-Saharan Africa,Lower middle income,2057.01922023551,55.371,3151345,0.026354699999999998,NA,19.872,NA
"Congo, Rep.",CG,COG,2003,Sub-Saharan Africa,Lower middle income,2058.88683675038,57.131,3445753,0.460014,38.03369140625,19.877,NA
"Congo, Rep.",CG,COG,2020,Sub-Saharan Africa,Lower middle income,1725.51040049963,64.391,5752791,24.8206,NA,22.286,NA
"Congo, Rep.",CG,COG,2001,Sub-Saharan Africa,Lower middle income,2056.16505922617,55.885,3272537,0.0322236,NA,19.88,NA
"Congo, Rep.",CG,COG,2017,Sub-Saharan Africa,Lower middle income,2003.27121075187,64.203,5351011,8.65,NA,20.737,NA
Costa Rica,CR,CRI,2006,Latin America & Caribbean,Upper middle income,9160.29437453236,79.049,4321340,25.1,85.9572372436523,5.926,49.3
Costa Rica,CR,CRI,2015,Latin America & Caribbean,Upper middle income,11714.7105980732,80.407,4818038,59.763,115.72087097168,8.415,48.4
Costa Rica,CR,CRI,2003,Latin America & Caribbean,Upper middle income,8207.45746763047,78.214,4138784,20.3336,NA,6.654,49.3
Costa Rica,CR,CRI,2002,Latin America & Caribbean,Upper middle income,7989.55926102157,77.939,4075705,19.8949,65.6379089355469,6.396,51.8
Costa Rica,CR,CRI,2005,Latin America & Caribbean,Upper middle income,8655.33965418585,78.877,4261240,22.07,79.1932067871094,6.749,47.5
Costa Rica,CR,CRI,2016,Latin America & Caribbean,Upper middle income,12084.4351325634,79.988,4866998,65.8804,118.203712463379,8.085,48.7
Costa Rica,CR,CRI,2017,Latin America & Caribbean,Upper middle income,12468.5654531709,79.994,4913177,71.5817,121.514961242676,7.729,48.3
Costa Rica,CR,CRI,2007,Latin America & Caribbean,Upper middle income,9779.51149389818,79.098,4380248,28.4,86.9762496948242,4.557,49.3
Costa Rica,CR,CRI,2000,Latin America & Caribbean,Upper middle income,7726.51985682031,77.317,3937739,5.80025,59.6520385742188,5.08,47.4
Costa Rica,CR,CRI,2012,Latin America & Caribbean,Upper middle income,11001.5192856576,79.925,4663934,47.5,103.267303466797,9.11,48.4
Costa Rica,CR,CRI,2013,Latin America & Caribbean,Upper middle income,11151.1437869768,80.189,4716147,45.96,108.534126281738,8.218,49.2
Costa Rica,CR,CRI,2004,Latin America & Caribbean,Upper middle income,8445.52914945791,78.512,4200078,20.7923,77.7891998291016,6.445,48.4
Costa Rica,CR,CRI,2001,Latin America & Caribbean,Upper middle income,7854.2339580182,77.609,4008947,9.55948,63.9812812805176,6.051,51.5
Costa Rica,CR,CRI,2018,Latin America & Caribbean,Upper middle income,12679.5253643016,80.09,4957818,73.4797,125.964347839355,9.01,48
Costa Rica,CR,CRI,2011,Latin America & Caribbean,Upper middle income,10612.4694861141,79.624,4609833,39.2122,99.7109375,9.518,48.8
Costa Rica,CR,CRI,2008,Latin America & Caribbean,Upper middle income,10104.9092039691,79.18,4440056,32.29,88.2622985839844,4.934,48.6
Costa Rica,CR,CRI,2009,Latin America & Caribbean,Upper middle income,9883.67567046297,79.372,4499791,34.33,94.3034362792969,7.824,50.6
Costa Rica,CR,CRI,2014,Latin America & Caribbean,Upper middle income,11422.6735793176,80.231,4767119,53,114.289863586426,8.499,48.6
Costa Rica,CR,CRI,2021,Latin America & Caribbean,Upper middle income,13146.6927918465,78.05,5059988,82.749,138.903381347656,15.139,48.7
Costa Rica,CR,CRI,2022,Latin America & Caribbean,Upper middle income,13686.1614090822,79.316,5081765,82.598,131.907592773438,11.325,47.2
Costa Rica,CR,CRI,2010,Latin America & Caribbean,Upper middle income,10285.0856660419,79.354,4555962,36.5,97.5067367553711,7.171,48
Costa Rica,CR,CRI,2020,Latin America & Caribbean,Upper middle income,12242.2098908533,79.725,5034320,80.5302,132.678680419922,16.432,49.2
Costa Rica,CR,CRI,2019,Latin America & Caribbean,Upper middle income,12877.650101079,80.296,4999553,81.2026,132.849334716797,10.807,48.2
Cote d'Ivoire,CI,CIV,2010,Sub-Saharan Africa,Lower middle income,1540.52927270246,55.282,22488065,2.7,NA,6.607,NA
Cote d'Ivoire,CI,CIV,2011,Sub-Saharan Africa,Lower middle income,1426.46463864534,55.972,22982000,2.9,NA,7.144,NA
Cote d'Ivoire,CI,CIV,2013,Sub-Saharan Africa,Lower middle income,1632.32712787006,57.057,23939775,6.6,NA,4.255,NA
Cote d'Ivoire,CI,CIV,2018,Sub-Saharan Africa,Lower middle income,2013.32307598499,59.795,27464173,37.5465,51.072614509286,2.852,37.2
Cote d'Ivoire,CI,CIV,2012,Sub-Saharan Africa,Lower middle income,1503.43433046682,56.57,23467078,4.4,NA,7.223,NA
Cote d'Ivoire,CI,CIV,2022,Sub-Saharan Africa,Lower middle income,2227.09845246984,61.562,30395002,38.4133,54.0714108290486,2.31,NA
Cote d'Ivoire,CI,CIV,2021,Sub-Saharan Africa,Lower middle income,2146.47635317946,60.29,29639736,35.9507,57.135967003236,2.623,35.3
Cote d'Ivoire,CI,CIV,2020,Sub-Saharan Africa,Lower middle income,2055.08483996432,60.14,28915449,36.0166,55.4380323721262,2.588,NA
Cote d'Ivoire,CI,CIV,2006,Sub-Saharan Africa,Lower middle income,1437.77453798586,52.885,20546802,1.5249,NA,6.017,NA
Cote d'Ivoire,CI,CIV,2005,Sub-Saharan Africa,Lower middle income,1431.73320203111,52.432,20068458,1.03924,NA,6.023,NA
Cote d'Ivoire,CI,CIV,2007,Sub-Saharan Africa,Lower middle income,1420.1738958245,53.452,21030558,1.8,NA,6.284,NA
Cote d'Ivoire,CI,CIV,2014,Sub-Saharan Africa,Lower middle income,1742.53693001178,57.772,24527395,10,40.4629922041554,3.274,NA
Cote d'Ivoire,CI,CIV,2004,Sub-Saharan Africa,Lower middle income,1451.86547141894,51.939,19595000,0.849282,NA,5.915,NA
Cote d'Ivoire,CI,CIV,2015,Sub-Saharan Africa,Lower middle income,1814.71855088017,58.281,25246342,38.44,43.9865647318392,2.573,41.5
Cote d'Ivoire,CI,CIV,2003,Sub-Saharan Africa,Lower middle income,1441.58801755037,51.443,19125542,0.75867,NA,5.847,NA
Cote d'Ivoire,CI,CIV,2009,Sub-Saharan Africa,Lower middle income,1473.9183699329,54.744,21997940,2,NA,6.573,NA
Cote d'Ivoire,CI,CIV,2019,Sub-Saharan Africa,Lower middle income,2093.09994335779,60.274,28193009,36.289,53.791930617454,2.401,NA
Cote d'Ivoire,CI,CIV,2002,Sub-Saharan Africa,Lower middle income,1551.27925902838,51.544,18654771,0.497929,NA,5.508,41.3
Cote d'Ivoire,CI,CIV,2000,Sub-Saharan Africa,Lower middle income,1717.95385651231,51.393,17699004,0.231462,NA,4.835,NA
Cote d'Ivoire,CI,CIV,2016,Sub-Saharan Africa,Lower middle income,1889.27777949938,58.814,25989405,41.2078,46.2425069943643,1.896,NA
Cote d'Ivoire,CI,CIV,2008,Sub-Saharan Africa,Lower middle income,1454.62731800082,54.179,21514439,1.9,NA,6.382,43.2
Cote d'Ivoire,CI,CIV,2017,Sub-Saharan Africa,Lower middle income,1972.81431788947,59.315,26733372,43.8399,49.0863555848622,3.272,NA
Cote d'Ivoire,CI,CIV,2001,Sub-Saharan Africa,Lower middle income,1636.57318705218,51.428,18178913,0.395748,NA,5.195,NA
Croatia,HR,HRV,2000,Europe & Central Asia,High income,8880.26980689876,72.8078048780488,4468302,6.64488,NA,16.064,31.3
Croatia,HR,HRV,2022,Europe & Central Asia,High income,16618.1111874724,77.5756097560976,3855641,82.0716,105.577796936035,6.811,30
Croatia,HR,HRV,2008,Europe & Central Asia,High income,12970.4376964616,75.9121951219512,4309705,44.24,98.9992294311523,8.53,33.7
Croatia,HR,HRV,2009,Europe & Central Asia,High income,12099.5521781656,76.1682926829268,4305181,50.58,98.9394226074219,9.202,32.6
Croatia,HR,HRV,2010,Europe & Central Asia,High income,11965.0049285028,76.4756097560976,4295427,56.55,98.8955230712891,11.62,32.4
Croatia,HR,HRV,2001,Europe & Central Asia,High income,9515.73569793698,74.5129268292683,4299642,11.5586,94.7751998901367,15.822,31.1
Croatia,HR,HRV,2021,Europe & Central Asia,High income,15395.1287782758,76.4243902439025,3878981,81.254,105.876342773438,7.483,28.9
Croatia,HR,HRV,2020,Europe & Central Asia,High income,13545.4881162417,77.5243902439024,3914206,78.3209,105.585418701172,7.389,29.5
Croatia,HR,HRV,2018,Europe & Central Asia,High income,14060.9874833125,77.919512195122,3988775,75.2946,104.960083007812,8.322,29.7
Croatia,HR,HRV,2007,Europe & Central Asia,High income,12717.9875997872,75.7056097560976,4310217,41.44,99.0125274658203,9.909,NA
Croatia,HR,HRV,2019,Europe & Central Asia,High income,14641.663970693,78.2243902439024,3949390,79.0798,105.13597869873,6.551,28.9
Croatia,HR,HRV,2004,Europe & Central Asia,High income,11059.0980614364,75.520243902439,4304600,30.91,NA,13.664,29.7
Croatia,HR,HRV,2005,Europe & Central Asia,High income,11522.7905248265,75.2446341463415,4310145,33.14,99.0768890380859,12.598,NA
Croatia,HR,HRV,2002,Europe & Central Asia,High income,10062.0396800621,74.7173170731707,4302174,17.76,95.021728515625,15.053,NA
Croatia,HR,HRV,2003,Europe & Central Asia,High income,10619.3078243865,74.6139024390244,4303399,22.75,95.4956436157227,13.924,NA
Croatia,HR,HRV,2016,Europe & Central Asia,High income,12848.419539107,77.9219512195122,4106867,72.6973,103.719436645508,13.015,30.9
Croatia,HR,HRV,2017,Europe & Central Asia,High income,13485.3012514274,77.7268292682927,4041407,67.0962,104.214416503906,11.078,30.4
Croatia,HR,HRV,2006,Europe & Central Asia,High income,12104.0421469867,75.8368292682927,4311159,37.98,99.0345077514648,11.13,NA
Croatia,HR,HRV,2015,Europe & Central Asia,High income,12283.7840620053,77.2756097560976,4151725,69.845,102.981330871582,16.15,31.1
Croatia,HR,HRV,2014,Europe & Central Asia,High income,11862.7609491821,77.7243902439024,4201598,68.5679,102.528923034668,17.209,32.1
Croatia,HR,HRV,2013,Europe & Central Asia,High income,11838.2152450357,77.5707317073171,4233922,66.7476,101.800498962402,17.231,32
Croatia,HR,HRV,2011,Europe & Central Asia,High income,11993.0713179162,76.7756097560976,4280622,57.79,99.2656021118164,13.678,32.3
Croatia,HR,HRV,2012,Europe & Central Asia,High income,11780.4742767284,77.1682926829268,4260368,61.94,99.3463897705078,16.046,32.5
Cuba,CU,CUB,2014,Latin America & Caribbean,Upper middle income,7392.48324633027,77.825,11285775,29.0702,95.9867990183168,2.7,NA
Cuba,CU,CUB,2000,Latin America & Caribbean,Upper middle income,4112.26168350671,75.922,11109109,0.541183,81.8830108642578,5.45,NA
Cuba,CU,CUB,2001,Latin America & Caribbean,Upper middle income,4229.90309433356,76.429,11144132,1.07975,84.3682479858398,4.08,NA
Cuba,CU,CUB,2002,Latin America & Caribbean,Upper middle income,4277.39565642359,76.766,11177418,3.77059,88.5996932983398,3.31,NA
Cuba,CU,CUB,2003,Latin America & Caribbean,Upper middle income,4426.96599591833,77.405,11209383,5.24127,91.7871322631836,2.33,NA
Cuba,CU,CUB,2013,Latin America & Caribbean,Upper middle income,7307.82004410741,78.028,11298167,27.93,91.3310039372362,3.29,NA
Cuba,CU,CUB,2010,Latin America & Caribbean,Upper middle income,6716.49048497058,77.876,11297409,15.9,92.4079409432897,2.5,NA
Cuba,CU,CUB,2015,Latin America & Caribbean,Upper middle income,7727.91997207998,77.745,11275065,37.3051,96.0929099069438,2.4,NA
Cuba,CU,CUB,2016,Latin America & Caribbean,Upper middle income,7774.0698462623,77.571,11265612,42.9787,97.8005641142909,2,NA
Cuba,CU,CUB,2017,Latin America & Caribbean,Upper middle income,7927.27769431767,77.3,11247829,57.1484,98.8916381409707,1.7,NA
Cuba,CU,CUB,2012,Latin America & Caribbean,Upper middle income,7109.24834185635,78.162,11303175,21.2,90.9268566341812,3.46,NA
Cuba,CU,CUB,2011,Latin America & Caribbean,Upper middle income,6902.16397571139,78.051,11301571,16.0173,92.221518431358,3.18,NA
Cuba,CU,CUB,2009,Latin America & Caribbean,Upper middle income,6561.2530509300605,77.584,11294719,14.33,92.1000823974609,1.67,NA
Cuba,CU,CUB,2021,Latin America & Caribbean,Upper middle income,7379.04275283674,73.201,11122168,67.6435,100.016181545784,2.11,NA
Cuba,CU,CUB,2007,Latin America & Caribbean,Upper middle income,6215.76603727772,77.55,11287272,11.69,93.1459197998047,1.788,NA
Cuba,CU,CUB,2004,Latin America & Caribbean,Upper middle income,4670.18802138025,77.326,11238756,8.40798,91.1237411499023,1.854,NA
Cuba,CU,CUB,2005,Latin America & Caribbean,Upper middle income,5182.35283601732,77.54,11262554,9.73806,92.3748474121094,1.95,NA
Cuba,CU,CUB,2008,Latin America & Caribbean,Upper middle income,6469.08507847668,77.589,11291762,12.94,93.1690521240234,1.583,NA
Cuba,CU,CUB,2020,Latin America & Caribbean,Upper middle income,7252.28811179844,77.407,11176354,71.1191,101.487990578922,2.233,NA
Cuba,CU,CUB,2018,Latin America & Caribbean,Upper middle income,8120.43123558256,77.426,11227118,62.6789,99.5805926474392,1.7,NA
Cuba,CU,CUB,2006,Latin America & Caribbean,Upper middle income,5799.41163668615,77.406,11278550,11.1596,93.1539993286133,1.913,NA
Cuba,CU,CUB,2019,Latin America & Caribbean,Upper middle income,8124.75282059108,77.413,11202846,67.9708,100.467809909244,1.705,NA
Cuba,CU,CUB,2022,Latin America & Caribbean,Upper middle income,7552.33152218842,77.629,11059820,68.25,103.627148989561,1.829,NA
Curacao,CW,CUW,2022,Latin America & Caribbean,High income,16772.8147195764,76.729,153321,NA,NA,NA,NA
Curacao,CW,CUW,2019,Latin America & Caribbean,High income,17980.5297947929,76.492,157441,NA,NA,NA,NA
Curacao,CW,CUW,2021,Latin America & Caribbean,High income,15625.4114231051,75.686,153948,NA,NA,NA,NA
Curacao,CW,CUW,2002,Latin America & Caribbean,High income,22231.8792561824,73.472,129205,NA,NA,NA,NA
Curacao,CW,CUW,2018,Latin America & Caribbean,High income,18355.1765793615,76.493,159336,NA,NA,NA,NA
Curacao,CW,CUW,2015,Latin America & Caribbean,High income,19361.8129630226,76.482,157980,NA,NA,NA,NA
Curacao,CW,CUW,2007,Latin America & Caribbean,High income,21011.1570121301,74.137,144056,NA,NA,NA,NA
Curacao,CW,CUW,2005,Latin America & Caribbean,High income,21112.3218717015,73.873,137658,NA,NA,NA,NA
Curacao,CW,CUW,2003,Latin America & Caribbean,High income,21840.8912647914,73.603,131897,NA,NA,NA,NA
Curacao,CW,CUW,2006,Latin America & Caribbean,High income,20913.6629896021,73.978,141239,NA,NA,NA,NA
Curacao,CW,CUW,2004,Latin America & Caribbean,High income,21512.1115522523,73.735,134192,NA,NA,NA,NA
Curacao,CW,CUW,2012,Latin America & Caribbean,High income,20277.5112566223,75.96,152088,NA,NA,NA,NA
Curacao,CW,CUW,2011,Latin America & Caribbean,High income,20518.0985782641,75.576,150831,NA,NA,NA,NA
Curacao,CW,CUW,2013,Latin America & Caribbean,High income,19921.4771792975,76.239,153822,NA,86.3066389722286,NA,NA
Curacao,CW,CUW,2016,Latin America & Caribbean,High income,18953.0538552203,76.322,159664,61.8555,NA,NA,NA
Curacao,CW,CUW,2020,Latin America & Caribbean,High income,14849.9696941839,76.501,155482,NA,129.470256951777,NA,NA
Curacao,CW,CUW,2017,Latin America & Caribbean,High income,18651.4796966993,76.423,160175,68.1272,NA,NA,NA
Curacao,CW,CUW,2010,Latin America & Caribbean,High income,20706.437408421,75.117,148703,NA,NA,NA,NA
Curacao,CW,CUW,2014,Latin America & Caribbean,High income,19529.5285930905,76.384,155909,NA,NA,NA,NA
Curacao,CW,CUW,2000,Latin America & Caribbean,High income,21523.645846078,73.283,133860,NA,NA,NA,NA
Curacao,CW,CUW,2009,Latin America & Caribbean,High income,20952.8997952543,74.485,146833,NA,NA,NA,NA
Curacao,CW,CUW,2001,Latin America & Caribbean,High income,22171.0654932071,73.36,129047,NA,NA,NA,NA
Curacao,CW,CUW,2008,Latin America & Caribbean,High income,21202.4304610307,74.314,145880,NA,NA,NA,NA
Cyprus,CY,CYP,2020,Europe & Central Asia,High income,26895.68359375,81.23,1302247,90.8019,101.427406311035,7.755,31.7
Cyprus,CY,CYP,2007,Europe & Central Asia,High income,27156.818359375,79.798,1072714,40.77,92.9139404296875,3.946,31.1
Cyprus,CY,CYP,2000,Europe & Central Asia,High income,22383.96484375,77.9,947667,15.2554,93.3721389770508,4.766,NA
Cyprus,CY,CYP,2003,Europe & Central Asia,High income,23930.783203125,78.908,999590,30.09,97.5562286376953,4.153,NA
Cyprus,CY,CYP,2001,Europe & Central Asia,High income,23019.25,78.185,964127,18.8188,93.4450607299805,4.043,NA
Cyprus,CY,CYP,2002,Europe & Central Asia,High income,23604.189453125,78.758,981440,28.32,96.9152069091797,3.336,NA
Cyprus,CY,CYP,2019,Europe & Central Asia,High income,28167.16015625,81.454,1286671,86.0636,100.850433349609,7.155,31.2
Cyprus,CY,CYP,2015,Europe & Central Asia,High income,23088.44140625,81.464,1219502,71.7157,99.7783126831055,15.026,34
Cyprus,CY,CYP,2006,Europe & Central Asia,High income,26395.50390625,79.456,1054418,35.83,93.1404724121094,4.593,31.1
Cyprus,CY,CYP,2010,Europe & Central Asia,High income,26090.048828125,80.632,1127816,52.99,91.440803527832,6.359,31.5
Cyprus,CY,CYP,2018,Europe & Central Asia,High income,26962.40625,81.556,1270737,84.4336,100.253517150879,8.504,32.7
Cyprus,CY,CYP,2021,Europe & Central Asia,High income,29517.072265625,80.573,1317309,90.7595,102.499496459961,7.513,31.3
Cyprus,CY,CYP,2022,Europe & Central Asia,High income,31370.55078125,80.434,1331370,89.601,104.005722045898,6.806,31.5
Cyprus,CY,CYP,2009,Europe & Central Asia,High income,26183.685546875,80.375,1109371,49.81,91.9261779785156,5.594,32.1
Cyprus,CY,CYP,2011,Europe & Central Asia,High income,25538.78125,80.855,1146493,56.8599,92.8256225585938,7.942,32.6
Cyprus,CY,CYP,2005,Europe & Central Asia,High income,25631.3671875,79.198,1036151,32.81,94.0052337646484,5.481,30.3
Cyprus,CY,CYP,2014,Europe & Central Asia,High income,22373.578125,81.337,1201801,69.3287,99.4167327880859,16.277,35.6
Cyprus,CY,CYP,2012,Europe & Central Asia,High income,24285.49609375,81.128,1165397,60.6899,95.2998504638672,12.097,34.3
Cyprus,CY,CYP,2004,Europe & Central Asia,High income,24799.6484375,79.007,1017875,33.83,96.2935333251953,4.77,30.1
Cyprus,CY,CYP,2008,Europe & Central Asia,High income,27449.2265625,79.906,1091026,42.31,92.3691635131836,3.756,31.7
Cyprus,CY,CYP,2017,Europe & Central Asia,High income,25666.00390625,81.543,1254275,80.7432,100.332550048828,11.155,31.4
Cyprus,CY,CYP,2016,Europe & Central Asia,High income,24477.986328125,81.534,1237112,75.9002,99.1193084716797,13.006,32.9
Cyprus,CY,CYP,2013,Europe & Central Asia,High income,22711.71875,81.317,1183895,65.4548,98.3116912841797,16.131,37
Czechia,CZ,CZE,2019,Europe & Central Asia,High income,20360.0599221814,79.2292682926829,10671870,80.8669,100.21556854248,2.015,25.3
Czechia,CZ,CZE,2018,Europe & Central Asia,High income,19736.6295261285,79.0292682926829,10629928,80.6882,101.514892578125,2.246,25
Czechia,CZ,CZE,2021,Europe & Central Asia,High income,20373.8783043424,77.2219512195122,10505772,82.6706,102.089942932129,2.803,26.2
Czechia,CZ,CZE,2013,Europe & Central Asia,High income,16759.7808635642,78.1756097560976,10514272,74.1104,106.875068664551,6.953,26.5
Czechia,CZ,CZE,2017,Europe & Central Asia,High income,19257.6930680911,78.9780487804878,10594438,78.7192,102.204696655273,2.893,24.9
Czechia,CZ,CZE,2010,Europe & Central Asia,High income,16665.9317825137,77.4243902439025,10474410,68.82,98.6544189453125,7.281,26.6
Czechia,CZ,CZE,2006,Europe & Central Asia,High income,16107.3042502688,76.5243902439024,10238905,47.93,97.459716796875,7.141,26.7
Czechia,CZ,CZE,2022,Europe & Central Asia,High income,20627.348651011,78.9292682926829,10672118,84.5401,102.935562133789,2.224,25.9
Czechia,CZ,CZE,2016,Europe & Central Asia,High income,18359.0978103904,79.0268292682927,10566332,76.4812,103.015083312988,3.952,25.4
Czechia,CZ,CZE,2015,Europe & Central Asia,High income,17931.5987670768,78.5780487804878,10546059,75.6688,104.810516357422,5.048,25.9
Czechia,CZ,CZE,2002,Europe & Central Asia,High income,13179.9878092741,75.2219512195122,10196916,23.93,95.2897491455078,7.28,26.6
Czechia,CZ,CZE,2011,Europe & Central Asia,High income,16926.2846674435,77.8731707317073,10496088,70.49,99.4467315673828,6.712,26.4
Czechia,CZ,CZE,2012,Europe & Central Asia,High income,16772.3539223328,78.0756097560976,10510785,73.43,99.7749633789062,6.979,26.1
Czechia,CZ,CZE,2020,Europe & Central Asia,High income,19233.1469549829,78.2268292682927,10697858,81.3389,99.3292617797852,2.55,26.2
Czechia,CZ,CZE,2014,Europe & Central Asia,High income,17118.0425571578,78.8243902439024,10525347,74.2317,106.118507385254,6.108,25.9
Czechia,CZ,CZE,2003,Europe & Central Asia,High income,13618.9349633164,75.1707317073171,10193998,34.3,96.0471115112305,7.777,NA
Czechia,CZ,CZE,2000,Europe & Central Asia,High income,12543.9364342367,74.9682926829268,10255063,9.78053,89.3995208740234,8.764,NA
Czechia,CZ,CZE,2001,Europe & Central Asia,High income,12958.4667607533,75.1731707317073,10216605,14.6972,94.5851364135742,8.128,NA
Czechia,CZ,CZE,2005,Europe & Central Asia,High income,15147.7214417611,75.9243902439025,10211216,35.27,96.0492401123047,7.927,26.9
Czechia,CZ,CZE,2009,Europe & Central Asia,High income,16272.8084766719,77.0780487804878,10443936,64.43,97.9063034057617,6.662,26.2
Czechia,CZ,CZE,2007,Europe & Central Asia,High income,16892.542854974,76.7243902439025,10298828,51.93,97.7152786254883,5.316,26
Czechia,CZ,CZE,2008,Europe & Central Asia,High income,17190.6470333289,76.9756097560976,10384603,62.97,98.0813293457031,4.392,26.3
Czechia,CZ,CZE,2004,Europe & Central Asia,High income,14259.63342798,75.7219512195122,10197101,35.5,95.4745712280273,8.298,27.5
Denmark,DK,DNK,2007,Europe & Central Asia,High income,54113.9771471341,78.1951219512195,5461438,85.03,117.994140625,3.801,26.2
Denmark,DK,DNK,2016,Europe & Central Asia,High income,54300.2039621991,80.8536585365854,5728010,96.9678,131.441299438477,5.989,28.2
Denmark,DK,DNK,2017,Europe & Central Asia,High income,55601.0145717787,81.1024390243903,5764980,97.0994,130.324432373047,5.833,28.7
Denmark,DK,DNK,2003,Europe & Central Asia,High income,49708.0909084109,77.1439024390244,5390574,76.26,124.619468688965,5.398,25.6
Denmark,DK,DNK,2015,Europe & Central Asia,High income,53094.0133607574,80.7024390243902,5683483,96.3305,133.795471191406,6.278,28.2
Denmark,DK,DNK,2001,Europe & Central Asia,High income,49557.1509962227,76.7926829268293,5358783,42.9575,129.876510620117,4.164,NA
Denmark,DK,DNK,2006,Europe & Central Asia,High income,53823.1590295482,78.0951219512195,5437272,86.65,118.173477172852,3.897,25.9
Denmark,DK,DNK,2005,Europe & Central Asia,High income,52015.1841169021,77.8439024390244,5419432,82.74,122.080146789551,4.83,25.2
Denmark,DK,DNK,2009,Europe & Central Asia,High income,50635.9118061988,78.5975609756098,5523095,86.84,117.131889343262,6.409,26.7
Denmark,DK,DNK,2011,Europe & Central Asia,High income,51667.5313210425,79.8,5570572,89.81,121.816520690918,7.769,27.3
Denmark,DK,DNK,2018,Europe & Central Asia,High income,56355.0733084714,80.9536585365854,5793636,97.3192,129.849563598633,5.131,28.2
Denmark,DK,DNK,2008,Europe & Central Asia,High income,53572.5346568185,78.4463414634146,5493621,85.02,117.272972106934,3.683,25.2
Denmark,DK,DNK,2004,Europe & Central Asia,High income,50956.3045398814,77.4926829268293,5404523,80.93,121.348091125488,5.204,24.9
Denmark,DK,DNK,2014,Europe & Central Asia,High income,52368.3625969272,80.7,5643475,95.9935,132.451354980469,6.925,28.4
Denmark,DK,DNK,2012,Europe & Central Asia,High income,51470.689845427,80.0512195121951,5591572,92.26,124.577186584473,7.798,27.8
Denmark,DK,DNK,2010,Europe & Central Asia,High income,51209.4492757775,79.1,5547683,88.72,118.944053649902,7.746,27.2
Denmark,DK,DNK,2000,Europe & Central Asia,High income,49266.9882757886,76.5926829268293,5339616,39.1724,126.853088378906,4.476,23.8
Denmark,DK,DNK,2022,Europe & Central Asia,High income,59108.7449374068,81.3048780487805,5903037,97.8601,130.326995849609,4.434,29.3
Denmark,DK,DNK,2013,Europe & Central Asia,High income,51970.3909324806,80.3,5614932,94.6297,131.692306518555,7.384,28.5
Denmark,DK,DNK,2019,Europe & Central Asia,High income,57114.6227336347,81.4512195121951,5814422,98.0464,129.311126708984,5.018,27.7
Denmark,DK,DNK,2020,Europe & Central Asia,High income,55934.5555945523,81.6024390243903,5831404,96.5491,129.995193481445,5.644,27.5
Denmark,DK,DNK,2002,Europe & Central Asia,High income,49624.5965359582,76.8951219512195,5375931,64.25,125.105667114258,4.274,NA
Denmark,DK,DNK,2021,Europe & Central Asia,High income,59312.815804377104,81.4048780487805,5856733,98.8659,131.772018432617,5.065,28.3
Djibouti,DJ,DJI,2008,Middle East & North Africa,Lower middle income,NA,59.815,892734,2.26,NA,26.183,NA
Djibouti,DJ,DJI,2007,Middle East & North Africa,Lower middle income,NA,59.362,874528,1.62,NA,26.292,NA
Djibouti,DJ,DJI,2009,Middle East & North Africa,Lower middle income,NA,60.351,911527,4,NA,26.325,NA
Djibouti,DJ,DJI,2011,Middle East & North Africa,Lower middle income,NA,61.337,948558,7,NA,26.31,NA
Djibouti,DJ,DJI,2020,Middle East & North Africa,Lower middle income,2773.40661780097,64.2,1105188,59.9257,NA,27.701,NA
Djibouti,DJ,DJI,2021,Middle East & North Africa,Lower middle income,2854.15987035097,63.83,1121248,61.4112,NA,27.628,NA
Djibouti,DJ,DJI,2005,Middle East & North Africa,Lower middle income,NA,58.548,839167,0.953611,NA,26.448,NA
Djibouti,DJ,DJI,2019,Middle East & North Africa,Lower middle income,2781.94350113484,64.381,1088709,58.4762,NA,26.257,NA
Djibouti,DJ,DJI,2017,Middle East & North Africa,Lower middle income,2596.45134698268,63.71,1054841,55.6814,NA,26.064,41.6
Djibouti,DJ,DJI,2010,Middle East & North Africa,Lower middle income,NA,60.743,930251,6.5,NA,26.368,NA
Djibouti,DJ,DJI,2004,Middle East & North Africa,Lower middle income,NA,58.103,826124,0.781317,NA,26.441,NA
Djibouti,DJ,DJI,2022,Middle East & North Africa,Lower middle income,2959.78673011268,65.54,1137096,63.2573,NA,26.272,NA
Djibouti,DJ,DJI,2012,Middle East & North Africa,Lower middle income,NA,61.719,966747,9.4,NA,26.179,45.1
Djibouti,DJ,DJI,2016,Middle East & North Africa,Lower middle income,2502.85181449431,63.335,1037653,30.8,NA,25.982,NA
Djibouti,DJ,DJI,2013,Middle East & North Africa,Lower middle income,2140.13769442336,62.116,984824,12.7,NA,26.149,44.1
Djibouti,DJ,DJI,2003,Middle East & North Africa,Lower middle income,NA,58.041,813519,0.62594,NA,26.484,NA
Djibouti,DJ,DJI,2006,Middle East & North Africa,Lower middle income,NA,58.962,855764,1.27004,NA,26.382,NA
Djibouti,DJ,DJI,2015,Middle East & North Africa,Lower middle income,2376.12554719873,62.833,1020313,22.9,NA,26.063,NA
Djibouti,DJ,DJI,2001,Middle East & North Africa,Lower middle income,NA,57.506,771313,0.343526,NA,26.597,NA
Djibouti,DJ,DJI,2014,Middle East & North Africa,Lower middle income,2253.14082249768,62.427,1002717,17,NA,26.16,NA
Djibouti,DJ,DJI,2018,Middle East & North Africa,Lower middle income,2677.1650334451,64.105,1071882,57.0617,NA,26.18,NA
Djibouti,DJ,DJI,2000,Middle East & North Africa,Lower middle income,NA,56.734,747318,0.194501,NA,26.664,NA
Djibouti,DJ,DJI,2002,Middle East & North Africa,Lower middle income,NA,57.824,795574,0.486972,NA,26.589,40
Dominica,DM,DMA,2008,Latin America & Caribbean,Upper middle income,8682.57378179773,71.945,68854,41.16,110.860000610352,NA,NA
Dominica,DM,DMA,2007,Latin America & Caribbean,Upper middle income,8106.18951878325,71.901,68847,40.2745,112.818580627441,NA,NA
Dominica,DM,DMA,2014,Latin America & Caribbean,Upper middle income,8576.26367623609,71.189,70373,57.5,93.3871994018555,NA,NA
Dominica,DM,DMA,2006,Latin America & Caribbean,Upper middle income,7698.53701483824,72.007,68806,39.3982,113.30908203125,NA,NA
Dominica,DM,DMA,2010,Latin America & Caribbean,Upper middle income,8574.27308682238,71.68,68859,47.45,108.655853271484,NA,NA
Dominica,DM,DMA,2009,Latin America & Caribbean,Upper middle income,8582.71481435718,71.835,68864,42.02,111.792961120605,NA,NA
Dominica,DM,DMA,2000,Latin America & Caribbean,Upper middle income,6879.59737273918,71.715,68511,8.81484,106.89208984375,NA,NA
Dominica,DM,DMA,2002,Latin America & Caribbean,Upper middle income,6676.97271467957,71.927,68367,18.4249,112.225051879883,NA,NA
Dominica,DM,DMA,2015,Latin America & Caribbean,Upper middle income,8282.59874702141,69.968,70410,65,95.9454803466797,NA,NA
Dominica,DM,DMA,2011,Latin America & Caribbean,Upper middle income,8553.8384670104,71.517,69053,48.6,109.177848815918,NA,NA
Dominica,DM,DMA,2001,Latin America & Caribbean,Upper middle income,6897.65674086518,71.862,68288,13.2452,109.117523193359,NA,NA
Dominica,DM,DMA,2022,Latin America & Caribbean,Upper middle income,8590.92209069816,71.081,66826,83.3101,105.387588500977,NA,NA
Dominica,DM,DMA,2021,Latin America & Caribbean,Upper middle income,7738.31730070386,69.832,67202,82.6979,105.535634244733,NA,NA
Dominica,DM,DMA,2003,Latin America & Caribbean,Upper middle income,7047.66189595946,71.942,68531,23.6204,117.79776763916,NA,NA
Dominica,DM,DMA,2004,Latin America & Caribbean,Upper middle income,7323.8530008275,71.987,68649,30.3196,114.818801879883,NA,NA
Dominica,DM,DMA,2012,Latin America & Caribbean,Upper middle income,8532.34388117289,71.391,69118,49.8,102.783400809717,NA,NA
Dominica,DM,DMA,2019,Latin America & Caribbean,Upper middle income,8624.51695993537,71.305,67880,73.3819,105.625543006082,NA,NA
Dominica,DM,DMA,2020,Latin America & Caribbean,Upper middle income,7302.94454951254,71.269,67573,75.6567,105.181579589844,NA,NA
Dominica,DM,DMA,2016,Latin America & Caribbean,Upper middle income,8499.52291903149,71.189,69606,67.03,NA,NA,NA
Dominica,DM,DMA,2005,Latin America & Caribbean,Upper middle income,7381.74728529453,72.016,68734,38.5436,114.346900939941,NA,NA
Dominica,DM,DMA,2018,Latin America & Caribbean,Upper middle income,8261.16492553236,71.378,68174,NA,NA,NA,NA
Dominica,DM,DMA,2017,Latin America & Caribbean,Upper middle income,7985.6341102129,68.62,68496,69.6197,NA,NA,NA
Dominica,DM,DMA,2013,Latin America & Caribbean,Upper middle income,8459.6586988024,71.228,69715,51,NA,NA,NA
Dominican Republic,DO,DOM,2004,Latin America & Caribbean,Upper middle income,4212.01044121773,70.73,9104892,8.86555,68.8893127441406,6.303,52.1
Dominican Republic,DO,DOM,2005,Latin America & Caribbean,Upper middle income,4549.24957008857,71.043,9225034,11.4832,70.5230407714844,6.587,50
Dominican Republic,DO,DOM,2003,Latin America & Caribbean,Upper middle income,4162.66686117661,70.856,8980620,7.89839,NA,6.938,52.1
Dominican Republic,DO,DOM,2018,Latin America & Caribbean,Upper middle income,7818.70593240469,73.555,10782053,74.822,80.2159299988463,5.861,43.7
Dominican Republic,DO,DOM,2014,Latin America & Caribbean,Upper middle income,6430.27811051339,73.145,10315528,49.58,80.11454424521,6.719,44.3
Dominican Republic,DO,DOM,2002,Latin America & Caribbean,Upper middle income,4280.80182397408,70.719,8852235,6.82373,67.816276550293,6.779,49.7
Dominican Republic,DO,DOM,2017,Latin America & Caribbean,Upper middle income,7379.39978067137,73.37,10666843,67.5712,79.9406801126231,5.832,42.2
Dominican Republic,DO,DOM,2008,Latin America & Caribbean,Upper middle income,5308.92664966814,71.331,9573130,20.82,78.7571563720703,4.764,48.1
Dominican Republic,DO,DOM,2006,Latin America & Caribbean,Upper middle income,4904.71715839398,71.054,9341183,14.8449,NA,5.654,52
Dominican Republic,DO,DOM,2009,Latin America & Caribbean,Upper middle income,5294.64953374426,71.587,9695265,27.72,80.7119979858398,5.467,48.9
Dominican Republic,DO,DOM,2007,Latin America & Caribbean,Upper middle income,5204.78500652254,71.097,9455658,17.66,79.9215469360352,5.158,48.9
Dominican Republic,DO,DOM,2001,Latin America & Caribbean,Upper middle income,4158.98430282429,70.553,8720283,4.42939,NA,7.262,50
Dominican Republic,DO,DOM,2020,Latin America & Caribbean,Upper middle income,7395.8734262396,72.636,11008300,81.6173,80.0444119218853,6.126,39.6
Dominican Republic,DO,DOM,2011,Latin America & Caribbean,Upper middle income,5773.57403459156,72.496,9945621,38,77.4272200156803,6.087,47.7
Dominican Republic,DO,DOM,2016,Latin America & Caribbean,Upper middle income,7177.75376475488,72.889,10551430,63.8709,80.0944728713855,7.284,45.7
Dominican Republic,DO,DOM,2019,Latin America & Caribbean,Upper middle income,8117.04639185786,73.112,10894043,79.7155,81.8562360431581,6.356,41.9
Dominican Republic,DO,DOM,2015,Latin America & Caribbean,Upper middle income,6800.95309395474,72.982,10434829,54.2158,79.9378896410207,7.605,45.2
Dominican Republic,DO,DOM,2013,Latin America & Caribbean,Upper middle income,6075.03399972737,73.038,10193833,45.9,79.1714978028552,7.351,47.7
Dominican Republic,DO,DOM,2010,Latin America & Caribbean,Upper middle income,5666.45633430206,72.039,9820175,31.4,77.9718275378447,5.212,47.3
Dominican Republic,DO,DOM,2000,Latin America & Caribbean,Upper middle income,4123.10573163115,70.365,8584190,3.70469,59.4400787353516,6.432,51.5
Dominican Republic,DO,DOM,2022,Latin America & Caribbean,Upper middle income,8698.13592094395,74.211,11230734,81.5127,76.5283197247412,5.504,37
Dominican Republic,DO,DOM,2021,Latin America & Caribbean,Upper middle income,8344.90510312395,71.757,11123476,85.243,75.7044807816311,7.702,38.5
Dominican Republic,DO,DOM,2012,Latin America & Caribbean,Upper middle income,5860.29893321013,72.817,10070411,42.32,77.986106386808,6.722,46.1
Ecuador,EC,ECU,2007,Latin America & Caribbean,Upper middle income,4715.30359842555,74.226,14328773,10.8,63.4471893310547,3.142,53.4
Ecuador,EC,ECU,2020,Latin America & Caribbean,Upper middle income,5355.68934196443,72.004,17546065,70.7,93.9849491291463,6.116,47.3
Ecuador,EC,ECU,2006,Latin America & Caribbean,Upper middle income,4706.98056823816,74.01,14086131,7.2,61.9531517028809,3.55,52.3
Ecuador,EC,ECU,2011,Latin America & Caribbean,Upper middle income,5359.45724615639,75.179,15326227,31.3668,95.6929702758789,3.458,45.9
Ecuador,EC,ECU,2010,Latin America & Caribbean,Upper middle income,5022.20374387205,75.188,15076695,29.03,91.5583877563477,4.088,48.8
Ecuador,EC,ECU,2021,Latin America & Caribbean,Upper middle income,5815.09477390949,72.746,17682454,69.1148,94.5899282617776,4.504,45.8
Ecuador,EC,ECU,2008,Latin America & Caribbean,Upper middle income,4939.90215021789,74.709,14575202,18.8,NA,3.917,49.8
Ecuador,EC,ECU,2005,Latin America & Caribbean,Upper middle income,4589.32849203452,73.909,13846163,5.99426,59.8716011047363,3.779,53.1
Ecuador,EC,ECU,2003,Latin America & Caribbean,Upper middle income,4220.21298466638,73.632,13372306,4.46023,56.8165702819824,5.662,53.5
Ecuador,EC,ECU,2022,Latin America & Caribbean,Upper middle income,6107.49495006543,76.577,17823897,69.7181,94.1335305764161,3.713,45.5
Ecuador,EC,ECU,2009,Latin America & Caribbean,Upper middle income,4909.33681705683,74.901,14825954,24.6,85.9710388183594,4.608,48.5
Ecuador,EC,ECU,2017,Latin America & Caribbean,Upper middle income,6104.27253521751,76.22,16759519,55.8,96.1637651807361,3.836,44.7
Ecuador,EC,ECU,2013,Latin America & Caribbean,Upper middle income,5893.32172683036,75.832,15807128,40.2791,100.659210205078,3.083,46.9
Ecuador,EC,ECU,2004,Latin America & Caribbean,Upper middle income,4430.23717984188,73.868,13608701,4.83444,57.409610748291,5.002,53.9
Ecuador,EC,ECU,2002,Latin America & Caribbean,Upper middle income,4174.89793579965,73.164,13138472,4.2608,57.2436103820801,4.825,NA
Ecuador,EC,ECU,2001,Latin America & Caribbean,Upper middle income,4049.0001889951,72.571,12910740,2.67044,56.2870216369629,4.252,NA
Ecuador,EC,ECU,2000,Latin America & Caribbean,Upper middle income,3953.39879728357,72.09,12689206,1.46219,55.9612693786621,4.8,56.3
Ecuador,EC,ECU,2019,Latin America & Caribbean,Upper middle income,5971.38938386723,77.286,17340021,59.2,93.8371637137576,3.812,45.7
Ecuador,EC,ECU,2012,Latin America & Caribbean,Upper middle income,5579.85624282158,75.486,15572194,35.1351,98.554801940918,3.235,46.1
Ecuador,EC,ECU,2015,Latin America & Caribbean,Upper middle income,5976.1596805651,76.222,16266225,48.9404,100.791786193848,3.616,46
Ecuador,EC,ECU,2018,Latin America & Caribbean,Upper middle income,6063.0956178776,77.248,17049547,57.5,94.9748100922065,3.53,45.4
Ecuador,EC,ECU,2014,Latin America & Caribbean,Upper middle income,6055.04172761485,76.141,16035124,45.5904,102.590339660645,3.48,45
Ecuador,EC,ECU,2016,Latin America & Caribbean,Upper middle income,5849.13587933672,76.094,16505139,54.0629,98.0803764939006,4.597,45
"Egypt, Arab Rep.",EG,EGY,2003,Middle East & North Africa,Lower middle income,2524.80477192682,68.045,77853548,4.03789,78.5066070556641,10.91,NA
"Egypt, Arab Rep.",EG,EGY,2013,Middle East & North Africa,Lower middle income,3216.3783902629,69.632,95333553,29.4,73.8954466194364,13.154,NA
"Egypt, Arab Rep.",EG,EGY,2002,Middle East & North Africa,Lower middle income,2498.48121191713,67.846,76239137,2.72,78.8174133300781,10.01,NA
"Egypt, Arab Rep.",EG,EGY,2009,Middle East & North Africa,Lower middle income,3135.09661303014,68.915,87501636,20,63.2154998779297,9.087,NA
"Egypt, Arab Rep.",EG,EGY,2000,Middle East & North Africa,Lower middle income,2458.60835003016,67.332,73083284,0.641265,77.8339462280273,8.98,NA
"Egypt, Arab Rep.",EG,EGY,2012,Middle East & North Africa,Lower middle income,3220.99194203067,69.464,93161001,26.4,73.0182495117188,12.597,28.3
"Egypt, Arab Rep.",EG,EGY,2004,Middle East & North Africa,Lower middle income,2574.42341789124,68.211,79477443,11.92,77.7841796875,10.32,31.8
"Egypt, Arab Rep.",EG,EGY,2014,Middle East & North Africa,Lower middle income,3235.66246235257,69.911,97528654,33.8946,73.3723421134374,13.105,NA
"Egypt, Arab Rep.",EG,EGY,2001,Middle East & North Africa,Lower middle income,2492.03441188721,67.612,74652029,0.838946,79.3897399902344,9.26,NA
"Egypt, Arab Rep.",EG,EGY,2011,Middle East & North Africa,Lower middle income,3222.37650111856,69.232,91093059,25.6,72.5487594604492,11.849,NA
"Egypt, Arab Rep.",EG,EGY,2008,Middle East & North Africa,Lower middle income,3052.21297844721,68.761,85864789,18.01,NA,8.517,31.1
"Egypt, Arab Rep.",EG,EGY,2022,Middle East & North Africa,Lower middle income,4029.78295457978,71.01,112618250,72.1981,NA,6.546,NA
"Egypt, Arab Rep.",EG,EGY,2010,Middle East & North Africa,Lower middle income,3233.84521246786,69.078,89196072,21.6,64.7296371459961,8.757,30.2
"Egypt, Arab Rep.",EG,EGY,2006,Middle East & North Africa,Lower middle income,2761.62410769792,68.493,82700403,13.66,NA,10.49,NA
"Egypt, Arab Rep.",EG,EGY,2007,Middle East & North Africa,Lower middle income,2902.06559804963,68.627,84276225,16.03,NA,8.8,NA
"Egypt, Arab Rep.",EG,EGY,2015,Middle East & North Africa,Lower middle income,3306.98159414141,70.135,99597342,37.8194,NA,13.052,31.8
"Egypt, Arab Rep.",EG,EGY,2005,Middle East & North Africa,Lower middle income,2635.70305227819,68.355,81101004,12.75,NA,11.049,NA
"Egypt, Arab Rep.",EG,EGY,2017,Middle East & North Africa,Lower middle income,3452.90961245539,70.709,103696057,44.9502,76.4337653082262,11.767,31.5
"Egypt, Arab Rep.",EG,EGY,2021,Middle East & North Africa,Lower middle income,3837.31992324447,68.976,110957008,72.056,81.8833487066739,7.441,28.5
"Egypt, Arab Rep.",EG,EGY,2020,Middle East & North Africa,Lower middle income,3770.86947867421,69.79,109315124,71.9142,79.6544750074231,7.974,NA
"Egypt, Arab Rep.",EG,EGY,2018,Middle East & North Africa,Lower middle income,3568.63966286161,70.974,105682094,46.9243,76.9816189396849,9.855,NA
"Egypt, Arab Rep.",EG,EGY,2019,Middle East & North Africa,Lower middle income,3701.2446345188,71.213,107553158,57.2829,77.9093978841525,7.851,31.9
"Egypt, Arab Rep.",EG,EGY,2016,Middle East & North Africa,Lower middle income,3381.22246306207,70.437,101644589,41.2481,75.7524086692863,12.45,NA
El Salvador,SV,SLV,2010,Latin America & Caribbean,Upper middle income,3398.49346060363,70.909,6068249,15.9,68.1448218125398,4.893,43.5
El Salvador,SV,SLV,2005,Latin America & Caribbean,Upper middle income,3163.36118376833,69.336,6005578,4.2,67.6287612915039,7.22,48.5
El Salvador,SV,SLV,2007,Latin America & Caribbean,Upper middle income,3359.1623024135,69.82,6009824,6.11,67.3213119506836,6.41,45.2
El Salvador,SV,SLV,2019,Latin America & Caribbean,Upper middle income,4143.11437097867,71.725,6222318,50.4912,64.8486537180759,4.17,38.8
El Salvador,SV,SLV,2006,Latin America & Caribbean,Upper middle income,3302.34817354347,69.612,6002319,5.5,67.4043807983398,6.57,45.7
El Salvador,SV,SLV,2009,Latin America & Caribbean,Upper middle income,3337.81150878211,70.359,6048279,12.11,66.7064819335938,7.33,45.8
El Salvador,SV,SLV,2003,Latin America & Caribbean,Upper middle income,3057.16467629097,68.792,5998599,2.5,64.1438369750977,6.9,50.4
El Salvador,SV,SLV,2020,Latin America & Caribbean,Upper middle income,3808.53195436409,70.244,6234673,54.6014,65.1837191291627,5.008,NA
El Salvador,SV,SLV,2008,Latin America & Caribbean,Upper middle income,3420.44927357444,70.138,6029297,10.08,66.1245803833008,5.88,46.9
El Salvador,SV,SLV,2015,Latin America & Caribbean,Upper middle income,3790.34089108162,70.952,6183676,26.8026,70.725825383614,3.998,40.6
El Salvador,SV,SLV,2012,Latin America & Caribbean,Upper middle income,3601.44222914588,71.42,6113975,20.3214,70.8309781500769,3.843,41.8
El Salvador,SV,SLV,2004,Latin America & Caribbean,Upper middle income,3081.23629665234,69.295,6004671,3.2,67.8388290405273,6.8,47.8
El Salvador,SV,SLV,2018,Latin America & Caribbean,Upper middle income,4046.16291720583,71.384,6219807,43.8,66.9325713689265,4.006,38.6
El Salvador,SV,SLV,2017,Latin America & Caribbean,Upper middle income,3954.84014277572,71.007,6213533,33.8207,66.1074423967185,4.385,38
El Salvador,SV,SLV,2002,Latin America & Caribbean,Upper middle income,3016.06307728602,68.526,5986631,1.9,60.6978416442871,6.2,51.9
El Salvador,SV,SLV,2000,Latin America & Caribbean,Upper middle income,2964.89346881406,67.711,5943366,1.1774,54.8399314880371,6.96,51.5
El Salvador,SV,SLV,2016,Latin America & Caribbean,Upper middle income,3875.84691357954,70.908,6200800,28.9971,68.2966095615156,4.418,40
El Salvador,SV,SLV,2011,Latin America & Caribbean,Upper middle income,3514.069144355,71.192,6090127,18.9,69.7446217742312,4.297,42.3
El Salvador,SV,SLV,2014,Latin America & Caribbean,Upper middle income,3713.94992016222,71.144,6162955,24.7617,71.3858349113676,4.154,41.6
El Salvador,SV,SLV,2021,Latin America & Caribbean,Upper middle income,4247.54750394978,69.941,6255782,61.7527,64.9813787512946,4.327,39
El Salvador,SV,SLV,2013,Latin America & Caribbean,Upper middle income,3665.1547327058,71.225,6138839,23.1093,72.2452860122263,3.693,43.4
El Salvador,SV,SLV,2001,Latin America & Caribbean,Upper middle income,2978.59734844669,67.965,5968060,1.5,57.1768608093262,6.96,51.3
El Salvador,SV,SLV,2022,Latin America & Caribbean,Upper middle income,4355.96083888359,71.969,6280319,65.5298,65.2267824913058,2.999,38.8
Equatorial Guinea,GQ,GNQ,2022,Sub-Saharan Africa,Upper middle income,5524.24312418579,63.355,1803545,59.3433,NA,8.334,38.5
Equatorial Guinea,GQ,GNQ,2020,Sub-Saharan Africa,Upper middle income,5575.26241511492,62.141,1716468,55.0013,NA,8.625,NA
Equatorial Guinea,GQ,GNQ,2016,Sub-Saharan Africa,Upper middle income,7971.83401904573,61.081,1508186,23.78,NA,7.798,NA
Equatorial Guinea,GQ,GNQ,2019,Sub-Saharan Africa,Upper middle income,6018.12066321865,62.297,1670177,49.1337,NA,7.917,NA
Equatorial Guinea,GQ,GNQ,2021,Sub-Saharan Africa,Upper middle income,5487.92479201992,62.447,1758786,58.7173,NA,8.821,NA
Equatorial Guinea,GQ,GNQ,2006,Sub-Saharan Africa,Upper middle income,10521.9996774827,56.354,990343,1.27919,NA,7.612,NA
Equatorial Guinea,GQ,GNQ,2018,Sub-Saharan Africa,Upper middle income,6578.90039765711,61.915,1616422,NA,NA,7.818,NA
Equatorial Guinea,GQ,GNQ,2017,Sub-Saharan Africa,Upper middle income,7259.10936454803,61.481,1562396,26.24,NA,7.843,NA
Equatorial Guinea,GQ,GNQ,2005,Sub-Saharan Africa,Upper middle income,10212.4545051498,55.766,947367,1.14979,17.7594795227051,7.667,NA
Equatorial Guinea,GQ,GNQ,2015,Sub-Saharan Africa,Upper middle income,9068.91003238645,60.635,1453923,21.32,NA,7.778,NA
Equatorial Guinea,GQ,GNQ,2007,Sub-Saharan Africa,Upper middle income,11594.9172068456,56.857,1036044,1.55712,NA,7.592,NA
Equatorial Guinea,GQ,GNQ,2000,Sub-Saharan Africa,Upper middle income,3839.08642737128,53.395,703279,0.132355,21.7535190582275,7.444,NA
Equatorial Guinea,GQ,GNQ,2001,Sub-Saharan Africa,Upper middle income,5882.85050306586,53.827,749836,0.16526,18.6993808746338,7.551,NA
Equatorial Guinea,GQ,GNQ,2002,Sub-Saharan Africa,Upper middle income,6604.00546310809,54.324,797957,0.321198,18.1188793182373,7.646,NA
Equatorial Guinea,GQ,GNQ,2004,Sub-Saharan Africa,Upper middle income,9208.60566707162,55.307,899917,0.84393,NA,7.658,NA
Equatorial Guinea,GQ,GNQ,2013,Sub-Saharan Africa,Upper middle income,10731.6455729191,59.784,1346218,16.4,NA,7.675,NA
Equatorial Guinea,GQ,GNQ,2014,Sub-Saharan Africa,Upper middle income,10363.4872473549,60.228,1399828,18.86,NA,7.669,NA
Equatorial Guinea,GQ,GNQ,2008,Sub-Saharan Africa,Upper middle income,13048.0703050168,57.384,1084530,1.82,NA,7.571,NA
Equatorial Guinea,GQ,GNQ,2003,Sub-Saharan Africa,Upper middle income,7082.65489186921,54.791,847862,0.520524,NA,7.701,NA
Equatorial Guinea,GQ,GNQ,2011,Sub-Saharan Africa,Upper middle income,11203.9073679091,58.827,1241835,11.5,NA,7.837,NA
Equatorial Guinea,GQ,GNQ,2012,Sub-Saharan Africa,Upper middle income,11650.7196270884,59.301,1293483,13.9432,NA,7.761,NA
Equatorial Guinea,GQ,GNQ,2009,Sub-Saharan Africa,Upper middle income,12627.862381545,57.881,1135673,2.13,NA,7.702,NA
Equatorial Guinea,GQ,GNQ,2010,Sub-Saharan Africa,Upper middle income,10984.3243932426,58.344,1189085,6,NA,7.847,NA
Eritrea,ER,ERI,2011,Sub-Saharan Africa,Low income,751.374899794668,64.231,2998485,0.7,51.8398818969727,5.801,NA
Eritrea,ER,ERI,2000,Sub-Saharan Africa,Low income,845.132430060544,56.285,2247031,0.136712,45.2635498046875,5.656,NA
Eritrea,ER,ERI,2001,Sub-Saharan Africa,Low income,893.268735439193,58.359,2312079,0.157815,45.8157081604004,5.74,NA
Eritrea,ER,ERI,2007,Sub-Saharan Africa,Low income,789.072701743247,61.998,2743222,0.41,50.1338500976562,5.719,NA
Eritrea,ER,ERI,2012,Sub-Saharan Africa,Low income,NA,64.697,3036988,0.8,52.7079315185547,5.692,NA
Eritrea,ER,ERI,2009,Sub-Saharan Africa,Low income,702.430936480778,63.203,2887885,0.54,51.8130187988281,5.757,NA
Eritrea,ER,ERI,2019,Sub-Saharan Africa,Low income,NA,67.306,3240194,11.2,NA,5.812,NA
Eritrea,ER,ERI,2010,Sub-Saharan Africa,Low income,703.877374381654,63.665,2945186,0.61,51.5608596801758,5.854,NA
Eritrea,ER,ERI,2006,Sub-Saharan Africa,Low income,789.402432018085,61.457,2703502,NA,53.1192588806152,5.707,NA
Eritrea,ER,ERI,2013,Sub-Saharan Africa,Low income,NA,65.005,3074360,0.9,51.34619140625,5.624,NA
Eritrea,ER,ERI,2022,Sub-Saharan Africa,Low income,NA,67.789,3409447,18.7092,44.0441284179688,6.033,NA
Eritrea,ER,ERI,2014,Sub-Saharan Africa,Low income,NA,65.517,3095173,0.99,50.6653785705566,5.637,NA
Eritrea,ER,ERI,2002,Sub-Saharan Africa,Low income,889.009113592982,58.941,2392978,0.22709,46.5302581787109,5.794,NA
Eritrea,ER,ERI,2021,Sub-Saharan Africa,Low income,NA,66.94,3350183,18.3844,NA,6.489,NA
Eritrea,ER,ERI,2004,Sub-Saharan Africa,Low income,808.591420184592,60.063,2598284,NA,47.4052391052246,5.704,NA
Eritrea,ER,ERI,2018,Sub-Saharan Africa,Low income,NA,66.979,3192760,5.3,46.1723785400391,5.756,NA
Eritrea,ER,ERI,2008,Sub-Saharan Africa,Low income,693.398874212494,62.422,2816327,0.47,51.3945808410645,5.683,NA
Eritrea,ER,ERI,2020,Sub-Saharan Africa,Low income,NA,66.98,3291271,14.3494,NA,6.375,NA
Eritrea,ER,ERI,2017,Sub-Saharan Africa,Low income,NA,66.612,3150347,2.5,44.911060333252,5.804,NA
Eritrea,ER,ERI,2003,Sub-Saharan Africa,Low income,830.379672282601,59.455,2493903,NA,47.3321685791016,5.79,NA
Eritrea,ER,ERI,2015,Sub-Saharan Africa,Low income,NA,65.909,3105546,1.08373,46.171501159668,5.751,NA
Eritrea,ER,ERI,2005,Sub-Saharan Africa,Low income,809.794793468889,60.628,2661215,NA,51.6001396179199,5.721,NA
Eritrea,ER,ERI,2016,Sub-Saharan Africa,Low income,NA,66.242,3124698,1.17712,NA,5.772,NA
Estonia,EE,EST,2019,Europe & Central Asia,High income,20579.8756732376,78.6463414634147,1326898,90.2289,112.287200927734,4.514,30.8
Estonia,EE,EST,2014,Europe & Central Asia,High income,17413.6867560212,77.0341463414634,1314545,84.2415,107.685821533203,7.352,34.6
Estonia,EE,EST,2000,Europe & Central Asia,High income,10006.7696280939,70.4170731707317,1396985,28.577,95.0215377807617,13.36,35.8
Estonia,EE,EST,2021,Europe & Central Asia,High income,21570.6658455268,76.9439024390244,1330932,90.9797,113.01091003418,6.178,31.8
Estonia,EE,EST,2018,Europe & Central Asia,High income,19914.3454922878,78.2439024390244,1321977,89.357,112.759696960449,5.412,30.3
Estonia,EE,EST,2011,Europe & Central Asia,High income,15820.922342204,76.2292682926829,1327439,76.5,112.287406921387,12.328,32.5
Estonia,EE,EST,2020,Europe & Central Asia,High income,19946.945696898,78.5951219512195,1329522,89.0583,112.527702331543,6.956,30.7
Estonia,EE,EST,2017,Europe & Central Asia,High income,19270.8141210511,78.0926829268293,1317384,88.1025,113.249786376953,5.807,30.4
Estonia,EE,EST,2001,Europe & Central Asia,High income,10662.9455020331,70.2585365853659,1388115,31.5275,96.2154312133789,13.134,36
Estonia,EE,EST,2022,Europe & Central Asia,High income,21023.2994937246,77.8439024390244,1348840,91.5202,112.551849365234,5.571,32.3
Estonia,EE,EST,2015,Europe & Central Asia,High income,17722.1557669523,77.590243902439,1315407,88.4097,108.18879699707,6.412,32.7
Estonia,EE,EST,2003,Europe & Central Asia,High income,12424.0441535693,71.3170731707317,1370720,45.32,99.0774383544922,11.288,37.2
Estonia,EE,EST,2007,Europe & Central Asia,High income,17543.4661785723,72.8146341463415,1340680,66.19,105.091178894043,4.592,31.2
Estonia,EE,EST,2009,Europe & Central Asia,High income,14274.8511086787,74.8243902439024,1334515,72.5,107.425552368164,13.548,31.4
Estonia,EE,EST,2010,Europe & Central Asia,High income,14657.939813612,75.4292682926829,1331475,74.1,110.888679504395,16.707,32
Estonia,EE,EST,2012,Europe & Central Asia,High income,16460.6843479001,76.3268292682927,1322696,78.3899,112.536003112793,10.021,32.9
Estonia,EE,EST,2016,Europe & Central Asia,High income,18264.9873304279,77.6414634146342,1315790,87.2402,111.596199035645,6.882,31.2
Estonia,EE,EST,2006,Europe & Central Asia,High income,16234.5152041417,72.6914634146341,1346810,63.51,104.028030395508,5.915,33.7
Estonia,EE,EST,2002,Europe & Central Asia,High income,11474.6622721923,70.9048780487805,1379350,41.52,99.0828704833984,10.026,35.8
Estonia,EE,EST,2004,Europe & Central Asia,High income,13348.5284463324,71.909756097561,1362550,53.2,101.44522857666,10.248,33.6
Estonia,EE,EST,2005,Europe & Central Asia,High income,14703.6179707772,72.5682926829268,1354775,61.45,104.22184753418,8.033,33.4
Estonia,EE,EST,2013,Europe & Central Asia,High income,16809.5326683781,77.1414634146341,1317997,80.0043,110.521713256836,8.631,35.1
Estonia,EE,EST,2008,Europe & Central Asia,High income,16688.997772178,73.7707317073171,1337090,70.58,105.395011901855,5.455,31.9
Eswatini,SZ,SWZ,2007,Sub-Saharan Africa,Lower middle income,2928.46845823015,45.16,1090705,4.1,58.3698616027832,28.24,NA
Eswatini,SZ,SWZ,2005,Sub-Saharan Africa,Lower middle income,2658.75180508187,43.958,1079022,3.69696,50.5027885437012,27.221,NA
Eswatini,SZ,SWZ,2016,Sub-Saharan Africa,Lower middle income,3500.17688847942,56.228,1149507,28.57,82.023935767308,22.718,54.6
Eswatini,SZ,SWZ,2017,Sub-Saharan Africa,Lower middle income,3596.23605400492,57.574,1158195,35.3,NA,24.543,NA
Eswatini,SZ,SWZ,2002,Sub-Saharan Africa,Lower middle income,2358.56935643468,45.38,1059441,1.8162,44.738208770752,25.771,NA
Eswatini,SZ,SWZ,2018,Sub-Saharan Africa,Lower middle income,3565.54285067501,58.707,1168929,39.4,NA,26.471,NA
Eswatini,SZ,SWZ,2004,Sub-Saharan Africa,Lower middle income,2522.14342097167,43.906,1073159,3.22869,48.3460006713867,26.716,NA
Eswatini,SZ,SWZ,2003,Sub-Saharan Africa,Lower middle income,2448.83792077995,44.632,1066700,2.43707,44.4690589904785,26.259,NA
Eswatini,SZ,SWZ,2019,Sub-Saharan Africa,Lower middle income,3759.67106964666,59.85,1179874,43.9,NA,28.222,NA
Eswatini,SZ,SWZ,2014,Sub-Saharan Africa,Lower middle income,3381.79292071291,53.491,1136299,25,73.7052383422852,23.931,NA
Eswatini,SZ,SWZ,2008,Sub-Saharan Africa,Lower middle income,2950.67334362132,45.853,1098091,6.85,NA,27.891,NA
Eswatini,SZ,SWZ,2001,Sub-Saharan Africa,Lower middle income,2283.98316815361,46.344,1051064,1.28159,43.7772598266602,25.24,NA
Eswatini,SZ,SWZ,2012,Sub-Saharan Africa,Lower middle income,3218.50138205493,50.714,1123863,20.7818,69.2019271850586,25.226,NA
Eswatini,SZ,SWZ,2009,Sub-Saharan Africa,Lower middle income,2973.83456912379,46.913,1105153,8.94,59.5709686279297,27.488,51.4
Eswatini,SZ,SWZ,2000,Sub-Saharan Africa,Lower middle income,2273.04683761056,47.627,1041414,0.926192,43.3038711547852,24.547,53.1
Eswatini,SZ,SWZ,2006,Sub-Saharan Africa,Lower middle income,2823.48728215402,44.563,1084436,3.69654,54.4987907409668,27.693,NA
Eswatini,SZ,SWZ,2015,Sub-Saharan Africa,Lower middle income,3419.82276559528,54.941,1142813,25.643,76.2872772216797,23.431,NA
Eswatini,SZ,SWZ,2013,Sub-Saharan Africa,Lower middle income,3332.11983927912,52.11,1129990,24.7,70.8080825805664,24.556,NA
Eswatini,SZ,SWZ,2020,Sub-Saharan Africa,Lower middle income,3609.3669136859,59.862,1192729,49.013,NA,32.978,NA
Eswatini,SZ,SWZ,2010,Sub-Saharan Africa,Lower middle income,3069.52175725884,48.331,1111650,11.04,64.5977020263672,26.856,NA
Eswatini,SZ,SWZ,2011,Sub-Saharan Africa,Lower middle income,3108.70225253092,49.057,1117833,18.13,67.2353363037109,26.105,NA
Eswatini,SZ,SWZ,2022,Sub-Saharan Africa,Lower middle income,3695.64957179548,63.028,1218917,57.465,88.2913589477539,36.472,NA
Eswatini,SZ,SWZ,2021,Sub-Saharan Africa,Lower middle income,3719.03838239806,58.228,1206593,53.9953,NA,34.153,NA
Ethiopia,ET,ETH,2015,Sub-Saharan Africa,Low income,597.912113218663,63.592,103867135,13.8552,33.9114221981431,2.442,35
Ethiopia,ET,ETH,2013,Sub-Saharan Africa,Low income,518.324662208106,62.161,98438751,4.6,NA,2.251,NA
Ethiopia,ET,ETH,2017,Sub-Saharan Africa,Low income,678.98541915757,64.766,109666481,15.6,NA,2.665,NA
Ethiopia,ET,ETH,2009,Sub-Saharan Africa,Low income,385.632419711374,58.715,88007636,0.54,31.649019241333,2.326,NA
Ethiopia,ET,ETH,2016,Sub-Saharan Africa,Low income,636.835680951429,64.162,106718162,15.3669,NA,2.556,NA
Ethiopia,ET,ETH,2014,Sub-Saharan Africa,Low income,556.362532243867,62.927,101115610,7.7,NA,2.361,NA
Ethiopia,ET,ETH,2020,Sub-Saharan Africa,Low income,768.705424485209,65.969,118917671,16.0696,NA,3.998,NA
Ethiopia,ET,ETH,2007,Sub-Saharan Africa,Low income,338.799064654308,56.566,83103217,0.37,30.251350402832,2.337,NA
Ethiopia,ET,ETH,2008,Sub-Saharan Africa,Low income,364.642208155735,57.733,85543668,0.45,31.3109302520752,2.326,NA
Ethiopia,ET,ETH,2022,Sub-Saharan Africa,Low income,811.177729326201,66.897,125384287,NA,NA,3.386,NA
Ethiopia,ET,ETH,2012,Sub-Saharan Africa,Low income,481.639999909808,61.443,95798767,2.9,36.2193489074707,2.252,NA
Ethiopia,ET,ETH,2003,Sub-Saharan Africa,Low income,243.076666020009,52.877,73832663,0.105812,19.5667705535889,3.008,NA
Ethiopia,ET,ETH,2018,Sub-Saharan Africa,Low income,705.96881207336,65.257,112664152,15.9,NA,2.811,NA
Ethiopia,ET,ETH,2010,Sub-Saharan Africa,Low income,421.898622378633,59.709,90538514,0.75,33.0478591918945,2.295,33.2
Ethiopia,ET,ETH,2006,Sub-Saharan Africa,Low income,313.013896721503,55.402,80703490,0.310593,27.4775695800781,2.337,NA
Ethiopia,ET,ETH,2011,Sub-Saharan Africa,Low income,455.909628648555,60.595,93149970,1.1,34.4468994140625,2.27,NA
Ethiopia,ET,ETH,2004,Sub-Saharan Africa,Low income,267.923513391712,53.735,76077206,0.155335,21.47705078125,2.776,29.8
Ethiopia,ET,ETH,2021,Sub-Saharan Africa,Low income,790.65701959778,65.33,122138588,16.6981,NA,3.935,31.1
Ethiopia,ET,ETH,2005,Sub-Saharan Africa,Low income,290.833381425059,54.364,78367470,0.21966,23.8548793792725,2.497,NA
Ethiopia,ET,ETH,2019,Sub-Saharan Africa,Low income,744.702789753973,65.741,115737383,16,NA,2.928,NA
Ethiopia,ET,ETH,2000,Sub-Saharan Africa,Low income,247.505413659694,50.88,67411494,0.0152638,14.451319694519,3.499,NA
Ethiopia,ET,ETH,2001,Sub-Saharan Africa,Low income,260.04231608135,51.428,69487762,0.0371624,17.3430194854736,3.16,NA
Ethiopia,ET,ETH,2002,Sub-Saharan Africa,Low income,256.066635883709,52.085,71635517,0.0724023,19.1939201354981,3.054,NA
Faroe Islands,FO,FRO,2008,Europe & Central Asia,High income,44623.0315871975,80.1414634146341,48547,75.57,NA,NA,NA
Faroe Islands,FO,FRO,2010,Europe & Central Asia,High income,42333.5215714088,80.6390243902439,48657,75.2,NA,NA,NA
Faroe Islands,FO,FRO,2009,Europe & Central Asia,High income,42378.2165335393,80.390243902439,48791,75.18,NA,NA,NA
Faroe Islands,FO,FRO,2018,Europe & Central Asia,High income,54433.5931539501,82.2926829268293,50996,NA,NA,NA,NA
Faroe Islands,FO,FRO,2002,Europe & Central Asia,High income,NA,78.7878048780488,47335,53.2992,NA,NA,NA
Faroe Islands,FO,FRO,2007,Europe & Central Asia,High income,NA,79.9414634146342,48378,75.98,NA,NA,NA
Faroe Islands,FO,FRO,2006,Europe & Central Asia,High income,NA,79.6926829268293,48335,69.3594,NA,NA,NA
Faroe Islands,FO,FRO,2001,Europe & Central Asia,High income,NA,78.5853658536585,46635,43.247,NA,NA,NA
Faroe Islands,FO,FRO,2004,Europe & Central Asia,High income,NA,79.190243902439,48384,66.5336,NA,NA,NA
Faroe Islands,FO,FRO,2000,Europe & Central Asia,High income,NA,78.3829268292683,45754,32.9164,NA,NA,NA
Faroe Islands,FO,FRO,2011,Europe & Central Asia,High income,43946.251738291,80.890243902439,48543,80.7322,NA,NA,NA
Faroe Islands,FO,FRO,2005,Europe & Central Asia,High income,NA,79.4414634146342,48359,67.9026,NA,NA,NA
Faroe Islands,FO,FRO,2003,Europe & Central Asia,High income,NA,78.9390243902439,48032,58.9126,NA,NA,NA
Faroe Islands,FO,FRO,2019,Europe & Central Asia,High income,56029.4991512974,82.4439024390244,51792,NA,NA,NA,NA
Faroe Islands,FO,FRO,2017,Europe & Central Asia,High income,53831.0294952424,82.1439024390244,50180,97.582,NA,NA,NA
Faroe Islands,FO,FRO,2013,Europe & Central Asia,High income,50120.7530887167,81.3414634146341,48246,90,NA,NA,NA
Faroe Islands,FO,FRO,2012,Europe & Central Asia,High income,47303.8655939098,81.090243902439,48291,85.3352,NA,NA,NA
Faroe Islands,FO,FRO,2016,Europe & Central Asia,High income,52757.3960429144,81.9926829268293,49464,95.1087,NA,NA,NA
Faroe Islands,FO,FRO,2022,Europe & Central Asia,High income,57775.0758629956,82.9439024390244,53912,NA,NA,NA,NA
Faroe Islands,FO,FRO,2015,Europe & Central Asia,High income,52637.1903526574,81.7926829268293,48899,94.2,NA,NA,NA
Faroe Islands,FO,FRO,2021,Europe & Central Asia,High income,56270.2511347442,82.8439024390244,53296,NA,NA,NA,NA
Faroe Islands,FO,FRO,2020,Europe & Central Asia,High income,54301.6594145787,82.6439024390244,52565,NA,NA,NA,NA
Faroe Islands,FO,FRO,2014,Europe & Central Asia,High income,52644.7898999399,81.5926829268293,48428,93.3,NA,NA,NA
Fiji,FJ,FJI,2009,East Asia & Pacific,Upper middle income,4164.29314800857,66.347,907239,17,79.3391189575195,4.309,NA
Fiji,FJ,FJI,2020,East Asia & Pacific,Upper middle income,4721.1228189763,66.924,914963,68.6256,91.541633605957,5.054,NA
Fiji,FJ,FJI,2012,East Asia & Pacific,Upper middle income,4427.97844455038,65.812,914918,33.7424,82.1471405029297,4.375,NA
Fiji,FJ,FJI,2008,East Asia & Pacific,Upper middle income,4240.77265686858,66.32,903399,13,79.2769012451172,4.187,40.4
Fiji,FJ,FJI,2021,East Asia & Pacific,Upper middle income,4507.33353596072,64.904,916711,74.4958,93.95505855048,5.225,NA
Fiji,FJ,FJI,2007,East Asia & Pacific,Upper middle income,4223.44800626708,66.161,897832,10.8978,79.2860107421875,4.109,NA
Fiji,FJ,FJI,2022,East Asia & Pacific,Upper middle income,5291.51693123572,67.148,919422,78.2433,95.3068339697491,5.403,NA
Fiji,FJ,FJI,2010,East Asia & Pacific,Upper middle income,4272.359150902,66.778,910419,20,NA,4.345,NA
Fiji,FJ,FJI,2011,East Asia & Pacific,Upper middle income,4375.5808542034,66.88,912989,28,83.9304962158203,4.406,NA
Fiji,FJ,FJI,2003,East Asia & Pacific,Upper middle income,4087.72449101023,65.653,866286,6.72543,77.7666320800781,4.74,NA
Fiji,FJ,FJI,2019,East Asia & Pacific,Upper middle income,5701.10435269432,67.009,914899,63.2179,91.8760588497548,4.661,30.7
Fiji,FJ,FJI,2018,East Asia & Pacific,Upper middle income,5720.21447177109,66.965,917180,58.2364,92.0806759919252,4.523,NA
Fiji,FJ,FJI,2005,East Asia & Pacific,Upper middle income,4255.45097421847,65.983,882379,8.45364,NA,3.886,NA
Fiji,FJ,FJI,2014,East Asia & Pacific,Upper middle income,4883.24300436251,66.581,917585,37.4,88.1849686883865,4.323,NA
Fiji,FJ,FJI,2006,East Asia & Pacific,Upper middle income,4295.40679748345,66.126,890365,9.60004,79.7871704101562,3.957,NA
Fiji,FJ,FJI,2013,East Asia & Pacific,Upper middle income,4630.35126544718,66.545,916352,35.2,NA,4.356,36.7
Fiji,FJ,FJI,2017,East Asia & Pacific,Upper middle income,5500.67840152349,67.06,918759,53.6474,NA,4.418,NA
Fiji,FJ,FJI,2001,East Asia & Pacific,Upper middle income,3998.79729208867,66.205,849596,1.85798,74.7156372070312,4.692,NA
Fiji,FJ,FJI,2002,East Asia & Pacific,Upper middle income,4086.10434130578,65.492,858049,6.15265,76.0836715698242,4.772,38.1
Fiji,FJ,FJI,2015,East Asia & Pacific,Upper middle income,5097.53106864695,66.48,918578,42.5,87.836769819804,4.288,NA
Fiji,FJ,FJI,2004,East Asia & Pacific,Upper middle income,4264.59723774177,65.841,874366,7.41294,80.5614318847656,4.7,NA
Fiji,FJ,FJI,2000,East Asia & Pacific,Upper middle income,3960.8890315,66.194,840909,1.49685,75.6572799682617,4.697,NA
Fiji,FJ,FJI,2016,East Asia & Pacific,Upper middle income,5218.85823412748,66.657,919166,49.42,89.18202295018,4.319,NA
Finland,FI,FIN,2000,Europe & Central Asia,High income,37872.6020343504,77.4658536585366,5176209,37.2485,125.493049621582,11.134,27.2
Finland,FI,FIN,2011,Europe & Central Asia,High income,44391.4535667984,80.4707317073171,5388272,88.71,109.248931884766,7.781,27.6
Finland,FI,FIN,2009,Europe & Central Asia,High income,42412.5133513534,79.719512195122,5338871,82.49,107.702293395996,8.249,27.5
Finland,FI,FIN,2001,Europe & Central Asia,High income,38784.1308115726,77.9658536585366,5188008,43.1054,128.174865722656,10.29,NA
Finland,FI,FIN,2022,Europe & Central Asia,High income,46016.1492103929,81.1878048780488,5556106,92.9888,144.852462768555,6.719,27.9
Finland,FI,FIN,2012,Europe & Central Asia,High income,43507.9345371578,80.6268292682927,5413971,89.88,109.962677001953,7.689,27.1
Finland,FI,FIN,2004,Europe & Central Asia,High income,41521.962874476,78.7146341463415,5228172,72.39,110.782669067383,10.358,27.9
Finland,FI,FIN,2010,Europe & Central Asia,High income,43556.5385834368,79.8707317073171,5363352,86.89,108.609390258789,8.394,27.7
Finland,FI,FIN,2002,Europe & Central Asia,High income,39343.0698997627,78.119512195122,5200598,62.43,129.487838745117,10.423,NA
Finland,FI,FIN,2008,Europe & Central Asia,High income,46359.8732844055,79.5682926829268,5313399,83.67,108.298301696777,6.369,27.8
Finland,FI,FIN,2003,Europe & Central Asia,High income,40038.9839702277,78.3682926829268,5213014,69.22,132.235412597656,10.469,27.7
Finland,FI,FIN,2016,Europe & Central Asia,High income,43529.6761616969,81.4292682926829,5495303,87.7036,152.471435546875,8.818,27.1
Finland,FI,FIN,2006,Europe & Central Asia,High income,44069.3958834717,79.2146341463415,5266268,79.66,110.277038574219,8.935,28
Finland,FI,FIN,2007,Europe & Central Asia,High income,46213.6898975737,79.2634146341464,5288720,80.78,109.042900085449,6.854,28.3
Finland,FI,FIN,2021,Europe & Central Asia,High income,45792.0454180872,81.8853658536585,5541017,92.8081,143.361343383789,7.617,27.7
Finland,FI,FIN,2020,Europe & Central Asia,High income,44690.9801103074,81.9317073170732,5529543,92.1703,143.122909545898,7.759,27.1
Finland,FI,FIN,2005,Europe & Central Asia,High income,42529.3506920884,78.8170731707317,5246096,74.48,111.326103210449,9.602,27.6
Finland,FI,FIN,2013,Europe & Central Asia,High income,42883.6384986417,80.9756097560976,5438972,91.5144,145.653442382812,8.193,27.2
Finland,FI,FIN,2018,Europe & Central Asia,High income,45337.2409550575,81.7341463414634,5515525,88.89,153.651428222656,7.361,27.3
Finland,FI,FIN,2014,Europe & Central Asia,High income,42502.4880199858,81.1804878048781,5461512,86.5304,147.413314819336,8.663,26.8
Finland,FI,FIN,2019,Europe & Central Asia,High income,45898.5708448954,81.9829268292683,5521606,89.6074,144.613204956055,6.695,27.7
Finland,FI,FIN,2015,Europe & Central Asia,High income,42560.3456767103,81.4804878048781,5479531,86.4221,150.819213867188,9.376,27.1
Finland,FI,FIN,2017,Europe & Central Asia,High income,44862.220404205,81.6317073170732,5508214,87.4689,153.583709716797,8.64,27.4
France,FR,FRA,2009,Europe & Central Asia,High income,35052.8510772683,81.4146341463415,64706436,71.58,106.239227294922,9.122,32.7
France,FR,FRA,2021,Europe & Central Asia,High income,38030.8571685178,82.3243902439024,67842811,86.0955,104.522842407227,7.871,31.5
France,FR,FRA,2008,Europe & Central Asia,High income,36257.3658930938,81.2146341463415,64375116,70.68,106.432838439941,7.386,33
France,FR,FRA,2000,Europe & Central Asia,High income,33255.1379642335,79.0560975609756,60918661,14.3079,105.590217590332,10.218,32.6
France,FR,FRA,2010,Europe & Central Asia,High income,35578.1968010183,81.6634146341463,65026211,77.28,106.424942016602,9.279,33.7
France,FR,FRA,2007,Europe & Central Asia,High income,36322.1685141004,81.1121951219512,64016890,66.09,106.69352722168,8.008,32.4
France,FR,FRA,2004,Europe & Central Asia,High income,34557.1471111581,80.1634146341463,62707588,39.15,102.220016479492,8.914,30.6
France,FR,FRA,2005,Europe & Central Asia,High income,34946.0372494703,80.1634146341463,63180854,42.87,106.781677246094,8.882,29.8
France,FR,FRA,2022,Europe & Central Asia,High income,38868.3303330557,82.1292682926829,68184457,85.3333,104.316436767578,7.303,31.2
France,FR,FRA,2002,Europe & Central Asia,High income,33753.5782979758,79.2609756097561,61812142,30.18,103.186340332031,8.702,31.8
France,FR,FRA,2003,Europe & Central Asia,High income,33840.6175720101,79.1146341463415,62249855,36.14,102.772102355957,8.306,31.4
France,FR,FRA,2011,Europe & Central Asia,High income,36269.9561530888,82.1146341463415,65340830,77.82,106.610641479492,9.228,33.3
France,FR,FRA,2001,Europe & Central Asia,High income,33640.6738002565,79.1585365853659,61364377,26.3259,104.571113586426,8.61,32.5
France,FR,FRA,2006,Europe & Central Asia,High income,35645.4162427116,80.8121951219512,63622342,46.87,106.927520751953,8.832,29.7
France,FR,FRA,2012,Europe & Central Asia,High income,36161.2918253465,81.9682926829268,65657659,81.44,105.813583374023,9.841,33.1
France,FR,FRA,2017,Europe & Central Asia,High income,37580.5979329356,82.5756097560976,66918020,80.5025,103.756080627441,9.409,31.6
France,FR,FRA,2020,Europe & Central Asia,High income,35709.2045925926,82.1756097560976,67601110,84.7064,104.566566467285,8.009,30.7
France,FR,FRA,2018,Europe & Central Asia,High income,38062.4435961412,82.6756097560976,67158348,82.0432,103.773330688477,9.018,32.4
France,FR,FRA,2019,Europe & Central Asia,High income,38705.2072940618,82.8268292682927,67382061,83.3397,104.07689666748,8.415,31.2
France,FR,FRA,2014,Europe & Central Asia,High income,36444.3949089146,82.719512195122,66312067,83.7511,103.425827026367,10.273,32.3
France,FR,FRA,2015,Europe & Central Asia,High income,36702.4323733379,82.3219512195122,66548272,78.006,103.396041870117,10.354,32.7
France,FR,FRA,2016,Europe & Central Asia,High income,36920.5342846914,82.5731707317073,66724104,79.2698,103.308097839355,10.057,31.9
France,FR,FRA,2013,Europe & Central Asia,High income,36256.086680981,82.219512195122,65997932,81.9198,104.376602172852,9.913,32.5
French Polynesia,PF,PYF,2006,East Asia & Pacific,High income,21545.5997136473,80.1,263223,25.108,NA,11.768,NA
French Polynesia,PF,PYF,2004,East Asia & Pacific,High income,21919.9410589378,79.829,255654,17.8845,NA,11.702,NA
French Polynesia,PF,PYF,2001,East Asia & Pacific,High income,22076.5919162624,79.316,244097,6.25159,NA,11.665,NA
French Polynesia,PF,PYF,2003,East Asia & Pacific,High income,22055.6419702196,79.71,251637,14.1243,NA,11.751,NA
French Polynesia,PF,PYF,2013,East Asia & Pacific,High income,18930.1268887012,81.935,274728,56.8,NA,12.027,NA
French Polynesia,PF,PYF,2005,East Asia & Pacific,High income,21661.4244664054,79.951,259507,21.5422,NA,11.722,NA
French Polynesia,PF,PYF,2014,East Asia & Pacific,High income,18928.1858620128,82.151,276387,60.68,NA,11.894,NA
French Polynesia,PF,PYF,2002,East Asia & Pacific,High income,21932.9195333418,79.544,247775,8.20022,NA,11.71,NA
French Polynesia,PF,PYF,2011,East Asia & Pacific,High income,19241.6437951625,81.434,271727,49,NA,12.257,NA
French Polynesia,PF,PYF,2012,East Asia & Pacific,High income,18968.4422157904,81.695,273084,52.8766,NA,12.134,NA
French Polynesia,PF,PYF,2008,East Asia & Pacific,High income,21493.4178311249,80.587,268379,33.87,NA,11.76,NA
French Polynesia,PF,PYF,2015,East Asia & Pacific,High income,19166.9594761931,82.339,277866,64.5602,NA,11.794,NA
French Polynesia,PF,PYF,2022,East Asia & Pacific,High income,20160.4994298379,83.859,280378,NA,NA,11.793,NA
French Polynesia,PF,PYF,2007,East Asia & Pacific,High income,21648.532237682,80.328,266438,28.59,NA,11.74,NA
French Polynesia,PF,PYF,2010,East Asia & Pacific,High income,19913.0252687915,81.141,270580,49,NA,12.133,NA
French Polynesia,PF,PYF,2000,East Asia & Pacific,High income,22498.8285530328,79,240337,6.35706,NA,11.583,NA
French Polynesia,PF,PYF,2009,East Asia & Pacific,High income,20499.7723032831,80.867,269481,44.6,NA,11.963,NA
French Polynesia,PF,PYF,2017,East Asia & Pacific,High income,20287.7685831663,82.774,280087,72.7039,NA,11.595,NA
French Polynesia,PF,PYF,2018,East Asia & Pacific,High income,20674.4206829029,82.985,279815,NA,NA,11.599,NA
French Polynesia,PF,PYF,2016,East Asia & Pacific,High income,19516.0718353276,82.555,279178,68.4404,NA,11.727,NA
French Polynesia,PF,PYF,2021,East Asia & Pacific,High income,19626.2332540206,79.571,279792,NA,NA,12.558,NA
French Polynesia,PF,PYF,2019,East Asia & Pacific,High income,21289.8751241139,83.195,279034,NA,NA,11.591,NA
French Polynesia,PF,PYF,2020,East Asia & Pacific,High income,19026.790444196,82.459,279209,NA,NA,12.963,NA
Gabon,GA,GAB,2016,Sub-Saharan Africa,Upper middle income,6991.3251446736,66.583,2100306,48.0523,NA,20.117,NA
Gabon,GA,GAB,2000,Sub-Saharan Africa,Upper middle income,7596.09970650519,61.81,1275572,1.21614,NA,17.848,NA
Gabon,GA,GAB,2014,Sub-Saharan Africa,Upper middle income,6998.60545439576,66.07,1978399,38.0712,NA,19.873,NA
Gabon,GA,GAB,2015,Sub-Saharan Africa,Upper middle income,7047.12654634355,66.336,2040989,45.7845,NA,19.943,NA
Gabon,GA,GAB,2017,Sub-Saharan Africa,Upper middle income,6840.05959347802,66.816,2156900,51.6049,NA,20.307,38
Gabon,GA,GAB,2018,Sub-Saharan Africa,Upper middle income,6724.5961429108,67.043,2212318,55.4202,NA,20.459,NA
Gabon,GA,GAB,2002,Sub-Saharan Africa,Upper middle income,7338.75620613605,62.175,1345135,1.93953,49.4348793029785,17.376,NA
Gabon,GA,GAB,2019,Sub-Saharan Africa,Upper middle income,6817.56879468764,67.337,2267706,59.5176,70.2639966402203,20.371,NA
Gabon,GA,GAB,2010,Sub-Saharan Africa,Upper middle income,6481.49612073562,64.715,1719879,13,NA,20.39,NA
Gabon,GA,GAB,2001,Sub-Saharan Africa,Upper middle income,7556.76995314898,61.982,1309589,1.34762,48.6175193786621,17.827,NA
Gabon,GA,GAB,2012,Sub-Saharan Africa,Upper middle income,6803.22668079211,65.438,1846889,24,NA,19.661,NA
Gabon,GA,GAB,2013,Sub-Saharan Africa,Upper middle income,6938.25753862236,65.751,1913059,30.538,NA,19.736,NA
Gabon,GA,GAB,2009,Sub-Saharan Africa,Upper middle income,6264.83611480154,64.361,1661556,9.5,NA,19.76,NA
Gabon,GA,GAB,2020,Sub-Saharan Africa,Upper middle income,6534.27966528997,67.073,2322539,63.9179,NA,21.279,NA
Gabon,GA,GAB,2011,Sub-Saharan Africa,Upper middle income,6699.23394606512,65.102,1781985,18,NA,19.895,NA
Gabon,GA,GAB,2008,Sub-Saharan Africa,Upper middle income,6468.38523357609,64.011,1607175,7.5,NA,19.212,NA
Gabon,GA,GAB,2022,Sub-Saharan Africa,Upper middle income,6527.48207900404,67.713,2430747,70.7069,NA,20.319,NA
Gabon,GA,GAB,2003,Sub-Saharan Africa,Upper middle income,7301.67154442842,62.463,1382350,2.65959,NA,17.126,NA
Gabon,GA,GAB,2004,Sub-Saharan Africa,Upper middle income,7148.98713447497,62.694,1421609,2.97907,NA,17.108,NA
Gabon,GA,GAB,2021,Sub-Saharan Africa,Upper middle income,6479.04900690761,67.072,2376722,68.6436,NA,21.223,NA
Gabon,GA,GAB,2007,Sub-Saharan Africa,Upper middle income,6908.67399162999,63.619,1556237,5.767,NA,18.257,NA
Gabon,GA,GAB,2006,Sub-Saharan Africa,Upper middle income,6724.08148977274,63.259,1508337,5.4892,NA,17.805,NA
Gabon,GA,GAB,2005,Sub-Saharan Africa,Upper middle income,7130.22505771754,62.978,1463495,4.89326,NA,16.91,42.2
"Gambia, The",GM,GMB,2006,Sub-Saharan Africa,Low income,636.596026908866,59.667,1715275,5.23769,NA,10.241,NA
"Gambia, The",GM,GMB,2003,Sub-Saharan Africa,Low income,665.834222326194,58.223,1577611,2.43678,NA,9.991,47.3
"Gambia, The",GM,GMB,2005,Sub-Saharan Africa,Low income,658.676285443081,59.11,1667037,3.799,NA,9.92,NA
"Gambia, The",GM,GMB,2004,Sub-Saharan Africa,Low income,693.563314497133,58.749,1621312,3.308,NA,9.948,NA
"Gambia, The",GM,GMB,2008,Sub-Saharan Africa,Low income,657.675679192228,60.473,1817852,6.88,45.2912902832031,10.065,NA
"Gambia, The",GM,GMB,2007,Sub-Saharan Africa,Low income,637.20930597537,60.001,1765774,6.20504,NA,10.425,NA
"Gambia, The",GM,GMB,2017,Sub-Saharan Africa,Low income,628.777299272925,63.708,2342189,22.5,NA,5.097,NA
"Gambia, The",GM,GMB,2018,Sub-Saharan Africa,Low income,658.127833258563,64.034,2399632,28.3,NA,4.055,NA
"Gambia, The",GM,GMB,2002,Sub-Saharan Africa,Low income,640.03893213613,57.736,1535691,1.79678,NA,10.039,NA
"Gambia, The",GM,GMB,2009,Sub-Saharan Africa,Low income,681.433469086571,60.735,1871422,7.63,46.214469909668,9.778,NA
"Gambia, The",GM,GMB,2000,Sub-Saharan Africa,Low income,659.911237641141,56.899,1455084,0.921795,NA,9.722,NA
"Gambia, The",GM,GMB,2014,Sub-Saharan Africa,Low income,611.879472952196,62.576,2164528,15.56,NA,8.191,NA
"Gambia, The",GM,GMB,2001,Sub-Saharan Africa,Low income,679.539755947951,57.283,1495011,1.33679,NA,9.64,NA
"Gambia, The",GM,GMB,2016,Sub-Saharan Africa,Low income,615.193365494386,63.386,2283769,19.9,NA,6.244,NA
"Gambia, The",GM,GMB,2019,Sub-Saharan Africa,Low income,682.797642940426,64.427,2456844,31.1183,NA,4.481,NA
"Gambia, The",GM,GMB,2020,Sub-Saharan Africa,Low income,670.758642891251,64.418,2515733,34.2172,NA,5.84,38.8
"Gambia, The",GM,GMB,2010,Sub-Saharan Africa,Low income,701.014524591061,61.167,1926630,9.2,45.5351409912109,9.673,43.6
"Gambia, The",GM,GMB,2015,Sub-Saharan Africa,Low income,619.536364296461,62.971,2224529,17.6,NA,7.226,35.9
"Gambia, The",GM,GMB,2012,Sub-Saharan Africa,Low income,639.139881889048,61.9,2043094,12.4492,NA,10.346,NA
"Gambia, The",GM,GMB,2013,Sub-Saharan Africa,Low income,638.522368532214,62.252,2103820,14,NA,9.454,NA
"Gambia, The",GM,GMB,2022,Sub-Saharan Africa,Low income,710.686979216316,64.859,2636470,44.0389,NA,6.067,NA
"Gambia, The",GM,GMB,2011,Sub-Saharan Africa,Low income,625.464360270983,61.561,1983784,10.8703,NA,10.276,NA
"Gambia, The",GM,GMB,2021,Sub-Saharan Africa,Low income,689.49323955737,63.847,2576010,37.6247,107.027125590442,6.213,NA
Georgia,GE,GEO,2015,Europe & Central Asia,Upper middle income,4086.6223465965,73.241,3725276,47.5698,106.764155546761,16.506,36.5
Georgia,GE,GEO,2010,Europe & Central Asia,Upper middle income,3090.06513662318,71.732,3786695,26.9,NA,20.203,39.5
Georgia,GE,GEO,2016,Europe & Central Asia,Upper middle income,4225.09154904806,73.136,3727505,58.4593,107.779901789534,16.604,36.6
Georgia,GE,GEO,2013,Europe & Central Asia,Upper middle income,3806.50600649051,73.025,3717668,43.3,107.038832287684,19.416,38.6
Georgia,GE,GEO,2014,Europe & Central Asia,Upper middle income,3960.35080091901,73.105,3719414,49.1025,105.757088910744,17.439,37.6
Georgia,GE,GEO,2018,Europe & Central Asia,Upper middle income,4713.6535484530305,73.985,3726549,62.7179,111.616827005361,12.667,36.4
Georgia,GE,GEO,2011,Europe & Central Asia,Upper middle income,3362.1030031968,72.485,3756441,31.52,NA,19.632,39.6
Georgia,GE,GEO,2012,Europe & Central Asia,Upper middle income,3609.780798626,72.672,3728874,36.94,NA,19.653,39
Georgia,GE,GEO,2009,Europe & Central Asia,Upper middle income,2887.25607935922,71.058,3814419,20.07,106.653327941895,20.71,38.2
Georgia,GE,GEO,2004,Europe & Central Asia,Upper middle income,2105.00472843799,71.011,3927340,3.88622,90.6913909912109,12.62,36.2
Georgia,GE,GEO,2005,Europe & Central Asia,Upper middle income,2321.60084285163,70.689,3902469,6.07946,95.7935409545898,13.81,37.4
Georgia,GE,GEO,2007,Europe & Central Asia,Upper middle income,2891.13702331846,70.985,3860158,8.26,107.933776855469,13.28,38.1
Georgia,GE,GEO,2017,Europe & Central Asia,Upper middle income,4442.50744127374,73.435,3728004,59.7055,109.523203664239,13.939,37.9
Georgia,GE,GEO,2022,Europe & Central Asia,Upper middle income,5736.30449578597,74.141,3712502,78.7113,103.710205488304,11.621,33.5
Georgia,GE,GEO,2003,Europe & Central Asia,Upper middle income,1977.46143338741,71.377,3951736,2.55882,94.034912109375,11.51,36.6
Georgia,GE,GEO,2019,Europe & Central Asia,Upper middle income,4975.81148194814,74.165,3720161,68.8467,111.900853903077,11.565,35.9
Georgia,GE,GEO,2020,Europe & Central Asia,Upper middle income,4659.60925318234,73.509,3722716,72.5316,108.06699476725,11.734,34.5
Georgia,GE,GEO,2002,Europe & Central Asia,Upper middle income,1768.5970116888,70.438,3978515,1.58788,89.9919891357422,12.59,37.2
Georgia,GE,GEO,2001,Europe & Central Asia,Upper middle income,1661.83019106421,70.371,4014373,0.992344,86.5363998413086,11.16,39.6
Georgia,GE,GEO,2021,Europe & Central Asia,Upper middle income,5175.19865185825,71.635,3708610,76.4427,106.201856681079,11.785,34.2
Georgia,GE,GEO,2008,Europe & Central Asia,Upper middle income,2970.15858282428,70.949,3848449,10.01,110.87841796875,17.87,38.5
Georgia,GE,GEO,2000,Europe & Central Asia,Upper middle income,1561.19867638847,70.091,4077131,0.484746,83.4423599243164,10.82,40.5
Georgia,GE,GEO,2006,Europe & Central Asia,Upper middle income,2554.81253503914,70.983,3880347,7.52688,98.6351013183594,13.57,36.9
Germany,DE,DEU,2012,Europe & Central Asia,High income,40834.5088218456,80.5390243902439,80425823,82.35,104.442237854004,5.372,31.1
Germany,DE,DEU,2002,Europe & Central Asia,High income,35477.5151544301,78.2292682926829,82488495,48.82,100.853607177734,8.482,29.8
Germany,DE,DEU,2011,Europe & Central Asia,High income,40722.4849268242,80.4365853658537,80274983,81.27,105.34651184082,5.967,30.6
Germany,DE,DEU,2004,Europe & Central Asia,High income,35687.6378708542,78.6804878048781,82516260,64.73,101.377777099609,10.727,30.2
Germany,DE,DEU,2014,Europe & Central Asia,High income,41602.4661281668,81.090243902439,80982500,86.1937,103.303871154785,4.979,30.8
Germany,DE,DEU,2013,Europe & Central Asia,High income,40884.8926759028,80.490243902439,80645605,84.17,103.935333251953,5.316,31.5
Germany,DE,DEU,2003,Europe & Central Asia,High income,35270.0227284267,78.3804878048781,82534176,55.9,101.226783752441,9.779,29.8
Germany,DE,DEU,2000,Europe & Central Asia,High income,35104.1308467844,77.9268292682927,82211508,30.2163,99.1294326782227,7.917,28.9
Germany,DE,DEU,2007,Europe & Central Asia,High income,38593.0749910508,79.5341463414634,82266372,75.16,102.009773254395,8.732,31.2
Germany,DE,DEU,2015,Europe & Central Asia,High income,41929.7549110722,80.6414634146341,81686611,87.5898,102.192413330078,4.612,31.7
Germany,DE,DEU,2001,Europe & Central Asia,High income,35618.5143698493,78.3292682926829,82349925,31.6509,99.554801940918,7.773,29.9
Germany,DE,DEU,2005,Europe & Central Asia,High income,36024.094704702104,78.9317073170732,82469422,68.71,101.436492919922,11.193,31.7
Germany,DE,DEU,2010,Europe & Central Asia,High income,38526.7371042695,79.9878048780488,81776930,82,104.891357421875,7.043,30.2
Germany,DE,DEU,2008,Europe & Central Asia,High income,39009.8477636357,79.7365853658537,82110097,78,103.240730285645,7.508,30.8
Germany,DE,DEU,2009,Europe & Central Asia,High income,36940.4078672661,79.8365853658537,81902307,79,103.314292907715,7.88,30.5
Germany,DE,DEU,2020,Europe & Central Asia,High income,42372.8726784255,81.0414634146342,83160871,89.8129,101.307800292969,3.881,32.4
Germany,DE,DEU,2006,Europe & Central Asia,High income,37459.261328042,79.1317073170732,82376451,72.16,102.486396789551,10.277,31
Germany,DE,DEU,2022,Europe & Central Asia,High income,44817.1316331389,80.6080487804878,83177813,91.6298,100.81729888916,3.137,NA
Germany,DE,DEU,2021,Europe & Central Asia,High income,44011.0194631674,80.790243902439,83196078,91.4306,101.203536987305,3.594,NA
Germany,DE,DEU,2019,Europe & Central Asia,High income,44235.2658954682,81.2926829268293,83092962,88.1345,101.152557373047,3.163,31.8
Germany,DE,DEU,2017,Europe & Central Asia,High income,43543.4807050551,80.9926829268293,82657002,84.3942,101.095642089844,3.781,31.3
Germany,DE,DEU,2018,Europe & Central Asia,High income,43905.8550061973,80.8926829268293,82905782,87.0371,100.837303161621,3.384,31.9
Germany,DE,DEU,2016,Europe & Central Asia,High income,42516.9337063103,80.990243902439,82348669,84.1652,100.852310180664,4.104,31.4
Ghana,GH,GHA,2010,Sub-Saharan Africa,Lower middle income,1381.2279503506,61.297,25474995,7.8,NA,5.384,NA
Ghana,GH,GHA,2009,Sub-Saharan Africa,Lower middle income,1311.63053760125,60.928,24862664,5.44,47.9277191162109,5.362,NA
Ghana,GH,GHA,2021,Sub-Saharan Africa,Lower middle income,2030.04866500967,64.286,32518665,68.6,76.2084742091088,3.2,NA
Ghana,GH,GHA,2022,Sub-Saharan Africa,Lower middle income,2067.20895910766,65.246,33149152,69.3607,77.8168696801948,2.87,NA
Ghana,GH,GHA,2012,Sub-Saharan Africa,Lower middle income,1640.54072088003,61.995,26734268,10.6,56.7326017795109,3.126,42.4
Ghana,GH,GHA,2005,Sub-Saharan Africa,Lower middle income,1143.31178934301,59.638,22449438,1.8312,38.1276893615723,5.816,42.8
Ghana,GH,GHA,2008,Sub-Saharan Africa,Lower middle income,1282.63416886747,60.578,24249946,4.27,46.0595817565918,5.144,NA
Ghana,GH,GHA,2011,Sub-Saharan Africa,Lower middle income,1537.81834019283,61.617,26095088,9,55.6069297790527,4.213,NA
Ghana,GH,GHA,2006,Sub-Saharan Africa,Lower middle income,1185.26570738595,59.975,23040702,2.72318,39.8474884033203,4.897,NA
Ghana,GH,GHA,2015,Sub-Saharan Africa,Lower middle income,1722.77282833606,63.175,28696068,23,67.0486566518056,6.806,NA
Ghana,GH,GHA,2013,Sub-Saharan Africa,Lower middle income,1718.59704769958,62.397,27386193,15,68.1991424560547,2.173,NA
Ghana,GH,GHA,2014,Sub-Saharan Africa,Lower middle income,1726.36930134647,62.832,28041592,19,63.974569978053,4.403,NA
Ghana,GH,GHA,2019,Sub-Saharan Africa,Lower middle income,1999.55372220211,64.455,31258945,22.0732,71.1877006008423,3.067,NA
Ghana,GH,GHA,2004,Sub-Saharan Africa,Lower middle income,1108.30475353633,59.316,21868298,1.7168,36.1445503234863,6.758,NA
Ghana,GH,GHA,2007,Sub-Saharan Africa,Lower middle income,1205.31705804209,60.282,23642279,3.85,43.759521484375,5.104,NA
Ghana,GH,GHA,2020,Sub-Saharan Africa,Lower middle income,1970.19411460398,64.309,31887809,62.5176,74.0102186341371,3.178,NA
Ghana,GH,GHA,2016,Sub-Saharan Africa,Lower middle income,1740.81101902928,63.522,29356742,28,67.2644101341977,5.256,43.5
Ghana,GH,GHA,2003,Sub-Saharan Africa,Lower middle income,1077.69990866645,59.014,21296705,1.19306,33.6547889709473,7.728,NA
Ghana,GH,GHA,2018,Sub-Saharan Africa,Lower middle income,1915.4532323781,64.138,30637585,43,68.2222557975165,3.204,NA
Ghana,GH,GHA,2002,Sub-Saharan Africa,Lower middle income,1052.46591644399,58.709,20729388,0.830284,32.267578125,8.711,NA
Ghana,GH,GHA,2000,Sub-Saharan Africa,Lower middle income,1022.27520714566,58.139,19637087,0.153615,32.5775909423828,10.456,NA
Ghana,GH,GHA,2017,Sub-Saharan Africa,Lower middle income,1841.44636153249,63.829,30008354,37.8842,66.6359450193038,3.369,NA
Ghana,GH,GHA,2001,Sub-Saharan Africa,Lower middle income,1035.22666053257,58.403,20167069,0.200008,30.9433898925781,9.615,NA
Gibraltar,GI,GIB,2000,Europe & Central Asia,High income,NA,80.145,27709,19.1316,106.05623626709,NA,NA
Gibraltar,GI,GIB,2009,Europe & Central Asia,High income,NA,81.807,30823,65.07,109.73509979248,NA,NA
Gibraltar,GI,GIB,2021,Europe & Central Asia,High income,NA,80.274,36858,NA,101.476509094238,NA,NA
Gibraltar,GI,GIB,2010,Europe & Central Asia,High income,NA,82.08,31248,65,NA,NA,NA
Gibraltar,GI,GIB,2022,Europe & Central Asia,High income,NA,83.517,37609,NA,72.4222793579102,NA,NA
Gibraltar,GI,GIB,2008,Europe & Central Asia,High income,NA,81.541,30413,58,111.749000549316,NA,NA
Gibraltar,GI,GIB,2004,Europe & Central Asia,High income,NA,80.856,28715,32.8861,NA,NA,NA
Gibraltar,GI,GIB,2011,Europe & Central Asia,High income,NA,82.333,31660,65,NA,NA,NA
Gibraltar,GI,GIB,2001,Europe & Central Asia,High income,NA,80.419,27657,21.1711,111.270637512207,NA,NA
Gibraltar,GI,GIB,2002,Europe & Central Asia,High income,NA,80.59,27831,23.6702,NA,NA,NA
Gibraltar,GI,GIB,2017,Europe & Central Asia,High income,NA,82.858,34245,NA,132.455089820359,NA,NA
Gibraltar,GI,GIB,2005,Europe & Central Asia,High income,NA,80.991,29163,39.0701,NA,NA,NA
Gibraltar,GI,GIB,2020,Europe & Central Asia,High income,NA,83.07,36173,NA,100.500228881836,NA,NA
Gibraltar,GI,GIB,2018,Europe & Central Asia,High income,NA,83.028,34854,NA,NA,NA,NA
Gibraltar,GI,GIB,2007,Europe & Central Asia,High income,NA,81.269,30006,51.61,NA,NA,NA
Gibraltar,GI,GIB,2019,Europe & Central Asia,High income,NA,83.183,35494,NA,100.98314666748,NA,NA
Gibraltar,GI,GIB,2013,Europe & Central Asia,High income,NA,82.586,32407,NA,NA,NA,NA
Gibraltar,GI,GIB,2003,Europe & Central Asia,High income,NA,80.713,28274,28.3258,NA,NA,NA
Gibraltar,GI,GIB,2014,Europe & Central Asia,High income,NA,82.644,32813,NA,NA,NA,NA
Gibraltar,GI,GIB,2012,Europe & Central Asia,High income,NA,82.527,32029,65.017,NA,NA,NA
Gibraltar,GI,GIB,2006,Europe & Central Asia,High income,NA,81.103,29594,45.2986,NA,NA,NA
Gibraltar,GI,GIB,2016,Europe & Central Asia,High income,NA,82.741,33658,94.4445,132.325141776938,NA,NA
Gibraltar,GI,GIB,2015,Europe & Central Asia,High income,NA,82.668,33193,NA,NA,NA,NA
Greece,GR,GRC,2002,Europe & Central Asia,High income,19548.3677447396,78.6414634146341,10902022,14.67,98.1837997436523,10.346,35.5
Greece,GR,GRC,2001,Europe & Central Asia,High income,18742.4235780691,78.3878048780488,10862132,10.935,102.047653198242,10.764,NA
Greece,GR,GRC,2009,Europe & Central Asia,High income,22878.1346644397,80.1878048780488,11107017,42.4,NA,9.546,33.6
Greece,GR,GRC,2003,Europe & Central Asia,High income,20632.2557041942,78.8414634146341,10928070,17.8,94.3411178588867,9.839,32.8
Greece,GR,GRC,2000,Europe & Central Asia,High income,18002.9064613985,77.8878048780488,10805808,9.13884,97.0996704101562,11.345,34.4
Greece,GR,GRC,2005,Europe & Central Asia,High income,21880.5265835801,79.2390243902439,10987314,24,96.8381423950195,10.074,34.6
Greece,GR,GRC,2008,Europe & Central Asia,High income,23923.8800731311,79.9390243902439,11077841,38.2,NA,7.664,33.6
Greece,GR,GRC,2004,Europe & Central Asia,High income,21688.1050959558,79.0390243902439,10955141,21.42,92.8870162963867,10.628,33.6
Greece,GR,GRC,2013,Europe & Central Asia,High income,17644.8766635021,81.2853658536585,10965211,59.8663,107.414306640625,27.686,36.1
Greece,GR,GRC,2011,Europe & Central Asia,High income,19448.255802525,80.7317073170732,11104899,51.65,105.956047058105,17.973,34.8
Greece,GR,GRC,2016,Europe & Central Asia,High income,18049.928997892,81.3878048780488,10775971,69.0879,103.952072143555,23.514,35
Greece,GR,GRC,2014,Europe & Central Asia,High income,17903.5252440012,81.3853658536585,10892413,63.2073,103.468589782715,26.708,35.8
Greece,GR,GRC,2012,Europe & Central Asia,High income,17924.6620496886,80.6341463414634,11045011,55.07,106.290550231934,24.731,36.3
Greece,GR,GRC,2021,Europe & Central Asia,High income,19232.9683327114,80.0829268292683,10569207,78.4943,104.77806854248,14.656,32.9
Greece,GR,GRC,2010,Europe & Central Asia,High income,21547.724178239,80.3878048780488,11121341,44.4,107.819053649902,12.719,34.1
Greece,GR,GRC,2006,Europe & Central Asia,High income,23220.5324419197,79.4390243902439,11020362,32.25,96.8165969848633,8.906,35.1
Greece,GR,GRC,2015,Europe & Central Asia,High income,17980.7298238137,81.0365853658537,10820883,66.835,103.377700805664,24.981,36
Greece,GR,GRC,2007,Europe & Central Asia,High income,23973.6936091313,79.4390243902439,11048473,35.88,95.9788131713867,8.351,34
Greece,GR,GRC,2017,Europe & Central Asia,High income,18352.0884461258,81.2878048780488,10754679,69.893,104.228790283203,21.413,34.4
Greece,GR,GRC,2022,Europe & Central Asia,High income,20552.3223279685,80.7878048780488,10436882,83.1707,106.21671295166,12.426,33.4
Greece,GR,GRC,2018,Europe & Central Asia,High income,18769.0389621976,81.7878048780488,10732882,72.2384,103.891693115234,19.179,32.9
Greece,GR,GRC,2019,Europe & Central Asia,High income,19216.6759579785,81.6390243902439,10721582,75.6712,106.527839660645,17.045,33.1
Greece,GR,GRC,2020,Europe & Central Asia,High income,17486.951333323,81.2878048780488,10698599,78.1158,103.615829467773,15.899,33.6
Greenland,GL,GRL,2017,Europe & Central Asia,High income,46597.9452470348,71.9321951219512,56172,69.4825,NA,NA,NA
Greenland,GL,GRL,2020,Europe & Central Asia,High income,48169.9406957389,71.8507317073171,56367,NA,NA,NA,NA
Greenland,GL,GRL,2021,Europe & Central Asia,High income,48709.9339758895,71.8139024390244,56653,NA,NA,NA,NA
Greenland,GL,GRL,2019,Europe & Central Asia,High income,48170.7896955512,71.9443902439024,56225,NA,NA,NA,NA
Greenland,GL,GRL,2022,Europe & Central Asia,High income,49679.3365414895,71.5404878048781,56661,NA,NA,NA,NA
Greenland,GL,GRL,2000,Europe & Central Asia,High income,31623.0591501943,66.0990243902439,56185,31.7478,NA,NA,NA
Greenland,GL,GRL,2001,Europe & Central Asia,High income,31914.1710964481,66.1965853658537,56379,35.4641,NA,NA,NA
Greenland,GL,GRL,2002,Europe & Central Asia,High income,31483.6074780094,66.6117073170732,56595,44.1548,NA,NA,NA
Greenland,GL,GRL,2015,Europe & Central Asia,High income,44536.3549705377,71.4790243902439,56114,67.6004,NA,NA,NA
Greenland,GL,GRL,2003,Europe & Central Asia,High income,32787.9680355213,67.1817073170732,56751,54.5343,NA,NA,NA
Greenland,GL,GRL,2004,Europe & Central Asia,High income,34961.9356097257,67.7263414634146,56898,56.099,NA,NA,NA
Greenland,GL,GRL,2013,Europe & Central Asia,High income,43338.3839246907,70.8385365853659,56483,65.8,NA,NA,NA
Greenland,GL,GRL,2007,Europe & Central Asia,High income,39896.875364094,69.0482926829268,56555,61.07,NA,NA,NA
Greenland,GL,GRL,2018,Europe & Central Asia,High income,47012.9860350276,71.9675609756098,56023,NA,NA,NA,NA
Greenland,GL,GRL,2016,Europe & Central Asia,High income,46561.7831434013,71.8385365853659,56186,68.5009,NA,NA,NA
Greenland,GL,GRL,2009,Europe & Central Asia,High income,42899.7441985862,69.779512195122,56323,62.83,NA,NA,NA
Greenland,GL,GRL,2012,Europe & Central Asia,High income,43655.7004664255,70.5463414634146,56810,64.896,NA,NA,NA
Greenland,GL,GRL,2014,Europe & Central Asia,High income,45545.1429414917,71.0609756097561,56295,66.7,NA,NA,NA
Greenland,GL,GRL,2008,Europe & Central Asia,High income,42527.6668469766,69.37,56328,62.82,NA,NA,NA
Greenland,GL,GRL,2005,Europe & Central Asia,High income,36681.8055890619,68.2351219512195,56935,57.7034,NA,NA,NA
Greenland,GL,GRL,2010,Europe & Central Asia,High income,43481.5161087805,70.0807317073171,56534,63,NA,NA,NA
Greenland,GL,GRL,2011,Europe & Central Asia,High income,42994.8790874739,70.2648780487805,56890,64,NA,NA,NA
Greenland,GL,GRL,2006,Europe & Central Asia,High income,38828.8524943222,68.6165853658537,56775,59.3617,NA,NA,NA
Grenada,GD,GRD,2010,Latin America & Caribbean,Upper middle income,7670.71165827663,74.731,111586,27,117.012619018555,NA,NA
Grenada,GD,GRD,2020,Latin America & Caribbean,Upper middle income,8413.28335500372,75.019,116341,67.3637,104.298669179131,NA,NA
Grenada,GD,GRD,2011,Latin America & Caribbean,Upper middle income,7695.37616017287,74.861,112079,30,108.343828715365,NA,NA
Grenada,GD,GRD,2000,Latin America & Caribbean,Upper middle income,6677.1265230922,72.955,107451,4.06391,NA,NA,NA
Grenada,GD,GRD,2001,Latin America & Caribbean,Upper middle income,6509.51660313374,73.034,107987,5.1281,NA,NA,NA
Grenada,GD,GRD,2021,Latin America & Caribbean,Upper middle income,8782.32193426078,74.522,116688,70.5594,100.989177237286,NA,NA
Grenada,GD,GRD,2002,Latin America & Caribbean,Upper middle income,6707.36873532777,73.142,108404,14.7588,110.115692138672,NA,NA
Grenada,GD,GRD,2022,Latin America & Caribbean,Upper middle income,9406.19337643226,75.151,116913,74.2689,NA,NA,NA
Grenada,GD,GRD,2008,Latin America & Caribbean,Upper middle income,8307.49221491819,74.374,110896,23.18,116.674461364746,NA,NA
Grenada,GD,GRD,2013,Latin America & Caribbean,Upper middle income,7688.75297701343,75.022,113487,35,106.78381256656,NA,NA
Grenada,GD,GRD,2004,Latin America & Caribbean,Upper middle income,7233.29494434962,72.447,109323,19.5706,107.162467956543,NA,NA
Grenada,GD,GRD,2005,Latin America & Caribbean,Upper middle income,8162.91232124727,73.7,109734,20.4878,101.858772277832,NA,NA
Grenada,GD,GRD,2012,Latin America & Caribbean,Upper middle income,7559.5628483956,74.961,112775,32,NA,NA,NA
Grenada,GD,GRD,2007,Latin America & Caribbean,Upper middle income,8257.36225682689,74.159,110522,22.29,116.305992126465,NA,NA
Grenada,GD,GRD,2019,Latin America & Caribbean,Upper middle income,9785.56040240592,74.971,115981,64.3128,NA,NA,NA
Grenada,GD,GRD,2006,Latin America & Caribbean,Upper middle income,7808.24358323434,73.93,110135,21.396,NA,NA,NA
Grenada,GD,GRD,2009,Latin America & Caribbean,Upper middle income,7733.12990600058,74.567,111254,24.05,107.998832702637,NA,NA
Grenada,GD,GRD,2014,Latin America & Caribbean,Upper middle income,8206.62862112333,75.045,114132,51.6,106.993851559069,NA,NA
Grenada,GD,GRD,2003,Latin America & Caribbean,Upper middle income,7309.78547094579,73.291,108884,18.6452,114.018257141113,NA,NA
Grenada,GD,GRD,2016,Latin America & Caribbean,Upper middle income,8983.68397337899,75.01,115130,53.3,105.224225612575,NA,NA
Grenada,GD,GRD,2018,Latin America & Caribbean,Upper middle income,9744.16919577204,74.957,115691,61.4,110.379410343161,NA,43.8
Grenada,GD,GRD,2015,Latin America & Caribbean,Upper middle income,8694.12438005692,75.037,114676,52.5,105.402661854275,NA,NA
Grenada,GD,GRD,2017,Latin America & Caribbean,Upper middle income,9357.40728883583,74.977,115438,54.2,104.433148126256,NA,NA
Guam,GU,GUM,2015,East Asia & Pacific,High income,35165.7014644795,76.444,164905,73.14,NA,6.9,NA
Guam,GU,GUM,2016,East Asia & Pacific,High income,35373.8483143417,76.449,164233,77.01,NA,5.4,NA
Guam,GU,GUM,2018,East Asia & Pacific,High income,35731.2203743081,76.561,162679,NA,NA,5.45,NA
Guam,GU,GUM,2014,East Asia & Pacific,High income,34755.2691107298,76.423,165486,69.27,NA,7.6,NA
Guam,GU,GUM,2020,East Asia & Pacific,High income,32884.8852646787,75.529,162158,NA,NA,6.241,NA
Guam,GU,GUM,2017,East Asia & Pacific,High income,35850.9025520506,76.463,163490,80.5055,NA,5.418,NA
Guam,GU,GUM,2012,East Asia & Pacific,High income,33404.9317636913,76.237,166331,61.5342,NA,12.2,NA
Guam,GU,GUM,2019,East Asia & Pacific,High income,36830.1264410973,76.645,161808,NA,NA,5.405,NA
Guam,GU,GUM,2000,East Asia & Pacific,High income,NA,74.894,160065,16.1131,NA,15.32,NA
Guam,GU,GUM,2001,East Asia & Pacific,High income,NA,75.195,161329,25.3802,NA,13.213,NA
Guam,GU,GUM,2010,East Asia & Pacific,High income,32644.1484056205,76.095,166522,54.04,NA,8.2,NA
Guam,GU,GUM,2011,East Asia & Pacific,High income,32665.3787483379,76.153,166543,57.7,NA,13.3,NA
Guam,GU,GUM,2013,East Asia & Pacific,High income,34044.3190415455,76.361,165966,65.4,NA,11.5,NA
Guam,GU,GUM,2022,East Asia & Pacific,High income,34627.9862781837,77.102,165180,NA,NA,5.383,NA
Guam,GU,GUM,2005,East Asia & Pacific,High income,32520.3729565352,76.427,164365,38.5599,NA,7,NA
Guam,GU,GUM,2021,East Asia & Pacific,High income,33239.4846327875,75.434,163730,NA,NA,6,NA
Guam,GU,GUM,2009,East Asia & Pacific,High income,31988.7229358255,76.141,166173,50.642,NA,9.3,NA
Guam,GU,GUM,2002,East Asia & Pacific,High income,29576.221681311,75.506,162315,31.1923,NA,11.39,NA
Guam,GU,GUM,2004,East Asia & Pacific,High income,31483.8141949558,76.114,163810,36.1618,NA,7.7,NA
Guam,GU,GUM,2008,East Asia & Pacific,High income,31941.2706025874,76.233,165693,48.4187,NA,8.892,NA
Guam,GU,GUM,2006,East Asia & Pacific,High income,31242.462900947,76.477,164839,43.8514,NA,7.4,NA
Guam,GU,GUM,2007,East Asia & Pacific,High income,31385.0475162113,76.397,165267,46.1505,NA,8.3,NA
Guam,GU,GUM,2003,East Asia & Pacific,High income,29685.9531745657,75.885,163137,33.7167,NA,9.693,NA
Guatemala,GT,GTM,2014,Latin America & Caribbean,Upper middle income,3809.61587570091,70.942,15681725,23.4,52.9668023678254,2.717,48.3
Guatemala,GT,GTM,2005,Latin America & Caribbean,Upper middle income,3284.80971612832,68.167,13087629,5.7,40.5942687988281,3.059,NA
Guatemala,GT,GTM,2003,Latin America & Caribbean,Upper middle income,3222.15468293683,68.204,12525842,4.54885,NA,2.807,NA
Guatemala,GT,GTM,2008,Latin America & Caribbean,Upper middle income,3569.92861121538,69.493,13935174,8.3,45.231330871582,2.898,NA
Guatemala,GT,GTM,2006,Latin America & Caribbean,Upper middle income,3388.15003339926,68.79,13367459,6.5,42.4339714050293,2.96,54.5
Guatemala,GT,GTM,2004,Latin America & Caribbean,Upper middle income,3250.20406037693,68.245,12807402,5.1,38.6178703308105,2.971,NA
Guatemala,GT,GTM,2007,Latin America & Caribbean,Upper middle income,3527.7782721364,69.299,13652040,7.3,44.2429885864258,2.847,NA
Guatemala,GT,GTM,2002,Latin America & Caribbean,Upper middle income,3213.26837369582,67.835,12246915,3.39175,35.5038414001465,2.254,NA
Guatemala,GT,GTM,2000,Latin America & Caribbean,Upper middle income,3165.9323746889,67.102,11697592,0.712333,30.9806594848633,2.143,54.2
Guatemala,GT,GTM,2015,Latin America & Caribbean,Upper middle income,3893.50533299068,70.915,15971743,28.8059,54.8864188204824,2.506,NA
Guatemala,GT,GTM,2022,Latin America & Caribbean,Upper middle income,4385.14891178047,71.206,17847877,55.4086,45.8926232164663,3.051,NA
Guatemala,GT,GTM,2021,Latin America & Caribbean,Upper middle income,4268.62858565412,67.858,17598650,50.8416,48.157456034521,2.174,NA
Guatemala,GT,GTM,2020,Latin America & Caribbean,Upper middle income,4005.83911593999,69.971,17357325,47.5123,51.7956964848587,2.965,NA
Guatemala,GT,GTM,2011,Latin America & Caribbean,Upper middle income,3621.37409769184,70.321,14792126,12.3,52.7689609562719,3.169,NA
Guatemala,GT,GTM,2012,Latin America & Caribbean,Upper middle income,3655.57315791242,70.722,15089647,16,53.1178493302463,2.765,NA
Guatemala,GT,GTM,2009,Latin America & Caribbean,Upper middle income,3516.19227725255,69.676,14215611,9.3,48.2657203674316,3.22,NA
Guatemala,GT,GTM,2013,Latin America & Caribbean,Upper middle income,3717.30462628413,70.878,15387337,19.7,53.323315834897,3.017,NA
Guatemala,GT,GTM,2010,Latin America & Caribbean,Upper middle income,3546.6258162259,69.885,14500112,10.5,52.1883200232994,3.497,NA
Guatemala,GT,GTM,2017,Latin America & Caribbean,Upper middle income,3972.74057836068,71.583,16567357,37.9,54.0444773151521,2.462,NA
Guatemala,GT,GTM,2001,Latin America & Caribbean,Upper middle income,3166.20351297452,67.436,11969422,1.7382,32.8574981689453,2.251,NA
Guatemala,GT,GTM,2019,Latin America & Caribbean,Upper middle income,4139.12203836307,71.639,17103803,44.401,52.5563883982916,2.193,NA
Guatemala,GT,GTM,2018,Latin America & Caribbean,Upper middle income,4040.2121371198,71.496,16845685,41.5,54.0797647125185,2.283,NA
Guatemala,GT,GTM,2016,Latin America & Caribbean,Upper middle income,3924.77894837098,71.215,16268760,34.5093,54.4252556188872,2.583,NA
Guinea,GN,GIN,2005,Sub-Saharan Africa,Lower middle income,651.359606871604,54.422,9245844,0.542254,29.0273208618164,4.814,NA
Guinea,GN,GIN,2004,Sub-Saharan Africa,Lower middle income,645.182843390689,53.975,9062726,0.508819,24.6455307006836,4.709,NA
Guinea,GN,GIN,2003,Sub-Saharan Africa,Lower middle income,644.071217908894,53.589,8870781,0.45096,22.6574001312256,4.628,NA
Guinea,GN,GIN,2017,Sub-Saharan Africa,Lower middle income,867.907502577607,58.715,12385659,18.7,NA,4.86,NA
Guinea,GN,GIN,2006,Sub-Saharan Africa,Lower middle income,645.472001923653,54.875,9441171,0.637492,32.2970886230469,4.863,NA
Guinea,GN,GIN,2008,Sub-Saharan Africa,Lower middle income,684.775780377366,55.703,9898870,0.92,33.2380905151367,4.803,NA
Guinea,GN,GIN,2009,Sub-Saharan Africa,Lower middle income,660.756701330284,56.052,10143534,0.94,NA,4.914,NA
Guinea,GN,GIN,2013,Sub-Saharan Africa,Lower middle income,729.833143236326,57.459,11191873,4.5,NA,4.944,NA
Guinea,GN,GIN,2016,Sub-Saharan Africa,Lower middle income,807.236421043888,58.49,12073030,13.1,NA,4.997,NA
Guinea,GN,GIN,2002,Sub-Saharan Africa,Lower middle income,650.554963973291,53.2,8674066,0.402023,21.2247695922852,4.549,43
Guinea,GN,GIN,2015,Sub-Saharan Africa,Lower middle income,747.356966759448,57.899,11767070,9.2,NA,5.15,NA
Guinea,GN,GIN,2020,Sub-Saharan Africa,Lower middle income,945.570903389665,59.35,13371183,23.4499,NA,6.007,NA
Guinea,GN,GIN,2007,Sub-Saharan Africa,Lower middle income,673.698997420626,55.233,9662281,0.780025,NA,4.787,39.4
Guinea,GN,GIN,2018,Sub-Saharan Africa,Lower middle income,899.907328045175,59.043,12704774,21.83,NA,4.835,29.6
Guinea,GN,GIN,2019,Sub-Saharan Africa,Lower middle income,926.42221954853,59.379,13034346,22.6255,NA,5.018,NA
Guinea,GN,GIN,2014,Sub-Saharan Africa,Lower middle income,738.272274481308,57.581,11472924,6.4,38.5548782348633,5.044,NA
Guinea,GN,GIN,2012,Sub-Saharan Africa,Lower middle income,719.505916794546,57.117,10921581,3.1,36.8766899108887,4.874,33.7
Guinea,GN,GIN,2010,Sub-Saharan Africa,Lower middle income,675.736917327708,56.431,10396086,1,NA,5.018,NA
Guinea,GN,GIN,2000,Sub-Saharan Africa,Lower middle income,614.137235083638,52.42,8428832,0.095424900000000007,NA,4.586,NA
Guinea,GN,GIN,2011,Sub-Saharan Africa,Lower middle income,696.199991395571,56.778,10656810,2,36.7464790344238,5.024,NA
Guinea,GN,GIN,2022,Sub-Saharan Africa,Lower middle income,987.502501465337,60.432,14055137,24.6954,NA,5.174,NA
Guinea,GN,GIN,2001,Sub-Saharan Africa,Lower middle income,628.320554864936,52.669,8539960,0.175542,18.4985904693604,4.584,NA
Guinea,GN,GIN,2021,Sub-Saharan Africa,Lower middle income,973.646890096159,59.373,13710513,24.3044,NA,5.815,NA
Guinea-Bissau,GW,GNB,2006,Sub-Saharan Africa,Low income,597.257151722046,54.089,1415303,2.0572,34.3966407775879,3.143,NA
Guinea-Bissau,GW,GNB,2002,Sub-Saharan Africa,Low income,594.040535151552,51.608,1289307,1.02299,NA,3.146,35.6
Guinea-Bissau,GW,GNB,2007,Sub-Saharan Africa,Low income,597.482020935948,54.87,1450986,2.2063,NA,3.125,NA
Guinea-Bissau,GW,GNB,2005,Sub-Saharan Africa,Low income,595.94255560187,52.949,1381585,1.90137,32.1273002624512,3.184,NA
Guinea-Bissau,GW,GNB,2008,Sub-Saharan Africa,Low income,608.958620496925,55.3,1488054,2.35489,NA,3.157,NA
Guinea-Bissau,GW,GNB,2018,Sub-Saharan Africa,Low income,686.456819839526,61.652,1922168,15.7,NA,3.127,34.8
Guinea-Bissau,GW,GNB,2022,Sub-Saharan Africa,Low income,752.901123263165,63.605,2105529,27.5672,NA,2.666,NA
Guinea-Bissau,GW,GNB,2020,Sub-Saharan Africa,Low income,710.275129060129,61.343,2013255,20.4573,NA,2.887,NA
Guinea-Bissau,GW,GNB,2001,Sub-Saharan Africa,Low income,585.837980688333,51.054,1261273,0.299569,NA,2.958,NA
Guinea-Bissau,GW,GNB,2016,Sub-Saharan Africa,Low income,663.242608032005,60.619,1831893,13.8,NA,3.139,NA
Guinea-Bissau,GW,GNB,2021,Sub-Saharan Africa,Low income,729.627090607537,61.653,2058841,23.3519,NA,3.016,33.4
Guinea-Bissau,GW,GNB,2019,Sub-Saharan Africa,Low income,706.298562874985,62.161,1967696,17.9215,NA,2.413,NA
Guinea-Bissau,GW,GNB,2004,Sub-Saharan Africa,Low income,572.526464627294,52.8,1349563,1.80814,NA,3.226,NA
Guinea-Bissau,GW,GNB,2013,Sub-Saharan Africa,Low income,634.095456089352,58.879,1695973,3.1,NA,3.173,NA
Guinea-Bissau,GW,GNB,2003,Sub-Saharan Africa,Low income,579.092506821836,52.186,1318806,1.3542,NA,3.169,NA
Guinea-Bissau,GW,GNB,2011,Sub-Saharan Africa,Low income,658.953470528116,57.663,1608076,2.672,NA,3.072,NA
Guinea-Bissau,GW,GNB,2000,Sub-Saharan Africa,Low income,571.094015178625,50.565,1234741,0.230103,17.9289207458496,3.358,NA
Guinea-Bissau,GW,GNB,2012,Sub-Saharan Africa,Low income,630.66862302825,58.27,1651417,2.89399,NA,3.135,NA
Guinea-Bissau,GW,GNB,2015,Sub-Saharan Africa,Low income,645.066837207039,60.071,1786457,6.1,NA,3.168,NA
Guinea-Bissau,GW,GNB,2017,Sub-Saharan Africa,Low income,677.466131311367,61.148,1877072,14.8,NA,3.089,NA
Guinea-Bissau,GW,GNB,2009,Sub-Saharan Africa,Low income,608.202131879882,56.297,1526377,2.30328,NA,3.163,NA
Guinea-Bissau,GW,GNB,2010,Sub-Saharan Africa,Low income,625.904027290582,56.999,1566347,2.45,NA,3.121,50.6
Guinea-Bissau,GW,GNB,2014,Sub-Saharan Africa,Low income,623.610159103365,59.476,1741122,3.32,NA,3.285,NA
Guyana,GY,GUY,2001,Latin America & Caribbean,High income,3847.09461851367,64.38,764477,1,94.4679107666016,11.796,NA
Guyana,GY,GUY,2000,Latin America & Caribbean,High income,3759.60789699989,64.075,764832,0.6,NA,11.917,NA
Guyana,GY,GUY,2014,Latin America & Caribbean,High income,5635.71704117947,67.334,754229,32,NA,12.637,NA
Guyana,GY,GUY,2002,Latin America & Caribbean,High income,3894.87107415198,64.183,763652,1.5,NA,11.81,NA
Guyana,GY,GUY,2003,Latin America & Caribbean,High income,3873.04123684261,64.117,763101,2.4,83.45947265625,11.529,NA
Guyana,GY,GUY,2018,Latin America & Caribbean,High income,6080.90612132746,68.829,791556,48.5989,NA,13.627,NA
Guyana,GY,GUY,2004,Latin America & Caribbean,High income,3937.11435304522,64.214,762418,3.7,NA,11.281,NA
Guyana,GY,GUY,2010,Latin America & Caribbean,High income,4860.09110980566,66.204,749256,29.9,93.2864608764648,11.632,NA
Guyana,GY,GUY,2017,Latin America & Caribbean,High income,5997.18271426826,68.543,768479,42.7,NA,13.466,NA
Guyana,GY,GUY,2015,Latin America & Caribbean,High income,5640.41560569466,67.719,758781,34,NA,13.009,NA
Guyana,GY,GUY,2016,Latin America & Caribbean,High income,5818.61682204646,68.069,763548,35.66,NA,13.263,NA
Guyana,GY,GUY,2019,Latin America & Caribbean,High income,6278.63054079553,69.067,807665,55.3127,NA,13.172,NA
Guyana,GY,GUY,2005,Latin America & Caribbean,High income,3867.93308158647,64.392,760914,5.7,86.2115325927734,11.085,NA
Guyana,GY,GUY,2008,Latin America & Caribbean,High income,4472.34517889699,65.721,754606,18.2,86.2414169311523,11.018,NA
Guyana,GY,GUY,2006,Latin America & Caribbean,High income,4076.77981715707,64.848,758966,8.9,NA,10.7,NA
Guyana,GY,GUY,2011,Latin America & Caribbean,High income,5133.89539813637,66.469,746153,30,101.134757995605,11.811,NA
Guyana,GY,GUY,2012,Latin America & Caribbean,High income,5403.79899428921,66.443,746288,30.5,102.622467041016,12.029,NA
Guyana,GY,GUY,2022,Latin America & Caribbean,High income,17365.3336428642,69.888,821637,78.3924,NA,11.907,NA
Guyana,GY,GUY,2013,Latin America & Caribbean,High income,5573.3421790463,66.71,750021,31,NA,12.296,NA
Guyana,GY,GUY,2007,Latin America & Caribbean,High income,4382.10449666813,65.462,756861,13.8,85.3779830932617,10.84,NA
Guyana,GY,GUY,2020,Latin America & Caribbean,High income,9010.61000469878,67.751,807481,62.954,86.9400100708008,15.308,NA
Guyana,GY,GUY,2009,Latin America & Caribbean,High income,4649.34144792756,66.03,752094,23.9,89.8750076293945,11.307,NA
Guyana,GY,GUY,2021,Latin America & Caribbean,High income,10711.9973374148,64.323,815482,71.6509,86.70068359375,14.576,NA
Haiti,HT,HTI,2006,Latin America & Caribbean,Lower middle income,1305.03813815611,60.74,9216562,6.796,NA,15.866,NA
Haiti,HT,HTI,2005,Latin America & Caribbean,Lower middle income,1304.33303731231,60.318,9061273,6.3762,NA,14.559,NA
Haiti,HT,HTI,2018,Latin America & Caribbean,Lower middle income,1437.35251928349,64.077,10962362,32.4736,NA,13.934,NA
Haiti,HT,HTI,2001,Latin America & Caribbean,Lower middle income,1314.11419693969,58.591,8455918,0.340832,NA,9.728,59
Haiti,HT,HTI,2016,Latin America & Caribbean,Lower middle income,1416.74881879698,63.325,10671457,22.8,NA,13.902,NA
Haiti,HT,HTI,2022,Latin America & Caribbean,Lower middle income,1256.72143592448,63.948,11503606,NA,NA,14.54,NA
Haiti,HT,HTI,2007,Latin America & Caribbean,Lower middle income,1343.61111422048,61.09,9373296,7.2,NA,16.8,NA
Haiti,HT,HTI,2000,Latin America & Caribbean,Lower middle income,1342.89490450523,58.175,8303151,0.231271,NA,8.443,NA
Haiti,HT,HTI,2002,Latin America & Caribbean,Lower middle income,1304.5293810385,59.041,8607641,0.893433,NA,11.008,NA
Haiti,HT,HTI,2004,Latin America & Caribbean,Lower middle income,1286.90282128221,58.517,8910263,5.40126,NA,13.415,NA
Haiti,HT,HTI,2021,Latin America & Caribbean,Lower middle income,1292.71954963551,62.613,11374586,NA,NA,15.296,NA
Haiti,HT,HTI,2020,Latin America & Caribbean,Lower middle income,1331.69778506932,63.773,11243848,NA,NA,15.573,NA
Haiti,HT,HTI,2014,Latin America & Caribbean,Lower middle income,1411.76834802154,62.969,10373235,11.4,NA,13.808,NA
Haiti,HT,HTI,2017,Latin America & Caribbean,Lower middle income,1432.67228609541,63.832,10817754,27.2,NA,13.932,NA
Haiti,HT,HTI,2019,Latin America & Caribbean,Lower middle income,1394.42114071112,64.328,11105163,39.262,NA,14.095,NA
Haiti,HT,HTI,2010,Latin America & Caribbean,Lower middle income,1317.58389339746,45.577,9803294,8.37,NA,15.244,NA
Haiti,HT,HTI,2011,Latin America & Caribbean,Lower middle income,1369.16921255852,61.581,9914904,9,NA,14.506,NA
Haiti,HT,HTI,2012,Latin America & Caribbean,Lower middle income,1354.88546124499,62.273,10069771,9.8,NA,14.1,41.1
Haiti,HT,HTI,2008,Latin America & Caribbean,Lower middle income,1356.53400140048,61.28,9530774,7.6,NA,16.204,NA
Haiti,HT,HTI,2013,Latin America & Caribbean,Lower middle income,1392.38204736859,62.624,10222362,10.6,NA,13.704,NA
Haiti,HT,HTI,2003,Latin America & Caribbean,Lower middle income,1326.47161042212,59.44,8759912,1.64736,NA,12.151,NA
Haiti,HT,HTI,2015,Latin America & Caribbean,Lower middle income,1411.12684746796,63.224,10523242,14.2,NA,13.785,NA
Haiti,HT,HTI,2009,Latin America & Caribbean,Lower middle income,1412.89653523429,61.694,9689581,8.1,NA,15.398,NA
Honduras,HN,HND,2003,Latin America & Caribbean,Lower middle income,1842.29750018813,68.874,7119213,4.8,NA,5.3,58.1
Honduras,HN,HND,2011,Latin America & Caribbean,Lower middle income,2144.56265540491,70.116,8540583,15.9,65.9018478393555,4.474,52.6
Honduras,HN,HND,2002,Latin America & Caribbean,Lower middle income,1807.97305547292,68.714,6938859,2.5974,NA,4.02,55.7
Honduras,HN,HND,2005,Latin America & Caribbean,Lower middle income,1975.85647913236,69.198,7478355,6.5,NA,4.909,59.5
Honduras,HN,HND,2006,Latin America & Caribbean,Lower middle income,2056.53491469231,69.364,7656832,7.8,57.6387100219727,3.574,57.5
Honduras,HN,HND,2000,Latin America & Caribbean,Lower middle income,1789.47798512637,68.302,6577773,1.20386,NA,3.883,NA
Honduras,HN,HND,2004,Latin America & Caribbean,Lower middle income,1908.90950050464,69.05,7298994,5.6,NA,5.99,58.1
Honduras,HN,HND,2010,Latin America & Caribbean,Lower middle income,2108.47314459603,69.77,8365878,11.09,66.1681900024414,4.119,53.1
Honduras,HN,HND,2014,Latin America & Caribbean,Lower middle income,2229.24772232218,71.032,9063122,23,49.4766821842053,7.078,49.9
Honduras,HN,HND,2001,Latin America & Caribbean,Lower middle income,1789.18816032117,68.491,6757993,1.41528,NA,4,55.4
Honduras,HN,HND,2009,Latin America & Caribbean,Lower middle income,2076.30859895638,69.823,8189899,9.8,NA,3.292,51.3
Honduras,HN,HND,2013,Latin America & Caribbean,Lower middle income,2205.40126728067,70.765,8889278,17.8,61.920711517334,5.646,50
Honduras,HN,HND,2016,Latin America & Caribbean,Lower middle income,2315.72983058198,71.615,9412380,29.5282,51.0466486801865,6.727,49.8
Honduras,HN,HND,2015,Latin America & Caribbean,Lower middle income,2271.20265980349,71.323,9237305,27.1395,50.3511085144012,6.147,49.2
Honduras,HN,HND,2012,Latin America & Caribbean,Lower middle income,2188.39378817891,70.46,8715076,18.12,64.5327911376953,3.755,53.4
Honduras,HN,HND,2022,Latin America & Caribbean,Lower middle income,2482.22384904714,72.715,10463872,56.3896,53.8605804443359,8.774,NA
Honduras,HN,HND,2021,Latin America & Caribbean,Lower middle income,2423.76634916911,69.492,10289877,51.9516,54.5046566571526,8.506,NA
Honduras,HN,HND,2019,Latin America & Caribbean,Lower middle income,2447.61649282181,72.124,9943633,39.3884,64.3524169921875,5.698,48.2
Honduras,HN,HND,2007,Latin America & Caribbean,Lower middle income,2134.19540639485,69.539,7834798,9.4,59.5118598937988,3.211,55.8
Honduras,HN,HND,2008,Latin America & Caribbean,Lower middle income,2175.14709403064,69.657,8012587,9.6,59.5015602111816,3.156,55.5
Honduras,HN,HND,2018,Latin America & Caribbean,Lower middle income,2430.13503657762,72.001,9765210,36.0401,NA,5.648,48.9
Honduras,HN,HND,2017,Latin America & Caribbean,Lower middle income,2383.37398439714,71.805,9588137,31.7358,51.0120391845703,5.528,49.4
Honduras,HN,HND,2020,Latin America & Caribbean,Lower middle income,2189.43168668222,70.864,10119640,45.2483,58.4268999434804,10.982,NA
"Hong Kong SAR, China",HK,HKG,2004,East Asia & Pacific,High income,30304.3126863152,81.7992682926829,6783500,56.3999,81.7347793579102,6.74,NA
"Hong Kong SAR, China",HK,HKG,2007,East Asia & Pacific,High income,36371.6859370268,82.3668292682927,6916300,64.8,84.0665588378906,4.01,NA
"Hong Kong SAR, China",HK,HKG,2011,East Asia & Pacific,High income,39656.3392885062,83.4119512195122,7071600,72.2,86.9782026085403,3.422,NA
"Hong Kong SAR, China",HK,HKG,2008,East Asia & Pacific,High income,36924.0883854556,82.3404878048781,6957800,66.7,85.7025909423828,3.56,NA
"Hong Kong SAR, China",HK,HKG,2009,East Asia & Pacific,High income,35938.5902369431,82.7751219512195,6972800,69.4,86.5672225952148,5.26,NA
"Hong Kong SAR, China",HK,HKG,2003,East Asia & Pacific,High income,28097.108881817,81.3434146341464,6730800,52.2,80.1741027832031,7.86,NA
"Hong Kong SAR, China",HK,HKG,2017,East Asia & Pacific,High income,44380.8100340362,84.6956097560976,7393200,89.4159,106.78970984146,3.124,NA
"Hong Kong SAR, China",HK,HKG,2012,East Asia & Pacific,High income,39887.8339456509,83.450243902439,7150100,72.9,108.257447754558,3.285,NA
"Hong Kong SAR, China",HK,HKG,2013,East Asia & Pacific,High income,40959.9813033996,83.8312195121951,7178900,74.2,102.779391100703,3.4,NA
"Hong Kong SAR, China",HK,HKG,2010,East Asia & Pacific,High income,38090.0213994329,82.9575609756098,7024200,72,87.9053960567278,4.329,NA
"Hong Kong SAR, China",HK,HKG,2020,East Asia & Pacific,High income,41451.2981131333,85.4963414634146,7481000,92.4131,100.449691991786,5.808,NA
"Hong Kong SAR, China",HK,HKG,2018,East Asia & Pacific,High income,45280.5079891951,84.869756097561,7452600,90.5074,108.16398016119,2.805,NA
"Hong Kong SAR, China",HK,HKG,2005,East Asia & Pacific,High income,32401.3907659685,81.6090243902439,6813200,56.9,83.003662109375,5.58,NA
"Hong Kong SAR, China",HK,HKG,2002,East Asia & Pacific,High income,27210.0693480769,81.4521951219512,6744100,43.0824,79.9700393676758,7.28,NA
"Hong Kong SAR, China",HK,HKG,2014,East Asia & Pacific,High income,41796.8681867763,83.9356097560976,7229500,79.8663,105.555217060167,3.296,NA
"Hong Kong SAR, China",HK,HKG,2022,East Asia & Pacific,High income,43281.6852291306,83.6609756097561,7346100,95.6136,106.185208398621,4.318,NA
"Hong Kong SAR, China",HK,HKG,2006,East Asia & Pacific,High income,34458.0498746756,82.3848780487805,6857100,60.8,83.1464614868164,4.77,NA
"Hong Kong SAR, China",HK,HKG,2001,East Asia & Pacific,High income,26885.4284833926,81.4192682926829,6714300,38.6714,78.5696563720703,5.09,NA
"Hong Kong SAR, China",HK,HKG,2000,East Asia & Pacific,High income,26933.2377453994,80.8731707317073,6665000,27.8278,NA,4.92,NA
"Hong Kong SAR, China",HK,HKG,2021,East Asia & Pacific,High income,44530.9262090583,85.5326829268293,7413100,93.0872,100.161026837806,5.174,NA
"Hong Kong SAR, China",HK,HKG,2019,East Asia & Pacific,High income,44195.2768644431,85.1558536585366,7507900,91.7434,105.068965517241,2.917,NA
"Hong Kong SAR, China",HK,HKG,2016,East Asia & Pacific,High income,43087.5455578429,84.2114634146342,7336600,87.4794,107.750724637681,3.392,NA
"Hong Kong SAR, China",HK,HKG,2015,East Asia & Pacific,High income,42432.1619740441,84.2526829268293,7291300,84.9484,107.387782928825,3.314,NA
Hungary,HU,HUN,2008,Europe & Central Asia,High income,11929.7209867703,73.7024390243903,10038188,61,98.3803329467773,7.817,27.5
Hungary,HU,HUN,2020,Europe & Central Asia,High income,14664.2971195385,75.419512195122,9670419,84.7712,101.993041992188,4.248,NA
Hungary,HU,HUN,2009,Europe & Central Asia,High income,11142.885928524,73.9048780487805,10022650,62,99.7433776855469,10.03,27
Hungary,HU,HUN,2000,Europe & Central Asia,High income,8979.73578602949,71.2463414634146,10210971,6.99968,96.2051086425781,6.563,27.2
Hungary,HU,HUN,2005,Europe & Central Asia,High income,11272.7345428122,72.6487804878049,10087065,38.97,97.3733291625977,7.189,34.7
Hungary,HU,HUN,2007,Europe & Central Asia,High income,11791.7074416876,73.1512195121951,10055780,53.3,97.8563613891602,7.406,27.9
Hungary,HU,HUN,2022,Europe & Central Asia,High income,16487.7973935944,75.8682926829268,9605074,89.1428,102.908576965332,3.583,NA
Hungary,HU,HUN,2004,Europe & Central Asia,High income,10786.4881991495,72.6487804878049,10107146,27.74,95.9443588256836,5.832,29.9
Hungary,HU,HUN,2021,Europe & Central Asia,High income,15787.9535427563,74.0658536585366,9630932,88.6408,99.6950988769531,4.021,NA
Hungary,HU,HUN,2002,Europe & Central Asia,High income,9836.94065083321,72.3487804878049,10158608,16.67,99.8345108032227,5.608,26.8
Hungary,HU,HUN,2010,Europe & Central Asia,High income,11287.3686666108,74.2073170731707,10000023,65,101.997688293457,11.172,29.4
Hungary,HU,HUN,2017,Europe & Central Asia,High income,13734.2442804335,75.8170731707317,9726756,76.7505,104.29077911377,4.156,30.6
Hungary,HU,HUN,2006,Europe & Central Asia,High income,11734.4544729813,73.0975609756098,10071370,47.06,97.7556076049805,7.494,28.3
Hungary,HU,HUN,2013,Europe & Central Asia,High income,11729.5720798501,75.5658536585366,9872734,72.6439,107.070358276367,10.177,31.5
Hungary,HU,HUN,2003,Europe & Central Asia,High income,10253.723920764,72.3,10129552,21.63,101.850860595703,5.79,30.9
Hungary,HU,HUN,2019,Europe & Central Asia,High income,15290.8085466331,76.3195121951219,9694824,80.3717,102.561637878418,3.411,NA
Hungary,HU,HUN,2001,Europe & Central Asia,High income,9365.95393193015,72.2487804878049,10187576,14.5286,98.4254531860352,5.671,26.9
Hungary,HU,HUN,2014,Europe & Central Asia,High income,12287.3779441033,75.7634146341463,9833038,75.6532,105.841468811035,7.725,30.9
Hungary,HU,HUN,2018,Europe & Central Asia,High income,14533.7783144312,76.0658536585366,9706964,76.0744,103.749549865723,3.667,NA
Hungary,HU,HUN,2011,Europe & Central Asia,High income,11536.3578996772,74.8585365853659,9971727,68.02,103.081069946289,11.029,29.2
Hungary,HU,HUN,2012,Europe & Central Asia,High income,11440.7622718825,75.0634146341463,9920362,70.58,101.234046936035,11.003,30.8
Hungary,HU,HUN,2016,Europe & Central Asia,High income,13145.6559885563,76.0634146341464,9759755,79.2594,104.046890258789,5.115,30.3
Hungary,HU,HUN,2015,Europe & Central Asia,High income,12782.9412577973,75.5682926829269,9797755,72.8347,104.546478271484,6.813,30.4
Iceland,IS,ISL,2022,Europe & Central Asia,High income,57606.8756094882,82.119512195122,382003,99.8082,112.589393615723,3.789,NA
Iceland,IS,ISL,2006,Europe & Central Asia,High income,52306.1284689188,81.1585365853659,303782,89.51,107.523468017578,2.83,30.2
Iceland,IS,ISL,2021,Europe & Central Asia,High income,54285.0209153958,83.1658536585366,372520,99.687,115.156303405762,6.029,NA
Iceland,IS,ISL,2004,Europe & Central Asia,High income,48101.7116286153,80.9975609756098,292074,83.88,108.134918212891,4.031,28
Iceland,IS,ISL,2017,Europe & Central Asia,High income,56657.9800285572,82.6609756097561,343400,98.2552,115.741142272949,2.742,26.1
Iceland,IS,ISL,2016,Europe & Central Asia,High income,56049.2928648152,82.2048780487805,335439,98.24,117.122772216797,2.978,27.2
Iceland,IS,ISL,2020,Europe & Central Asia,High income,52464.3072858637,83.0634146341463,366463,99.5328,110.487319946289,5.478,NA
Iceland,IS,ISL,2019,Europe & Central Asia,High income,57118.8452718755,83.1634146341463,360563,99.5049,112.034339904785,3.507,26.8
Iceland,IS,ISL,2005,Europe & Central Asia,High income,50674.4411254865,81.5024390243902,296734,87,108.752983093262,2.547,29
Iceland,IS,ISL,2015,Europe & Central Asia,High income,53505.6964079339,82.4682926829268,330815,98.2,119.807357788086,3.979,26.8
Iceland,IS,ISL,2018,Europe & Central Asia,High income,57731.6523401884,82.8609756097561,352721,99.011,114.649406433105,2.704,26.6
Iceland,IS,ISL,2000,Europe & Central Asia,High income,43472.3369863945,79.6536585365854,281205,44.4705,109.021507263184,1.936,NA
Iceland,IS,ISL,2010,Europe & Central Asia,High income,49528.4864575422,81.8975609756097,318041,93.39,108.819038391113,7.564,26.2
Iceland,IS,ISL,2001,Europe & Central Asia,High income,44545.9822640262,80.690243902439,284968,49.393,110.139266967773,1.874,NA
Iceland,IS,ISL,2003,Europe & Central Asia,High income,45088.9225976672,80.9634146341464,289521,83.14,116.79273223877,3.997,26.8
Iceland,IS,ISL,2009,Europe & Central Asia,High income,50581.0846203691,81.7512195121951,318499,93,106.478248596191,7.22,28.7
Iceland,IS,ISL,2008,Europe & Central Asia,High income,55360.8136015347,81.609756097561,317414,91,106.229942321777,2.946,31.8
Iceland,IS,ISL,2007,Europe & Central Asia,High income,55457.3601417561,81.4536585365854,311566,90.6,106.327003479004,2.251,29.5
Iceland,IS,ISL,2014,Europe & Central Asia,High income,52102.5757919438,82.8609756097561,327386,98.158,120.632568359375,4.897,27.8
Iceland,IS,ISL,2013,Europe & Central Asia,High income,51696.0876528983,82.0609756097561,323764,96.5468,122.033569335938,5.376,25.4
Iceland,IS,ISL,2002,Europe & Central Asia,High income,44389.5560505836,80.5024390243903,287523,79.12,113.519561767578,2.988,NA
Iceland,IS,ISL,2012,Europe & Central Asia,High income,50375.4116888351,82.9170731707317,320716,96.2098,113.517669677734,6,26.8
Iceland,IS,ISL,2011,Europe & Central Asia,High income,50058.8302502676,82.3585365853659,319014,94.8197,109.70686340332,7.028,26.8
India,IN,IND,2001,South Asia,Lower middle income,778.507377528365,63.158,1077898575,0.660146,46.8245811462402,7.611,NA
India,IN,IND,2002,South Asia,Lower middle income,793.615912906381,63.649,1097600380,1.53788,48.8069381713867,7.681,NA
India,IN,IND,2004,South Asia,Lower middle income,892.596614581612,64.484,1135991513,1.97614,53.247371673584,7.598,27.7
India,IN,IND,2022,South Asia,Lower middle income,2098.2112447615,71.698,1425423212,55.9,81.6558464317379,4.822,25.5
India,IN,IND,2000,South Asia,Lower middle income,756.704109527449,62.749,1057922733,0.527532,47.1734390258789,7.589,NA
India,IN,IND,2021,South Asia,Lower middle income,1965.30943437506,67.282,1414203896,NA,80.8355715539317,6.38,NA
India,IN,IND,2010,South Asia,Lower middle income,1235.15939133951,67.162,1243481564,7.5,64.9475936889648,7.631,NA
India,IN,IND,2018,South Asia,Lower middle income,1883.35772705062,70.415,1374659064,20.0813,76.0025787353516,7.652,NA
India,IN,IND,2003,South Asia,Lower middle income,841.278894571674,64.086,1116803006,1.68649,51.4255714416504,7.633,NA
India,IN,IND,2006,South Asia,Lower middle income,1008.23275343783,65.373,1172878890,2.8055,56.7859497070312,7.553,NA
India,IN,IND,2019,South Asia,Lower middle income,1936.03067741067,70.746,1389030312,29.5235,75.8716506958008,6.51,NA
India,IN,IND,2017,South Asia,Lower middle income,1788.69770318446,70.068,1359657400,18.2,74.6743774414062,7.626,NA
India,IN,IND,2020,South Asia,Lower middle income,1806.50110583878,70.156,1402617695,43.4054,77.9766433254166,7.859,NA
India,IN,IND,2005,South Asia,Lower middle income,947.732565646672,64.939,1154676322,2.38807,55.9314002990723,7.551,NA
India,IN,IND,2012,South Asia,Lower middle income,1333.09626557668,68.076,1278674502,11.1,69.8089599609375,7.645,NA
India,IN,IND,2007,South Asia,Lower middle income,1069.24696813025,65.803,1190676021,3.95,59.1478385925293,7.562,NA
India,IN,IND,2009,South Asia,Lower middle income,1155.10163274172,66.7,1225524753,5.12,61.3603210449219,7.636,27.8
India,IN,IND,2016,South Asia,Lower middle income,1694.46534973825,69.709,1343944296,16.5,75.9372863769531,7.611,NA
India,IN,IND,2015,South Asia,Lower middle income,1583.99815907985,69.326,1328024498,14.9,74.6113662719727,7.629,NA
India,IN,IND,2011,South Asia,Lower middle income,1281.61054354933,67.623,1261224954,10.07,67.1251678466797,7.609,28.8
India,IN,IND,2008,South Asia,Lower middle income,1086.50605251513,66.247,1207930964,4.38,62.2119216918945,7.629,NA
India,IN,IND,2014,South Asia,Lower middle income,1484.31640682913,68.932,1312277191,13.5,74.8887023925781,7.656,NA
India,IN,IND,2013,South Asia,Lower middle income,1399.4537980287,68.499,1295829511,12.3,69.4771270751953,7.678,NA
Indonesia,ID,IDN,2013,East Asia & Pacific,Upper middle income,3055.24246006469,69.064,255852467,14.94,81.8896974781343,4.336,38.9
Indonesia,ID,IDN,2002,East Asia & Pacific,Upper middle income,1926.37435868149,66.954,222088495,2.13414,57.646598815918,6.604,30.2
Indonesia,ID,IDN,2001,East Asia & Pacific,Upper middle income,1868.59172307292,66.583,219097902,2.01861,56.2273216247559,6.082,31.2
Indonesia,ID,IDN,2011,East Asia & Pacific,Upper middle income,2799.62468790318,68.629,249470032,12.28,78.1330718994141,5.153,37.9
Indonesia,ID,IDN,2009,East Asia & Pacific,Upper middle income,2546.21969707767,68.267,243220028,6.92,74.5035934448242,6.106,33.4
Indonesia,ID,IDN,2000,East Asia & Pacific,Upper middle income,1828.10265968361,66.292,216077790,0.925564,55.5976295471191,6.077,30.3
Indonesia,ID,IDN,2012,East Asia & Pacific,Upper middle income,2930.518445323,68.862,252698525,14.52,80.0926818847656,4.468,37.1
Indonesia,ID,IDN,2004,East Asia & Pacific,Upper middle income,2065.70617470842,65.521,227926649,2.60029,62.9758682250977,7.303,30.4
Indonesia,ID,IDN,2005,East Asia & Pacific,Upper middle income,2155.4478015921,67.531,230871650,3.60202,61.6382789611816,7.945,29.9
Indonesia,ID,IDN,2014,East Asia & Pacific,Upper middle income,3170.72103011429,69.292,258877399,17.1432,83.5559949258569,4.049,38.8
Indonesia,ID,IDN,2003,East Asia & Pacific,Upper middle income,1991.91820506473,67.134,225048008,2.38702,60.7244682312012,6.657,29.3
Indonesia,ID,IDN,2010,East Asia & Pacific,Upper middle income,2670.8129098953,68.364,246305322,10.92,75.6519088745117,5.614,34.6
Indonesia,ID,IDN,2007,East Asia & Pacific,Upper middle income,2355.1528565328,67.914,237062337,5.78627,71.8545074462891,8.06,33.2
Indonesia,ID,IDN,2008,East Asia & Pacific,Upper middle income,2464.60193418272,68.085,240157903,7.91748,70.1684417724609,7.208,32.6
Indonesia,ID,IDN,2006,East Asia & Pacific,Upper middle income,2244.0802226202,67.664,233951652,4.76481,64.6422119140625,7.551,31.5
Indonesia,ID,IDN,2020,East Asia & Pacific,Upper middle income,3739.44906563161,68.817,274814866,53.7265,96.9345779132931,4.255,35.3
Indonesia,ID,IDN,2015,East Asia & Pacific,Upper middle income,3288.22269725538,69.52,261799249,22.0627,87.8423207929976,4.514,38.2
Indonesia,ID,IDN,2016,East Asia & Pacific,Upper middle income,3416.81005170972,69.733,264627418,25.4474,87.8191791728036,4.301,36.9
Indonesia,ID,IDN,2017,East Asia & Pacific,Upper middle income,3553.51999262321,69.953,267346658,32.3358,90.9455391241064,3.783,36.4
Indonesia,ID,IDN,2018,East Asia & Pacific,Upper middle income,3701.32155461912,70.08,269951846,39.9046,92.8120739600443,4.387,36.3
Indonesia,ID,IDN,2021,East Asia & Pacific,Upper middle income,3850.68877253903,67.452,276758053,62.1045,97.8441479813619,3.827,35.5
Indonesia,ID,IDN,2022,East Asia & Pacific,Upper middle income,4024.91225288391,70.925,278830529,66.4846,97.8167602714893,3.462,35.5
Indonesia,ID,IDN,2019,East Asia & Pacific,Upper middle income,3850.90321738979,70.349,272489381,47.6906,94.9467044891028,3.59,35.4
"Iran, Islamic Rep.",IR,IRN,2019,Middle East & North Africa,Upper middle income,4952.45669081078,76.855,87051648,72.4509,NA,10.74,36.5
"Iran, Islamic Rep.",IR,IRN,2020,Middle East & North Africa,Upper middle income,5132.82430762118,74.141,87723443,75.5699,85.1913986206055,9.687,35.8
"Iran, Islamic Rep.",IR,IRN,2021,Middle East & North Africa,Upper middle income,5300.62271961895,73.752,88455488,78.5957,NA,9.282,35.5
"Iran, Islamic Rep.",IR,IRN,2018,Middle East & North Africa,Upper middle income,5127.22495367018,76.621,86117998,70.2006,NA,12.195,37.4
"Iran, Islamic Rep.",IR,IRN,2004,Middle East & North Africa,Upper middle income,4607.45169088209,72.04,70256316,7.49,74.5375213623047,10.3,NA
"Iran, Islamic Rep.",IR,IRN,2001,Middle East & North Africa,Upper middle income,3917.29935489016,70.619,67452005,1.48422,74.5473403930664,12.362,NA
"Iran, Islamic Rep.",IR,IRN,2014,Middle East & North Africa,Upper middle income,5093.20319702187,75.635,81502045,39.3536,82.5869369506836,10.68,34.8
"Iran, Islamic Rep.",IR,IRN,2022,Middle East & North Africa,Upper middle income,5465.31447539413,76.799,89524246,79.061,NA,9.085,34.8
"Iran, Islamic Rep.",IR,IRN,2016,Middle East & North Africa,Upper middle income,5312.61724954192,76.155,83812228,53.2268,83.3275680541992,12.618,35.9
"Iran, Islamic Rep.",IR,IRN,2013,Middle East & North Africa,Upper middle income,4916.97291948475,75.349,80414686,29.95,81.5845565795898,10.595,34
"Iran, Islamic Rep.",IR,IRN,2012,Middle East & North Africa,Upper middle income,5058.64637811835,75.039,79370580,22.73,82.7059326171875,12.275,34.4
"Iran, Islamic Rep.",IR,IRN,2017,Middle East & North Africa,Upper middle income,5395.2398398598,76.396,85026754,64.044,82.7564392089844,12.232,36.7
"Iran, Islamic Rep.",IR,IRN,2003,Middle East & North Africa,Upper middle income,4511.43134034458,70.464,68769340,6.93372,74.551643371582,11.529,NA
"Iran, Islamic Rep.",IR,IRN,2000,Middle East & North Africa,Upper middle income,3885.30183360649,70.166,66418659,0.93419,74.9870910644531,11.698,NA
"Iran, Islamic Rep.",IR,IRN,2009,Middle East & North Africa,Upper middle income,5023.89314362941,74.041,76457825,13.8,80.3835906982422,12.113,42.1
"Iran, Islamic Rep.",IR,IRN,2002,Middle East & North Africa,Upper middle income,4198.95356080727,71.112,68011317,4.62618,74.7104187011719,12.8,NA
"Iran, Islamic Rep.",IR,IRN,2015,Middle East & North Africa,Upper middle income,4952.73355532178,75.907,82619362,45.335,82.7305221557617,11.166,35.3
"Iran, Islamic Rep.",IR,IRN,2008,Middle East & North Africa,Upper middle income,5035.94008533618,73.683,75514204,12.02,78.8498077392578,10.63,NA
"Iran, Islamic Rep.",IR,IRN,2006,Middle East & North Africa,Upper middle income,4778.7934584732,72.895,73392747,8.76,75.9471969604492,11.519,44.8
"Iran, Islamic Rep.",IR,IRN,2011,Middle East & North Africa,Upper middle income,5321.75870744453,74.721,78383598,19,81.2944793701172,12.491,34.7
"Iran, Islamic Rep.",IR,IRN,2007,Middle East & North Africa,Upper middle income,5084.71796043623,73.299,74602648,9.47,75.657600402832,10.772,NA
"Iran, Islamic Rep.",IR,IRN,2005,Middle East & North Africa,Upper middle income,4650.35841490708,72.446,71828455,8.1,74.438591003418,11.813,43.6
"Iran, Islamic Rep.",IR,IRN,2010,Middle East & North Africa,Upper middle income,5249.06133369759,74.39,77420842,15.9,79.0264663696289,13.679,NA
Iraq,IQ,IRQ,2013,Middle East & North Africa,Upper middle income,4504.82687537354,69.047,35281989,9.2,NA,9.222,NA
Iraq,IQ,IRQ,2004,Middle East & North Africa,Upper middle income,3354.26588756715,64.634,27577878,0.9,45.1472206115723,8.715,NA
Iraq,IQ,IRQ,2011,Middle East & North Africa,Upper middle income,4030.01686860986,68.435,32161424,5,NA,8.193,NA
Iraq,IQ,IRQ,2001,Middle East & North Africa,Upper middle income,4116.09405320279,65.292,25197840,0.1,36.7453002929688,8.249,NA
Iraq,IQ,IRQ,2009,Middle East & North Africa,Upper middle income,3768.17284328983,67.834,30058206,1.06,NA,8.415,NA
Iraq,IQ,IRQ,2012,Middle East & North Africa,Upper middle income,4387.90469058707,68.827,33654842,7.1,NA,7.965,29.5
Iraq,IQ,IRQ,2000,Middle East & North Africa,Upper middle income,4172.78025105244,64.86,24424056,NA,36.8702583312988,8.038,NA
Iraq,IQ,IRQ,2007,Middle East & North Africa,Upper middle income,3565.58054079041,64.428,28391607,0.93,50.5742416381836,8.646,NA
Iraq,IQ,IRQ,2015,Middle East & North Africa,Upper middle income,4440.14189252367,69.977,37560535,15.2,NA,10.865,NA
Iraq,IQ,IRQ,2010,Middle East & North Africa,Upper middle income,3881.94327045302,68.092,31045366,2.5,NA,8.267,NA
Iraq,IQ,IRQ,2020,Middle East & North Africa,Upper middle income,4213.99843766061,69.651,42116605,53.6778,NA,15.766,NA
Iraq,IQ,IRQ,2014,Middle East & North Africa,Upper middle income,4446.97343234862,69.679,36550059,11.6453,NA,10.59,NA
Iraq,IQ,IRQ,2022,Middle East & North Africa,Upper middle income,4412.99733146512,72.037,44070551,78.7156,NA,15.41,NA
Iraq,IQ,IRQ,2019,Middle East & North Africa,Upper middle income,4898.14897652265,71.245,41192171,44.3263,NA,14.096,NA
Iraq,IQ,IRQ,2006,Middle East & North Africa,Upper middle income,3471.98744698568,64.029,28616515,0.952344,NA,8.411,28.6
Iraq,IQ,IRQ,2005,Middle East & North Africa,Upper middle income,3310.86344473993,64.899,28407448,0.9,NA,8.57,NA
Iraq,IQ,IRQ,2003,Middle East & North Africa,Upper middle income,2250.06990123369,64.834,26802659,0.6,40.4106292724609,8.959,NA
Iraq,IQ,IRQ,2008,Middle East & North Africa,Upper middle income,3781.78001712762,66.465,28971036,1,NA,8.466,NA
Iraq,IQ,IRQ,2018,Middle East & North Africa,Upper middle income,4749.00921836896,71.116,40265624,33.9,NA,13.458,NA
Iraq,IQ,IRQ,2021,Middle East & North Africa,Upper middle income,4182.5006404573,70.704,43071211,65.0022,NA,16.173,NA
Iraq,IQ,IRQ,2017,Middle East & North Africa,Upper middle income,4736.32710809857,69.788,39337353,49.36,NA,13.02,NA
Iraq,IQ,IRQ,2002,Middle East & North Africa,Upper middle income,3660.92527507177,65.724,26006559,0.5,NA,8.619,NA
Iraq,IQ,IRQ,2016,Middle East & North Africa,Upper middle income,4932.9272911439,68.683,38469627,19.9,NA,10.82,NA
Ireland,IE,IRL,2001,Europe & Central Asia,High income,44151.1536032557,77.1341463414634,3866243,23.1388,105.217231750488,3.684,NA
Ireland,IE,IRL,2020,Europe & Central Asia,High income,80927.936475395,82.4560975609756,5039747,91.9999,135.224670410156,5.623,29.2
Ireland,IE,IRL,2014,Europe & Central Asia,High income,52044.6201181887,81.3487804878049,4657740,83.4917,116.739097595215,11.858,31.9
Ireland,IE,IRL,2013,Europe & Central Asia,High income,47928.0346487005,80.9487804878049,4623816,78.2477,NA,13.735,33.5
Ireland,IE,IRL,2019,Europe & Central Asia,High income,76485.635854651,82.7024390243903,4976456,87.0001,138.091217041016,4.95,30.3
Ireland,IE,IRL,2021,Europe & Central Asia,High income,92781.2322150786,82.2536585365854,5110585,96.4235,135.252197265625,6.357,29.4
Ireland,IE,IRL,2022,Europe & Central Asia,High income,97793.5366671697,82.509756097561,5212836,96.6206,133.150497436523,4.465,29.9
Ireland,IE,IRL,2018,Europe & Central Asia,High income,74029.0550611436,82.2048780487805,4898022,87.0001,154.908294677734,5.741,30.6
Ireland,IE,IRL,2011,Europe & Central Asia,High income,47539.9181739968,80.7463414634146,4580084,74.89,115.83373260498,15.354,32.9
Ireland,IE,IRL,2012,Europe & Central Asia,High income,47147.1604669421,80.8463414634146,4599533,76.92,117.75218963623,15.451,33.2
Ireland,IE,IRL,2017,Europe & Central Asia,High income,69748.6221034014,82.1560975609756,4827445,84.114,125.307121276855,6.713,31.4
Ireland,IE,IRL,2003,Europe & Central Asia,High income,46594.8620267616,78.1390243902439,3996521,34.31,107.852996826172,4.478,32.9
Ireland,IE,IRL,2007,Europe & Central Asia,High income,52849.6948429458,79.6414634146341,4398942,61.1583,111.234497070312,4.98,31.9
Ireland,IE,IRL,2000,Europe & Central Asia,High income,42599.4803921319,76.5365853658537,3805174,17.8505,105.122367858887,4.318,33
Ireland,IE,IRL,2002,Europe & Central Asia,High income,45974.4881988842,77.6341463414634,3931947,25.85,106.364212036133,4.216,32.3
Ireland,IE,IRL,2016,Europe & Central Asia,High income,64205.979777351,81.6536585365854,4762722,83.5,117.028717041016,8.374,32.8
Ireland,IE,IRL,2005,Europe & Central Asia,High income,50547.2123729763,78.9439024390244,4159914,41.61,109.784301757812,4.237,33.8
Ireland,IE,IRL,2010,Europe & Central Asia,High income,46991.6464673949,80.7439024390244,4560155,69.85,118.096908569336,14.534,32.3
Ireland,IE,IRL,2015,Europe & Central Asia,High income,64250.1385181257,81.4536585365854,4701957,83.4948,116.989868164062,9.908,31.8
Ireland,IE,IRL,2006,Europe & Central Asia,High income,51656.8194855887,79.2414634146342,4273591,54.82,109.603439331055,4.355,32.7
Ireland,IE,IRL,2009,Europe & Central Asia,High income,46466.3794269222,80.190243902439,4535375,67.38,114.39266204834,12.609,32.7
Ireland,IE,IRL,2004,Europe & Central Asia,High income,48856.3238587396,78.5390243902439,4070262,36.99,109.409881591797,4.491,33.6
Ireland,IE,IRL,2008,Europe & Central Asia,High income,49461.1594281353,80.0951219512195,4489544,65.34,111.293968200684,6.774,30.9
Isle of Man,IM,IMN,2000,Europe & Central Asia,High income,46274.9709691403,74.842,75659,NA,NA,NA,NA
Isle of Man,IM,IMN,2007,Europe & Central Asia,High income,66029.9755907183,78.451,81147,NA,NA,NA,NA
Isle of Man,IM,IMN,2016,Europe & Central Asia,High income,90783.7647245394,80.391,83466,NA,NA,NA,NA
Isle of Man,IM,IMN,2009,Europe & Central Asia,High income,69192.0258221691,79.303,82939,NA,NA,NA,NA
Isle of Man,IM,IMN,2017,Europe & Central Asia,High income,93200.3108083857,80.506,83609,NA,NA,NA,NA
Isle of Man,IM,IMN,2008,Europe & Central Asia,High income,68520.6825624937,78.899,82029,NA,NA,NA,NA
Isle of Man,IM,IMN,2018,Europe & Central Asia,High income,95040.4061748938,80.614,83805,NA,NA,NA,NA
Isle of Man,IM,IMN,2006,Europe & Central Asia,High income,62075.7601604994,77.971,80294,NA,NA,NA,NA
Isle of Man,IM,IMN,2014,Europe & Central Asia,High income,84778.5806639347,80.199,83892,NA,NA,NA,NA
Isle of Man,IM,IMN,2015,Europe & Central Asia,High income,84753.5187422732,80.267,83593,NA,NA,NA,NA
Isle of Man,IM,IMN,2002,Europe & Central Asia,High income,50714.5824703383,75.785,77275,NA,NA,NA,NA
Isle of Man,IM,IMN,2005,Europe & Central Asia,High income,58201.5990838178,77.453,79516,NA,NA,NA,NA
Isle of Man,IM,IMN,2004,Europe & Central Asia,High income,55464.0220993356,76.876,78792,NA,NA,NA,NA
Isle of Man,IM,IMN,2013,Europe & Central Asia,High income,80383.8273088527,80.12,84141,NA,NA,NA,NA
Isle of Man,IM,IMN,2001,Europe & Central Asia,High income,48252.7638498277,75.289,76476,NA,NA,NA,NA
Isle of Man,IM,IMN,2019,Europe & Central Asia,High income,95110.1385990737,80.74,83957,NA,NA,NA,NA
Isle of Man,IM,IMN,2003,Europe & Central Asia,High income,53224.3527757804,76.319,78049,NA,NA,NA,NA
Isle of Man,IM,IMN,2022,Europe & Central Asia,High income,86103.3379308107,80.956,84132,NA,NA,NA,NA
Isle of Man,IM,IMN,2011,Europe & Central Asia,High income,71727.5055082703,79.836,84382,NA,NA,NA,NA
Isle of Man,IM,IMN,2012,Europe & Central Asia,High income,77009.2978612012,80.007,84335,NA,NA,NA,NA
Isle of Man,IM,IMN,2020,Europe & Central Asia,High income,86595.0676099275,80.591,84064,NA,NA,NA,NA
Isle of Man,IM,IMN,2010,Europe & Central Asia,High income,70747.8417587183,79.613,83873,NA,NA,NA,NA
Isle of Man,IM,IMN,2021,Europe & Central Asia,High income,89873.5420093569,80.42,84106,NA,NA,NA,NA
Israel,IL,ISR,2009,Middle East & North Africa,High income,32178.5727387015,81.4048780487805,7485600,63.12,95.8039016723633,9.534,42.6
Israel,IL,ISR,2007,Middle East & North Africa,High income,32103.162857656702,80.5048780487805,7180100,48.1281,96.2301025390625,9.379,41.1
Israel,IL,ISR,2012,Middle East & North Africa,High income,34738.6587001,81.7048780487805,7910500,70.8,96.2935409545898,6.762,41.3
Israel,IL,ISR,2022,Middle East & North Africa,High income,42516.3888090274,82.7,9557500,91.8508,96.5853729248047,3.695,NA
Israel,IL,ISR,2008,Middle East & North Africa,High income,32554.0413211945,80.9512195121951,7308800,59.39,95.0427474975586,7.704,41.6
Israel,IL,ISR,2010,Middle East & North Africa,High income,33344.7213294093,81.6024390243903,7623600,67.5,96.5111923217773,8.48,42.6
Israel,IL,ISR,2006,Middle East & North Africa,High income,30734.9619835354,80.5536585365854,7053700,27.8811,96.7052764892578,10.707,41.6
Israel,IL,ISR,2005,Middle East & North Africa,High income,29623.7172812577,80.1512195121951,6930100,25.194,96.9749221801758,11.342,42.3
Israel,IL,ISR,2013,Middle East & North Africa,High income,35489.5086561247,82.0560975609756,8059500,70.2503,96.4981536865234,6.137,39.9
Israel,IL,ISR,2014,Middle East & North Africa,High income,36129.3146105805,82.1536585365854,8215700,75.0178,96.3290405273438,5.789,39.8
Israel,IL,ISR,2011,Middle East & North Africa,High income,34540.6749784398,81.6560975609756,7765800,68.8739,96.3081588745117,7.139,41.4
Israel,IL,ISR,2021,Middle East & North Africa,High income,40804.9689802536,82.5,9371400,90.2969,96.9270782470703,4.812,37.9
Israel,IL,ISR,2017,Middle East & North Africa,High income,37963.0491190696,82.5512195121951,8713300,81.5812,96.2929916381836,4.14,38.2
Israel,IL,ISR,2018,Middle East & North Africa,High income,38729.6426036983,82.8024390243903,8882800,83.7332,96.6557464599609,3.917,38.6
Israel,IL,ISR,2015,Middle East & North Africa,High income,36213.1041481958,82.0512195121951,8380100,77.3521,96.3389511108398,5.176,39.7
Israel,IL,ISR,2004,Middle East & North Africa,High income,28883.247588548,80.1463414634146,6809000,22.7705,97.1919403076172,13.029,41.5
Israel,IL,ISR,2020,Middle East & North Africa,High income,37935.5432717179,82.6487804878049,9215100,90.1273,96.1416931152344,4.169,37.8
Israel,IL,ISR,2003,Middle East & North Africa,High income,28092.6176251486,79.6487804878049,6689700,19.5934,98.2558288574219,13.505,40.7
Israel,IL,ISR,2016,Middle East & North Africa,High income,37093.7879065422,82.4073170731707,8546000,79.6531,96.7928085327148,4.723,39
Israel,IL,ISR,2002,Middle East & North Africa,High income,28195.8676389139,79.4512195121951,6570000,17.7646,99.26904296875,12.888,39.6
Israel,IL,ISR,2019,Middle East & North Africa,High income,39407.2016076709,82.8048780487805,9054000,86.7879,96.2954177856445,3.731,38.3
Israel,IL,ISR,2000,Middle East & North Africa,High income,29413.4894578106,78.9536585365854,6289000,20.8738,98.0492706298828,11.102,NA
Israel,IL,ISR,2001,Middle East & North Africa,High income,28808.1300136037,79.4073170731707,6439000,17.3786,97.8029403686523,11.812,38.9
Italy,IT,ITA,2007,Europe & Central Asia,High income,34159.9109244074,81.4341463414634,58756247,40.79,99.8377380371094,6.076,32.9
Italy,IT,ITA,2001,Europe & Central Asia,High income,33243.599343976,80.1268292682927,56976981,27.2221,97.2837066650391,9.599,NA
Italy,IT,ITA,2002,Europe & Central Asia,High income,33267.4474482048,80.2292682926829,57089824,28.04,98.8138809204102,9.211,34.7
Italy,IT,ITA,2022,Europe & Central Asia,High income,33891.8866526216,82.7,59013667,85.0607,101.353858947754,8.069,33.7
Italy,IT,ITA,2010,Europe & Central Asia,High income,31928.5543621096,82.0365853658537,59819407,53.68,101.401161193848,8.363,34.7
Italy,IT,ITA,2008,Europe & Central Asia,High income,33550.6340800063,81.4853658536585,59211181,44.53,100.291458129883,6.723,33.8
Italy,IT,ITA,2009,Europe & Central Asia,High income,31587.0638416305,81.6365853658537,59555454,48.83,100.175491333008,7.749,33.8
Italy,IT,ITA,2021,Europe & Central Asia,High income,32267.7091050201,82.6463414634146,59133173,74.8623,101.834869384766,9.497,34.8
Italy,IT,ITA,2006,Europe & Central Asia,High income,33873.0493680093,81.2829268292683,58399861,37.99,99.5338516235352,6.777,33.7
Italy,IT,ITA,2011,Europe & Central Asia,High income,32039.5032494316,82.1878048780488,60026841,54.39,101.59642791748,8.359,35.1
Italy,IT,ITA,2012,Europe & Central Asia,High income,30953.4147447427,82.2390243902439,60191247,55.83,100.449836730957,10.655,35.2
Italy,IT,ITA,2000,Europe & Central Asia,High income,32609.66746283,79.7780487804878,56942108,23.1109,94.7987899780273,10.834,35.2
Italy,IT,ITA,2005,Europe & Central Asia,High income,33407.6754716472,80.7829268292683,58166682,35,99.2056274414062,7.73,33.8
Italy,IT,ITA,2015,Europe & Central Asia,High income,30639.8829751432,82.5439024390244,60229605,58.1417,101.228088378906,11.896,35.4
Italy,IT,ITA,2003,Europe & Central Asia,High income,33110.1698494812,79.9829268292683,57399184,29.04,99.5263137817383,8.869,34.9
Italy,IT,ITA,2004,Europe & Central Asia,High income,33348.9744820456,80.7804878048781,57828179,33.24,99.0750198364258,7.866,34.3
Italy,IT,ITA,2017,Europe & Central Asia,High income,31635.52277108,82.9463414634147,60002252,63.0773,101.01001739502,11.211,35.9
Italy,IT,ITA,2020,Europe & Central Asia,High income,29469.7989238626,82.1951219512195,59438851,70.4834,101.836128234863,9.192,35.2
Italy,IT,ITA,2013,Europe & Central Asia,High income,30330.0221599668,82.690243902439,60311613,58.4593,100.973121643066,12.149,34.9
Italy,IT,ITA,2016,Europe & Central Asia,High income,31077.6792675211,83.2439024390244,60115223,61.3243,100.742958068848,11.688,35.2
Italy,IT,ITA,2014,Europe & Central Asia,High income,30325.0287793923,83.090243902439,60320707,55.6385,101.121726989746,12.683,34.7
Italy,IT,ITA,2019,Europe & Central Asia,High income,32180.4341017428,83.4975609756098,59729081,67.8507,101.74178314209,9.884,34.6
Italy,IT,ITA,2018,Europe & Central Asia,High income,31819.3971830067,83.3463414634146,60148658,74.387200000000007,101.526412963867,10.538,35.2
Jamaica,JM,JAM,2006,Latin America & Caribbean,Upper middle income,5656.66803579988,71.395,2700968,16.4,NA,6.605,NA
Jamaica,JM,JAM,2003,Latin America & Caribbean,Upper middle income,5467.17406988236,71.585,2656623,7.8,80.8683929443359,6.534,NA
Jamaica,JM,JAM,2000,Latin America & Caribbean,Upper middle income,5197.39692210665,71.281,2607826,3.11578,80.0481491088867,6.752,NA
Jamaica,JM,JAM,2004,Latin America & Caribbean,Upper middle income,5507.20135110043,71.542,2672225,10,85.6572189331055,6.539,45.5
Jamaica,JM,JAM,2009,Latin America & Caribbean,Upper middle income,5372.14234169511,71.717,2736995,24.3,90.1742782592773,7.314,NA
Jamaica,JM,JAM,2018,Latin America & Caribbean,Upper middle income,5717.87621107532,71.606,2820097,68.2145,83.7616154022844,5.47,35.3
Jamaica,JM,JAM,2007,Latin America & Caribbean,Upper middle income,5710.53878446758,71.405,2713800,21.1,86.4005813598633,6.607,NA
Jamaica,JM,JAM,2008,Latin America & Caribbean,Upper middle income,5639.58974873397,71.502,2725635,23.6,88.0502090454102,6.666,NA
Jamaica,JM,JAM,2001,Latin America & Caribbean,Upper middle income,5234.02744397806,71.287,2624403,3.86302,79.911491394043,6.641,NA
Jamaica,JM,JAM,2010,Latin America & Caribbean,Upper middle income,5271.57221477938,71.979,2748568,27.67,89.4939454246108,7.63,NA
Jamaica,JM,JAM,2016,Latin America & Caribbean,Upper middle income,5472.28314023034,72.052,2809915,44.3669,87.9398248609799,8.634,NA
Jamaica,JM,JAM,2014,Latin America & Caribbean,Upper middle income,5307.19165380801,72.357,2793749,40.4027,86.3705618020868,9.046,NA
Jamaica,JM,JAM,2020,Latin America & Caribbean,Upper middle income,5317.84145033966,71.452,2830739,76.384,81.5337816615681,6.501,NA
Jamaica,JM,JAM,2005,Latin America & Caribbean,Upper middle income,5525.73577833713,71.493,2687066,12.8,84.6938323974609,6.577,NA
Jamaica,JM,JAM,2019,Latin America & Caribbean,Upper middle income,5814.79275311692,71.532,2823271,70.841,85.7618499653089,4.987,NA
Jamaica,JM,JAM,2017,Latin America & Caribbean,Upper middle income,5586.1365723133,71.879,2815764,55.0721,84.2369432325225,7.399,NA
Jamaica,JM,JAM,2022,Latin America & Caribbean,Upper middle income,5965.46127464873,71.481,2839144,82.4453,82.8584671020508,4.083,NA
Jamaica,JM,JAM,2002,Latin America & Caribbean,Upper middle income,5305.87658697244,71.478,2640572,6.1,80.4983978271484,6.616,48.3
Jamaica,JM,JAM,2013,Latin America & Caribbean,Upper middle income,5289.88438546111,72.435,2783687,37.1,85.4017870483818,9.698,NA
Jamaica,JM,JAM,2012,Latin America & Caribbean,Upper middle income,5284.00852557589,72.405,2772430,33.79,NA,8.695,NA
Jamaica,JM,JAM,2015,Latin America & Caribbean,Upper middle income,5339.30718256806,72.214,2802534,42.2212,85.3548254033729,8.825,NA
Jamaica,JM,JAM,2011,Latin America & Caribbean,Upper middle income,5339.62170188798,72.245,2760494,37.4386,91.5373916625977,8.034,NA
Jamaica,JM,JAM,2021,Latin America & Caribbean,Upper middle income,5607.45378253877,69.085,2837682,82.3607,85.8093525179856,5.188,39.9
Japan,JP,JPN,2006,East Asia & Pacific,High income,33531.518563066,82.3219512195122,127854000,68.6853,NA,4.192,NA
Japan,JP,JPN,2005,East Asia & Pacific,High income,33098.5474664881,81.9551219512195,127773000,66.9211,NA,4.446,NA
Japan,JP,JPN,2021,East Asia & Pacific,High income,35741.1601062924,84.4456097560976,125681593,82.9141,102.155380249023,2.808,NA
Japan,JP,JPN,2020,East Asia & Pacific,High income,34642.9718743239,84.56,126261000,90.2195,102.844802856445,2.809,32.3
Japan,JP,JPN,2017,East Asia & Pacific,High income,35861.9728545672,84.099756097561,126972000,91.7265,101.882888793945,2.822,31.8
Japan,JP,JPN,2004,East Asia & Pacific,High income,32515.1158024695,82.030243902439,127761000,62.3939,NA,4.734,NA
Japan,JP,JPN,2000,East Asia & Pacific,High income,31430.631130325,81.0760975609756,126843000,29.9907,NA,4.748,NA
Japan,JP,JPN,2018,East Asia & Pacific,High income,36138.5290824814,84.2109756097561,126811000,88.7464,102.425148010254,2.467,32.9
Japan,JP,JPN,2007,East Asia & Pacific,High income,33990.0360341367,82.5070731707317,128001000,74.3,NA,3.888,NA
Japan,JP,JPN,2019,East Asia & Pacific,High income,36043.7844013518,84.3563414634146,126633000,92.7304,102.670066833496,2.351,33
Japan,JP,JPN,2011,East Asia & Pacific,High income,33011.1342301291,82.5912195121951,127833000,79.0541,NA,4.55,33
Japan,JP,JPN,2001,East Asia & Pacific,High income,31476.0520665746,81.4163414634146,127149000,38.5321,NA,5.02,NA
Japan,JP,JPN,2022,East Asia & Pacific,High income,36238.3294895302,83.9963414634146,125124989,84.9234,102.337966918945,2.614,NA
Japan,JP,JPN,2003,East Asia & Pacific,High income,31830.217584972,81.76,127718000,48.4353,NA,5.251,NA
Japan,JP,JPN,2009,East Asia & Pacific,High income,31651.0837739562,82.9314634146342,128047000,78,NA,5.068,33
Japan,JP,JPN,2015,East Asia & Pacific,High income,34960.6393843385,83.7939024390244,127141000,91.058,102.200416564941,3.385,30.7
Japan,JP,JPN,2002,East Asia & Pacific,High income,31416.1241772309,81.6907317073171,127445000,46.5942,NA,5.386,NA
Japan,JP,JPN,2010,East Asia & Pacific,High income,32942.2020783835,82.8426829268293,128070000,78.21,NA,5.102,31.5
Japan,JP,JPN,2008,East Asia & Pacific,High income,33557.6454041595,82.5875609756098,128063000,75.4,NA,4.002,34.6
Japan,JP,JPN,2014,East Asia & Pacific,High income,34386.9058552671,83.5878048780488,127276000,89.1068,101.813980102539,3.589,31.3
Japan,JP,JPN,2016,East Asia & Pacific,High income,35242.199377148,83.9848780487805,127076000,93.1827,101.167999267578,3.132,31.8
Japan,JP,JPN,2013,East Asia & Pacific,High income,34239.8862473488,83.3319512195122,127445000,88.2194,101.781173706055,4.038,31.5
Japan,JP,JPN,2012,East Asia & Pacific,High income,33518.4449368599,83.0960975609756,127629000,79.4964,NA,4.358,32.5
Jordan,JO,JOR,2003,Middle East & North Africa,Lower middle income,3713.15193593268,72.585,5741828,8.46601,83.7643737792969,14.5,NA
Jordan,JO,JOR,2004,Middle East & North Africa,Lower middle income,3935.15704743447,72.788,5882061,11.6587,83.6611480712891,14.626,NA
Jordan,JO,JOR,2002,Middle East & North Africa,Lower middle income,3644.62434644332,72.359,5616066,6.02553,83.6367721557617,15.3,37
Jordan,JO,JOR,2014,Middle East & North Africa,Lower middle income,4282.11872849239,74.606,8791710,46.2,88.8703034099213,11.9,NA
Jordan,JO,JOR,2006,Middle East & North Africa,Lower middle income,4209.86864014361,73.225,6427371,13.8671,86.7745513916016,14,33.9
Jordan,JO,JOR,2012,Middle East & North Africa,Lower middle income,4677.47613977192,74.087,7587127,37,87.2317581176758,12.2,NA
Jordan,JO,JOR,2001,Middle East & North Africa,Lower middle income,3518.76635312228,72.141,5498894,4.70572,NA,14.7,NA
Jordan,JO,JOR,2000,Middle East & North Africa,Lower middle income,3412.07673213708,71.926,5386945,2.62328,NA,13.7,NA
Jordan,JO,JOR,2016,Middle East & North Africa,Lower middle income,3933.14704611068,75.55,10006367,56.15,NA,15.275,NA
Jordan,JO,JOR,2015,Middle East & North Africa,Lower middle income,4042.75678097555,75.06,9544729,54.22,NA,13.075,NA
Jordan,JO,JOR,2005,Middle East & North Africa,Lower middle income,4151.61313015439,72.977,6029587,12.9329,84.393669128418,14.8,NA
Jordan,JO,JOR,2022,Middle East & North Africa,Lower middle income,3909.80228869045,77.088,11256263,90.5,90.9912658899133,18.2,NA
Jordan,JO,JOR,2008,Middle East & North Africa,Lower middle income,4489.9554553731105,73.563,6989866,23,88.4466781616211,12.7,32.6
Jordan,JO,JOR,2013,Middle East & North Africa,Lower middle income,4556.52023716712,74.282,7991809,41.4,87.3027919681245,12.6,NA
Jordan,JO,JOR,2017,Middle East & North Africa,Lower middle income,3940.70199181145,76.071,10234226,64.5,88.8758288897009,18.12,NA
Jordan,JO,JOR,2010,Middle East & North Africa,Lower middle income,4621.5742854131,73.797,7297043,27.2,87.3644409179688,12.5,33.7
Jordan,JO,JOR,2007,Middle East & North Africa,Lower middle income,4287.35229821209,73.407,6827227,20,87.7151718139648,13.1,NA
Jordan,JO,JOR,2011,Middle East & North Africa,Lower middle income,4631.67703841605,73.929,7480424,34.9,87.5930404663086,12.9,NA
Jordan,JO,JOR,2019,Middle East & North Africa,Lower middle income,3919.06426916073,76.865,10671891,70.0847,89.5104774843719,16.801,NA
Jordan,JO,JOR,2009,Middle East & North Africa,Lower middle income,4615.23067817324,73.707,7141753,26,NA,12.9,NA
Jordan,JO,JOR,2021,Middle East & North Africa,Lower middle income,3874.32714084633,74.204,11066356,86,90.0636022467584,19.837,NA
Jordan,JO,JOR,2018,Middle East & North Africa,Lower middle income,3928.77026821205,76.491,10462306,65.2,89.7929068080636,18.257,NA
Jordan,JO,JOR,2020,Middle East & North Africa,Lower middle income,3806.87949354914,75.583,10865228,78.4178,90.1992992911958,19.213,NA
Kazakhstan,KZ,KAZ,2018,Europe & Central Asia,Upper middle income,10670.2120148279,73.369,18932727,78.9039,96.1156212742477,4.85,27.8
Kazakhstan,KZ,KAZ,2019,Europe & Central Asia,Upper middle income,10989.6840718388,73.658,19209555,81.8776,96.5371355057456,4.8,28
Kazakhstan,KZ,KAZ,2020,Europe & Central Asia,Upper middle income,10565.0359816235,71.195,19482117,85.9426,91.9490206290752,4.89,28.7
Kazakhstan,KZ,KAZ,2017,Europe & Central Asia,Upper middle income,10404.2718646317,72.996,18651931,76.4267,96.5061709309357,4.9,27.5
Kazakhstan,KZ,KAZ,2001,Europe & Central Asia,Upper middle income,4822.52862802669,64.108,15575550,1.00612,NA,10.43,36
Kazakhstan,KZ,KAZ,2014,Europe & Central Asia,Upper middle income,10226.7100539683,71.415,17816285,66,98.522388891969,5.06,27
Kazakhstan,KZ,KAZ,2022,Europe & Central Asia,Upper middle income,11058.3482413407,73.503,20034609,92.2969,94.0433413378673,4.86,NA
Kazakhstan,KZ,KAZ,2016,Europe & Central Asia,Upper middle income,10151.423313302,72.549,18363600,74.5877,97.0463003338151,4.96,27.2
Kazakhstan,KZ,KAZ,2021,Europe & Central Asia,Upper middle income,10873.3915275276,70.131,19743603,90.924,94.310522086739,5.568,29.2
Kazakhstan,KZ,KAZ,2002,Europe & Central Asia,Upper middle income,5267.6990320263,64.441,15656677,1.67477,NA,9.33,34.8
Kazakhstan,KZ,KAZ,2012,Europe & Central Asia,Upper middle income,9531.91477617058,69.939,17306106,61.9066,99.0180187395814,5.29,28.2
Kazakhstan,KZ,KAZ,2003,Europe & Central Asia,Upper middle income,5724.43199248054,64.753,15747380,2.00041,NA,8.78,33.7
Kazakhstan,KZ,KAZ,2015,Europe & Central Asia,Upper middle income,10196.1226255982,72.024,18084169,70.8299,98.2120601574997,4.93,26.8
Kazakhstan,KZ,KAZ,2013,Europe & Central Asia,Upper middle income,9959.72586930534,70.719,17556502,63.3042,97.6500312583517,5.2,27.1
Kazakhstan,KZ,KAZ,2011,Europe & Central Asia,Upper middle income,9223.3021336315,69.108,17066002,50.6,98.8350532967319,5.39,28
Kazakhstan,KZ,KAZ,2000,Europe & Central Asia,Upper middle income,4269.33016782791,63.793,15501103,0.668594,89.0767288208008,12.75,NA
Kazakhstan,KZ,KAZ,2006,Europe & Central Asia,Upper middle income,7450.39687062615,65.722,16103716,3.26837,98.4432830810547,7.79,30.2
Kazakhstan,KZ,KAZ,2007,Europe & Central Asia,Upper middle income,8036.87599811505,66.18,16257214,4.02,NA,7.26,30.1
Kazakhstan,KZ,KAZ,2005,Europe & Central Asia,Upper middle income,6787.4115548789,65.356,15968117,2.96171,NA,8.13,39.8
Kazakhstan,KZ,KAZ,2004,Europe & Central Asia,Upper middle income,6233.29439373307,65.04,15850159,2.65039,NA,8.4,31.8
Kazakhstan,KZ,KAZ,2010,Europe & Central Asia,Upper middle income,8704.70655484556,68.257,16836810,31.6,98.5237492649908,5.77,28
Kazakhstan,KZ,KAZ,2009,Europe & Central Asia,Upper middle income,8218.39912556048,67.46,16619846,18.2,NA,6.55,28.2
Kazakhstan,KZ,KAZ,2008,Europe & Central Asia,Upper middle income,8216.52181589585,66.759,16426525,11,NA,6.63,28.5
Kenya,KE,KEN,2004,Sub-Saharan Africa,Lower middle income,1191.25443604556,57.947,34713455,3.02353,47.1179389953613,2.844,NA
Kenya,KE,KEN,2000,Sub-Saharan Africa,Lower middle income,1195.41296851656,56.084,30642890,0.31806,40.9617881774902,2.884,NA
Kenya,KE,KEN,2005,Sub-Saharan Africa,Lower middle income,1223.44738472019,58.51,35796484,3.1019,47.2635917663574,2.739,46.4
Kenya,KE,KEN,2006,Sub-Saharan Africa,Lower middle income,1263.54164666211,59.059,36904008,3.6,48.8131103515625,2.673,NA
Kenya,KE,KEN,2003,Sub-Saharan Africa,Lower middle income,1169.14433674051,57.369,33652223,2.9419,43.5811309814453,2.869,NA
Kenya,KE,KEN,2002,Sub-Saharan Africa,Lower middle income,1171.4262517349,56.759,32629808,1.20777,41.8610191345215,2.916,NA
Kenya,KE,KEN,2012,Sub-Saharan Africa,Lower middle income,1396.30178709756,61.537,43888303,10.5,NA,2.678,NA
Kenya,KE,KEN,2007,Sub-Saharan Africa,Lower middle income,1309.91092948216,59.407,38036349,4.4,50.8713607788086,2.642,NA
Kenya,KE,KEN,2014,Sub-Saharan Africa,Lower middle income,1450.59338202277,61.99,46051440,16.5,NA,2.767,NA
Kenya,KE,KEN,2015,Sub-Saharan Africa,Lower middle income,1489.11959777284,62.279,47088526,16.5879,72.5750860661828,2.762,40.8
Kenya,KE,KEN,2022,Sub-Saharan Africa,Lower middle income,1747.53198804428,63.549,54252461,NA,83.7738192286218,5.565,37.7
Kenya,KE,KEN,2013,Sub-Saharan Africa,Lower middle income,1413.94142522583,61.729,44986791,13,NA,2.762,NA
Kenya,KE,KEN,2001,Sub-Saharan Africa,Lower middle income,1202.29348759987,56.501,31619170,0.619782,41.6857109069824,2.876,NA
Kenya,KE,KEN,2011,Sub-Saharan Africa,Lower middle income,1370.58000874482,61.283,42758461,8.8,NA,2.699,NA
Kenya,KE,KEN,2010,Sub-Saharan Africa,Lower middle income,1340.16467408856,60.915,41598567,7.2,NA,2.793,NA
Kenya,KE,KEN,2016,Sub-Saharan Africa,Lower middle income,1517.97796057742,62.526,48139687,16.6,74.4698594945796,2.757,NA
Kenya,KE,KEN,2017,Sub-Saharan Africa,Lower middle income,1542.33773973372,62.725,49197766,17.8271,NA,3.542,NA
Kenya,KE,KEN,2009,Sub-Saharan Africa,Lower middle income,1276.73503486074,60.483,40408891,6.1,57.7407112121582,2.816,NA
Kenya,KE,KEN,2020,Sub-Saharan Africa,Lower middle income,1609.33414078281,61.596,52217334,NA,NA,5.613,36.2
Kenya,KE,KEN,2018,Sub-Saharan Africa,Lower middle income,1596.69045914945,62.825,50207107,19.5,NA,4.284,NA
Kenya,KE,KEN,2008,Sub-Saharan Africa,Lower middle income,1273.77226103073,59.955,39206351,5.2,57.0353507995605,2.751,NA
Kenya,KE,KEN,2021,Sub-Saharan Africa,Lower middle income,1698.89578271444,61.225,53219166,NA,80.3774269704216,5.693,38.7
Kenya,KE,KEN,2019,Sub-Saharan Africa,Lower middle income,1645.70961777862,62.939,51202827,22.6688,NA,5.014,NA
Kiribati,KI,KIR,2007,East Asia & Pacific,Lower middle income,1433.3573454448,65.677,102068,6,83.7022018432617,NA,NA
Kiribati,KI,KIR,2010,East Asia & Pacific,Lower middle income,1328.78764145125,65.859,108704,9.07,NA,NA,NA
Kiribati,KI,KIR,2012,East Asia & Pacific,Lower middle income,1405.50280446236,65.908,112284,10.7468,NA,NA,NA
Kiribati,KI,KIR,2013,East Asia & Pacific,Lower middle income,1493.49134858915,65.898,113838,11.5,NA,NA,NA
Kiribati,KI,KIR,2005,East Asia & Pacific,Lower middle income,1368.99716100101,65.517,98035,4,85.8441390991211,NA,NA
Kiribati,KI,KIR,2014,East Asia & Pacific,Lower middle income,1492.8506819325,65.869,115326,12.25,NA,NA,NA
Kiribati,KI,KIR,2011,East Asia & Pacific,Lower middle income,1348.06011226744,65.896,110647,10,NA,NA,NA
Kiribati,KI,KIR,2006,East Asia & Pacific,Lower middle income,1419.38709899471,65.601,100017,4.5,84.0447463989258,NA,37
Kiribati,KI,KIR,2019,East Asia & Pacific,Lower middle income,1835.21963082467,65.866,123921,39.5737,NA,NA,27.8
Kiribati,KI,KIR,2020,East Asia & Pacific,Lower middle income,1777.0447605811,65.205,126099,NA,NA,NA,NA
Kiribati,KI,KIR,2015,East Asia & Pacific,Lower middle income,1639.85274740652,65.831,116815,14.9,NA,NA,NA
Kiribati,KI,KIR,2022,East Asia & Pacific,Lower middle income,1948.24312238625,66.269,130469,NA,88.6853008111105,NA,NA
Kiribati,KI,KIR,2021,East Asia & Pacific,Lower middle income,1893.52661599343,64.148,128377,NA,87.142166928373,NA,NA
Kiribati,KI,KIR,2017,East Asia & Pacific,Lower middle income,1769.51191332519,65.787,120275,25.3096,NA,NA,NA
Kiribati,KI,KIR,2008,East Asia & Pacific,Lower middle income,1361.83587176171,65.746,104222,7,82.9311904907227,NA,NA
Kiribati,KI,KIR,2016,East Asia & Pacific,Lower middle income,1731.43693824902,65.799,118478,19.4194,NA,NA,NA
Kiribati,KI,KIR,2018,East Asia & Pacific,Lower middle income,1803.94864980951,65.807,122084,32.9864,NA,NA,NA
Kiribati,KI,KIR,2004,East Asia & Pacific,Lower middle income,1378.9582420937,65.416,96085,3.5,87.655158996582,NA,NA
Kiribati,KI,KIR,2003,East Asia & Pacific,Lower middle income,1415.54564772956,65.287,94175,3,87.8011093139648,NA,NA
Kiribati,KI,KIR,2009,East Asia & Pacific,Lower middle income,1340.27593200253,65.808,106467,8.97,NA,NA,NA
Kiribati,KI,KIR,2002,East Asia & Pacific,Lower middle income,1467.99259660077,65.123,92264,2.5,81.5949478149414,NA,NA
Kiribati,KI,KIR,2000,East Asia & Pacific,Lower middle income,1555.58190420161,64.674,88613,1.78523,62.1038703918457,NA,NA
Kiribati,KI,KIR,2001,East Asia & Pacific,Lower middle income,1477.951639475,64.918,90335,2.33746,76.2893295288086,NA,NA
"Korea, Dem. People's Rep.",KP,PRK,2003,East Asia & Pacific,Low income,NA,69.399,24090380,0,NA,3.668,NA
"Korea, Dem. People's Rep.",KP,PRK,2014,East Asia & Pacific,Low income,NA,72.451,25451262,NA,NA,3.509,NA
"Korea, Dem. People's Rep.",KP,PRK,2002,East Asia & Pacific,Low income,NA,60.877,23943973,0,NA,3.644,NA
"Korea, Dem. People's Rep.",KP,PRK,2013,East Asia & Pacific,Low income,NA,71.867,25329451,NA,NA,3.567,NA
"Korea, Dem. People's Rep.",KP,PRK,2010,East Asia & Pacific,Low income,NA,70.246,24987258,0,NA,3.419,NA
"Korea, Dem. People's Rep.",KP,PRK,2004,East Asia & Pacific,Low income,NA,69.294,24254943,0,NA,3.62,NA
"Korea, Dem. People's Rep.",KP,PRK,2001,East Asia & Pacific,Low income,NA,60.893,23815358,0,NA,3.676,NA
"Korea, Dem. People's Rep.",KP,PRK,2009,East Asia & Pacific,Low income,NA,69.702,24878332,0,NA,3.48,NA
"Korea, Dem. People's Rep.",KP,PRK,2022,East Asia & Pacific,Low income,NA,73.641,26328845,NA,NA,3.457,NA
"Korea, Dem. People's Rep.",KP,PRK,2016,East Asia & Pacific,Low income,NA,72.971,25698326,NA,NA,3.574,NA
"Korea, Dem. People's Rep.",KP,PRK,2000,East Asia & Pacific,Low income,NA,60.911,23665910,0,NA,3.653,NA
"Korea, Dem. People's Rep.",KP,PRK,2012,East Asia & Pacific,Low income,NA,71.317,25211728,0,NA,3.542,NA
"Korea, Dem. People's Rep.",KP,PRK,2008,East Asia & Pacific,Low income,NA,69.303,24764618,0,NA,3.48,NA
"Korea, Dem. People's Rep.",KP,PRK,2021,East Asia & Pacific,Low income,NA,73.437,26232534,NA,NA,3.692,NA
"Korea, Dem. People's Rep.",KP,PRK,2015,East Asia & Pacific,Low income,NA,72.825,25575350,NA,94.2515411376953,3.523,NA
"Korea, Dem. People's Rep.",KP,PRK,2005,East Asia & Pacific,Low income,NA,69.168,24396433,0,NA,3.576,NA
"Korea, Dem. People's Rep.",KP,PRK,2007,East Asia & Pacific,Low income,NA,69.021,24646383,0,NA,3.547,NA
"Korea, Dem. People's Rep.",KP,PRK,2020,East Asia & Pacific,Low income,NA,72.783,26136312,NA,NA,3.624,NA
"Korea, Dem. People's Rep.",KP,PRK,2011,East Asia & Pacific,Low income,NA,70.772,25097874,0,NA,3.516,NA
"Korea, Dem. People's Rep.",KP,PRK,2006,East Asia & Pacific,Low income,NA,69.061,24524507,0,NA,3.55,NA
"Korea, Dem. People's Rep.",KP,PRK,2017,East Asia & Pacific,Low income,NA,73.034,25817709,NA,NA,3.498,NA
"Korea, Dem. People's Rep.",KP,PRK,2018,East Asia & Pacific,Low income,NA,73.02,25931147,NA,NA,3.409,NA
"Korea, Dem. People's Rep.",KP,PRK,2019,East Asia & Pacific,Low income,NA,72.928,26037632,NA,NA,3.439,NA
"Korea, Rep.",KR,KOR,2007,East Asia & Pacific,High income,24391.7651013448,79.119512195122,48683638,78.8,96.7113800048828,3.013,NA
"Korea, Rep.",KR,KOR,2009,East Asia & Pacific,High income,25009.9148311999,79.9682926829268,49307835,81.6,96.8854293823242,3.363,NA
"Korea, Rep.",KR,KOR,2010,East Asia & Pacific,High income,26623.0487122927,80.1170731707317,49554112,83.7,97.2930603027344,3.324,32
"Korea, Rep.",KR,KOR,2021,East Asia & Pacific,High income,34792.9397214598,83.5268292682927,51769539,97.5713,98.0692291259766,3.639,32.9
"Korea, Rep.",KR,KOR,2011,East Asia & Pacific,High income,27393.455357272,80.5682926829269,49936638,83.7591,97.5294189453125,2.992,NA
"Korea, Rep.",KR,KOR,2008,East Asia & Pacific,High income,24934.5396367691,79.5170731707317,49054708,81,96.3489303588867,2.959,32.3
"Korea, Rep.",KR,KOR,2004,East Asia & Pacific,High income,21244.8136800528,77.6658536585366,48082519,72.7,96.9991989135742,3.42,NA
"Korea, Rep.",KR,KOR,2002,East Asia & Pacific,High income,19775.3800655139,76.7658536585366,47644736,59.4,97.2662963867188,3.046,NA
"Korea, Rep.",KR,KOR,2005,East Asia & Pacific,High income,22123.7613066851,78.1682926829268,48184561,73.5,97.2146224975586,3.482,NA
"Korea, Rep.",KR,KOR,2012,East Asia & Pacific,High income,27944.0564190045,80.819512195122,50199853,84.07,97.3674163818359,2.812,31.6
"Korea, Rep.",KR,KOR,2020,East Asia & Pacific,High income,33215.9298928108,83.4268292682927,51836239,96.5051,97.0888214111328,3.931,32.7
"Korea, Rep.",KR,KOR,2019,East Asia & Pacific,High income,33496.3113815643,83.2268292682927,51764822,96.1576,98.3813018798828,3.746,33.2
"Korea, Rep.",KR,KOR,2016,East Asia & Pacific,High income,31005.4072876388,82.2756097560976,51217803,92.843,98.7179565429688,3.65,35.2
"Korea, Rep.",KR,KOR,2006,East Asia & Pacific,High income,23162.1860111297,78.6682926829268,48438292,78.1,96.7785415649414,3.254,31.7
"Korea, Rep.",KR,KOR,2018,East Asia & Pacific,High income,32852.8887488942,82.6268292682927,51585058,96.0229,99.3186569213867,3.824,33.7
"Korea, Rep.",KR,KOR,2013,East Asia & Pacific,High income,28732.711152033,81.2707317073171,50428893,84.77,97.8287506103516,3.067,NA
"Korea, Rep.",KR,KOR,2001,East Asia & Pacific,High income,18460.4288193829,76.4121951219512,47370164,56.6,97.6082382202148,3.699,NA
"Korea, Rep.",KR,KOR,2000,East Asia & Pacific,High income,17763.1353417297,75.909756097561,47008111,44.7,98.0937805175781,4.063,NA
"Korea, Rep.",KR,KOR,2022,East Asia & Pacific,High income,35809.0138105144,82.6804878048781,51672569,97.1686,97.8181304931641,2.857,NA
"Korea, Rep.",KR,KOR,2003,East Asia & Pacific,High income,20278.0406421178,77.2146341463415,47892330,65.5,96.9660186767578,3.348,NA
"Korea, Rep.",KR,KOR,2015,East Asia & Pacific,High income,30171.7906545222,82.0243902439024,51014947,89.8963,98.5931930541992,3.546,NA
"Korea, Rep.",KR,KOR,2017,East Asia & Pacific,High income,31979.9027302467,82.6268292682927,51361911,95.0694,99.105583190918,3.653,34.9
"Korea, Rep.",KR,KOR,2014,East Asia & Pacific,High income,29470.6732991655,81.7219512195122,50746659,87.5568,98.5806732177734,3.082,31.2
Kosovo,XK,XKX,2007,Europe & Central Asia,Upper middle income,NA,74.422,1807094,NA,NA,NA,NA
Kosovo,XK,XKX,2018,Europe & Central Asia,Upper middle income,4009.12140760339,77.117,1797086,89.443,NA,NA,44.6
Kosovo,XK,XKX,2022,Europe & Central Asia,Upper middle income,4666.3913779077,77.623,1768096,NA,NA,NA,38.3
Kosovo,XK,XKX,2017,Europe & Central Asia,Upper middle income,3890.17807271082,77.105,1791019,83.8936,NA,NA,44.2
Kosovo,XK,XKX,2016,Europe & Central Asia,Upper middle income,3739.17562318261,76.748,1777568,NA,NA,NA,26.7
Kosovo,XK,XKX,2021,Europe & Central Asia,Upper middle income,4429.87597525975,74.981,1786079,NA,NA,NA,49.4
Kosovo,XK,XKX,2003,Europe & Central Asia,Upper middle income,NA,72.678,1826434,NA,NA,NA,29
Kosovo,XK,XKX,2015,Europe & Central Asia,Upper middle income,3520.62850699375,76.024,1788274,NA,NA,NA,26.5
Kosovo,XK,XKX,2008,Europe & Central Asia,Upper middle income,2543.59926351696,74.711,1800858,NA,NA,NA,NA
Kosovo,XK,XKX,2000,Europe & Central Asia,Upper middle income,NA,71.321,1802493,NA,NA,NA,NA
Kosovo,XK,XKX,2019,Europe & Central Asia,Upper middle income,4219.06693858503,77.249,1788891,NA,NA,NA,40.2
Kosovo,XK,XKX,2011,Europe & Central Asia,Upper middle income,2995.64952029477,75.323,1791949,NA,NA,NA,27.8
Kosovo,XK,XKX,2006,Europe & Central Asia,Upper middle income,NA,73.63,1813079,NA,NA,NA,30.3
Kosovo,XK,XKX,2020,Europe & Central Asia,Upper middle income,3990.94613053859,74.212,1790151,NA,NA,NA,57.4
Kosovo,XK,XKX,2002,Europe & Central Asia,Upper middle income,NA,72.227,1829462,NA,NA,NA,NA
Kosovo,XK,XKX,2009,Europe & Central Asia,Upper middle income,2680.86121521141,74.79,1794681,NA,NA,NA,31.8
Kosovo,XK,XKX,2005,Europe & Central Asia,Upper middle income,NA,73.437,1818354,NA,NA,NA,31.2
Kosovo,XK,XKX,2001,Europe & Central Asia,Upper middle income,NA,71.782,1820009,NA,NA,NA,NA
Kosovo,XK,XKX,2013,Europe & Central Asia,Upper middle income,3163.47189486431,76.336,1818119,NA,NA,NA,26.3
Kosovo,XK,XKX,2004,Europe & Central Asia,Upper middle income,NA,73.132,1822773,NA,NA,NA,NA
Kosovo,XK,XKX,2014,Europe & Central Asia,Upper middle income,3279.02499043758,76.179,1812788,NA,NA,NA,27.3
Kosovo,XK,XKX,2010,Europe & Central Asia,Upper middle income,2822.63359634011,74.609,1788743,NA,NA,NA,33.3
Kosovo,XK,XKX,2012,Europe & Central Asia,Upper middle income,3021.35142613995,75.75,1807126,NA,NA,NA,29
Kuwait,KW,KWT,2000,Middle East & North Africa,High income,31341.9780819419,76.2258780487805,1954709,6.7314,85.79931640625,0.8,NA
Kuwait,KW,KWT,2010,Middle East & North Africa,High income,32568.4981754501,77.7262195121951,2943372,61.4,99.4166345928894,1.82,NA
Kuwait,KW,KWT,2009,Middle East & North Africa,High income,35124.0853941026,77.4333658536585,2795484,50.8,99.4600067138672,1.64,NA
Kuwait,KW,KWT,2008,Middle East & North Africa,High income,39852.5129115699,77.1890487804878,2651421,42,99.557746887207,1.75,NA
Kuwait,KW,KWT,2003,Middle East & North Africa,High income,35169.6335737863,76.6445609756098,2109881,22.4029,96.0627212524414,1.3,NA
Kuwait,KW,KWT,2011,Middle East & North Africa,High income,33545.346271839,78.052243902439,3132814,65.7691,98.1417694091797,2.051,NA
Kuwait,KW,KWT,2001,Middle East & North Africa,High income,30573.4284224199,76.3843414634146,2008121,8.55179,87.0694427490234,0.8,NA
Kuwait,KW,KWT,2002,Middle East & North Africa,High income,30702.2162068121,76.5316341463415,2059974,10.249,NA,1.1,NA
Kuwait,KW,KWT,2005,Middle East & North Africa,High income,40451.2551656974,76.8007804878049,2236788,25.9261,108.55924987793,1.455,NA
Kuwait,KW,KWT,2006,Middle East & North Africa,High income,41137.969927672,76.8876829268293,2364733,28.7912,101.013938903809,1.3,NA
Kuwait,KW,KWT,2004,Middle East & North Africa,High income,37918.5405829238,76.7276829268293,2157320,22.9271,100.651512145996,1.7,NA
Kuwait,KW,KWT,2021,Middle East & North Africa,High income,26203.2617257856,78.7365853658537,4360865,99.7,NA,2.97,NA
Kuwait,KW,KWT,2012,Middle East & North Africa,High income,33578.3309651964,78.3950243902439,3337109,70.45,98.6952312050305,2.227,NA
Kuwait,KW,KWT,2013,Middle East & North Africa,High income,32311.1800008536,78.7418048780488,3507844,75.46,95.5615386962891,2.465,NA
Kuwait,KW,KWT,2007,Middle East & North Africa,High income,41113.8693942735,77.0101707317073,2507887,34.8,101.308387756348,1.5,NA
Kuwait,KW,KWT,2017,Middle East & North Africa,High income,27048.3706935958,79.9160731707317,4154812,98,NA,2.23,NA
Kuwait,KW,KWT,2018,Middle East & North Africa,High income,26706.0191660864,80.1063658536585,4323515,99.5988,NA,2.202,NA
Kuwait,KW,KWT,2019,Middle East & North Africa,High income,26580.2264741607,81.969756097561,4442316,99.5427,NA,2.213,NA
Kuwait,KW,KWT,2020,Middle East & North Africa,High income,25541.5378987908,78.7609756097561,4400267,99.1059,NA,3.489,NA
Kuwait,KW,KWT,2015,Middle East & North Africa,High income,29882.2126495698,79.3765609756098,3834574,82,95.3934020996094,2.2,NA
Kuwait,KW,KWT,2016,Middle East & North Africa,High income,29454.4426388829,79.6775853658537,4004096,85.6,NA,2.16,NA
Kuwait,KW,KWT,2022,Middle East & North Africa,High income,26579.8321646876,80.5878048780488,4589643,99.7237,NA,2.133,NA
Kuwait,KW,KWT,2014,Middle East & North Africa,High income,31073.1537300624,79.0803414634146,3665876,78.7,93.0660018920898,2.9,NA
Kyrgyz Republic,KG,KGZ,2016,Europe & Central Asia,Lower middle income,1128.3161612818,70.9512195121951,6175338,40.5,90.4864998184447,4.294,26.8
Kyrgyz Republic,KG,KGZ,2017,Europe & Central Asia,Lower middle income,1157.1827575806701,71.2,6306696,50.8,89.9187538995131,4.425,27.3
Kyrgyz Republic,KG,KGZ,2011,Europe & Central Asia,Lower middle income,1005.4831781815,69.6024390243903,5546587,17.5,87.5220892813577,3.644,27.8
Kyrgyz Republic,KG,KGZ,2019,Europe & Central Asia,Lower middle income,1201.87701429721,71.6,6590211,64.1,91.6686153595535,5.45,29.7
Kyrgyz Republic,KG,KGZ,2020,Europe & Central Asia,Lower middle income,1093.32856461422,71.8,6726596,72,92.1655305586517,5.945,29
Kyrgyz Republic,KG,KGZ,2010,Europe & Central Asia,Lower middle income,962.764789828724,69.3,5467059,16.3,87.7688035961973,3.503,30.1
Kyrgyz Republic,KG,KGZ,2021,Europe & Central Asia,Lower middle income,1132.5546781282,71.9,6851224,77.1177,92.5062000270634,5.149,28.8
Kyrgyz Republic,KG,KGZ,2014,Europe & Central Asia,Lower middle income,1088.58214229508,70.4024390243902,5905848,28.3,89.4164090538588,4.02,26.8
Kyrgyz Republic,KG,KGZ,2015,Europe & Central Asia,Lower middle income,1105.65193844261,70.6512195121951,6040036,30.247,88.9591724149373,4.138,29
Kyrgyz Republic,KG,KGZ,2001,Europe & Central Asia,Lower middle income,749.423779561565,68.7073170731707,4945073,3.00294,83.5917129516602,2.273,30.2
Kyrgyz Republic,KG,KGZ,2009,Europe & Central Asia,Lower middle income,981.220904665529,69.1024390243903,5389643,16,86.7180862426758,3.343,29.9
Kyrgyz Republic,KG,KGZ,2018,Europe & Central Asia,Lower middle income,1175.0712778747,71.4,6444079,62.8,91.1445853879787,4.559,27.7
Kyrgyz Republic,KG,KGZ,2000,Europe & Central Asia,Lower middle income,718.342832397662,68.5585365853659,4898362,1.0414,82.4341583251953,2.143,31
Kyrgyz Republic,KG,KGZ,2013,Europe & Central Asia,Lower middle income,1069.78404438716,70.2024390243902,5777150,23,87.7240351123141,3.881,28.8
Kyrgyz Republic,KG,KGZ,2006,Europe & Central Asia,Lower middle income,837.138026647346,67.6951219512195,5218373,12.3069,85.5732421875,2.962,37.4
Kyrgyz Republic,KG,KGZ,2008,Europe & Central Asia,Lower middle income,966.409971184817,68.4512195121951,5318729,15.7,NA,3.207,31.5
Kyrgyz Republic,KG,KGZ,2012,Europe & Central Asia,Lower middle income,985.8472865972,70.0024390243902,5652076,19.8,87.2870662875623,3.786,27.4
Kyrgyz Republic,KG,KGZ,2005,Europe & Central Asia,Lower middle income,820.709519437592,67.9560975609756,5162640,10.5338,85.4348373413086,2.816,32.6
Kyrgyz Republic,KG,KGZ,2003,Europe & Central Asia,Lower middle income,786.350474964134,68.2560975609756,5043308,3.90877,87.8954772949219,2.548,28.7
Kyrgyz Republic,KG,KGZ,2004,Europe & Central Asia,Lower middle income,831.482103944381,68.1536585365854,5104713,5.09039,86.5721893310547,2.68,34.8
Kyrgyz Republic,KG,KGZ,2022,Europe & Central Asia,Lower middle income,1212.17812721768,72.0487804878049,6975220,82.5991,NA,4.767,26.4
Kyrgyz Republic,KG,KGZ,2002,Europe & Central Asia,Lower middle income,742.44300111832,68.1560975609756,4990704,2.99927,82.7385635375977,2.416,30.3
Kyrgyz Republic,KG,KGZ,2007,Europe & Central Asia,Lower middle income,900.02796489729,67.8951219512195,5268385,14.03,84.9611129760742,3.094,33.9
Lao PDR,LA,LAO,2009,East Asia & Pacific,Lower middle income,1463.3379666846,63.023,6241642,6,45.6930198669434,0.835,NA
Lao PDR,LA,LAO,2001,East Asia & Pacific,Lower middle income,954.123505414634,58.887,5521482,0.181664,35.1896514892578,1.881,NA
Lao PDR,LA,LAO,2008,East Asia & Pacific,Lower middle income,1381.73754223953,62.248,6148969,3.55,44.126880645752,0.944,NA
Lao PDR,LA,LAO,2004,East Asia & Pacific,Lower middle income,1088.76034728831,60.08,5781626,0.361434,42.5078582763672,1.498,NA
Lao PDR,LA,LAO,2006,East Asia & Pacific,Lower middle income,1228.08927619923,61.074,5963200,1.16989,42.2330513000488,1.199,NA
Lao PDR,LA,LAO,2007,East Asia & Pacific,Lower middle income,1301.08597549864,61.694,6056236,1.64,43.0343399047852,1.068,35.4
Lao PDR,LA,LAO,2020,East Asia & Pacific,Lower middle income,2529.74622698761,68.339,7346533,54,62.4493058083911,2.349,NA
Lao PDR,LA,LAO,2010,East Asia & Pacific,Lower middle income,1564.91068311647,63.69,6334194,7,47.3594398498535,0.708,NA
Lao PDR,LA,LAO,2011,East Asia & Pacific,Lower middle income,1666.40086189871,64.505,6426590,9,46.3030907447649,0.96,NA
Lao PDR,LA,LAO,2015,East Asia & Pacific,Lower middle income,2121.01339097363,66.688,6801645,18.2,62.2967936554274,2.006,NA
Lao PDR,LA,LAO,2016,East Asia & Pacific,Lower middle income,2234.76098741846,67.014,6908802,21.87,64.7630026961054,2.634,NA
Lao PDR,LA,LAO,2002,East Asia & Pacific,Lower middle income,994.492241963795,59.302,5610889,0.267899,37.9458808898926,1.775,32.6
Lao PDR,LA,LAO,2018,East Asia & Pacific,Lower middle income,2459.97874636195,67.594,7128045,36.3,66.1528570578416,2.897,38.8
Lao PDR,LA,LAO,2005,East Asia & Pacific,Lower middle income,1148.68153852071,60.688,5869523,0.850357,42.9863014221191,1.35,NA
Lao PDR,LA,LAO,2003,East Asia & Pacific,Lower middle income,1038.71192767783,59.643,5697945,0.333912,40.6808013916016,1.639,NA
Lao PDR,LA,LAO,2019,East Asia & Pacific,Lower middle income,2554.95638019245,67.911,7237636,47.0323,64.986385458831,2.531,NA
Lao PDR,LA,LAO,2021,East Asia & Pacific,Lower middle income,2556.58912640405,67.807,7453194,62,59.8530595325837,2.08,NA
Lao PDR,LA,LAO,2022,East Asia & Pacific,Lower middle income,2589.05015191628,68.715,7559007,62.7001,56.8782044614964,1.209,NA
Lao PDR,LA,LAO,2014,East Asia & Pacific,Lower middle income,2006.31195444447,66.35,6703172,14.26,58.0247383117676,1.733,NA
Lao PDR,LA,LAO,2017,East Asia & Pacific,Lower middle income,2351.57441747595,67.345,7018147,25.5104,66.0411073482017,3.268,NA
Lao PDR,LA,LAO,2000,East Asia & Pacific,Lower middle income,917.228038617529,58.317,5431212,0.111044,33.2670707702637,2.045,NA
Lao PDR,LA,LAO,2013,East Asia & Pacific,Lower middle income,1890.27861294875,65.723,6611385,12.5,52.6759359354755,1.469,NA
Lao PDR,LA,LAO,2012,East Asia & Pacific,Lower middle income,1774.63585203672,65.126,6518978,10.7477,49.0350189208984,1.208,36
Latvia,LV,LVA,2004,Europe & Central Asia,High income,8957.23393555082,72.0268292682927,2263122,38.58,99.2952423095703,11.708,36.4
Latvia,LV,LVA,2007,Europe & Central Asia,High income,12810.0409502542,71.019512195122,2200325,59.17,103.921241760254,6.052,37.5
Latvia,LV,LVA,2001,Europe & Central Asia,High income,6833.4354323157,70.7609756097561,2337170,7.21935,92.8558120727539,13.821,NA
Latvia,LV,LVA,2003,Europe & Central Asia,High income,8149.00183600084,71.2658536585366,2287955,26.98,96.5377883911133,12.061,36.5
Latvia,LV,LVA,2009,Europe & Central Asia,High income,10675.425174228,73.0804878048781,2141669,66.84,99.4204025268555,17.515,35.9
Latvia,LV,LVA,2010,Europe & Central Asia,High income,10500.8666223014,73.4829268292683,2097555,68.42,102.822158813477,19.482,35
Latvia,LV,LVA,2002,Europe & Central Asia,High income,7443.22944659059,70.9609756097561,2310173,21.94,95.2927322387695,13.829,35.1
Latvia,LV,LVA,2000,Europe & Central Asia,High income,6336.38296707987,70.3146341463415,2367550,6.31906,90.0659713745117,14.211,NA
Latvia,LV,LVA,2012,Europe & Central Asia,High income,11971.0107466522,73.7780487804878,2034319,73.1199,106.344802856445,15.047,35.2
Latvia,LV,LVA,2016,Europe & Central Asia,High income,13787.3367440023,74.580487804878,1959537,79.8421,111.296806335449,9.643,34.3
Latvia,LV,LVA,2013,Europe & Central Asia,High income,12353.5386135301,73.9829268292683,2012647,75.2344,114.776809692383,11.867,35.5
Latvia,LV,LVA,2006,Europe & Central Asia,High income,11507.4648265658,70.8658536585366,2218357,53.63,103.965400695801,7.03,35.6
Latvia,LV,LVA,2015,Europe & Central Asia,High income,13321.9753140616,74.4804878048781,1977527,79.2006,112.356651306152,9.873,34.2
Latvia,LV,LVA,2019,Europe & Central Asia,High income,15328.3859933295,75.3878048780488,1913822,86.1355,107.602462768555,6.312,34.5
Latvia,LV,LVA,2005,Europe & Central Asia,High income,10106.2626157732,71.3560975609756,2238799,46,102.686317443848,10.033,39
Latvia,LV,LVA,2011,Europe & Central Asia,High income,11018.5152421583,73.5756097560976,2059709,69.75,105.565788269043,16.206,35.8
Latvia,LV,LVA,2018,Europe & Central Asia,High income,15120.0698171804,74.7829268292683,1927174,83.5772,109.155700683594,7.412,35.1
Latvia,LV,LVA,2022,Europe & Central Asia,High income,16421.3748596,74.2780487804878,1879383,91.0301,104.764526367188,6.815,33.7
Latvia,LV,LVA,2020,Europe & Central Asia,High income,14900.7295718866,75.1853658536585,1900449,88.898,105.956283569336,8.098,35.7
Latvia,LV,LVA,2014,Europe & Central Asia,High income,12731.6771959342,74.1243902439024,1993782,75.8261,113.706932067871,10.846,35.1
Latvia,LV,LVA,2021,Europe & Central Asia,High income,16070.1680032322,72.9804878048781,1884490,91.1796,105.814010620117,7.513,34.3
Latvia,LV,LVA,2008,Europe & Central Asia,High income,12506.6945041012,72.419512195122,2177322,63.41,104.897567749023,7.739,37.2
Latvia,LV,LVA,2017,Europe & Central Asia,High income,14382.8612727134,74.6292682926829,1942248,80.1141,110.723251342773,8.715,35.6
Lebanon,LB,LBN,2012,Middle East & North Africa,Lower middle income,8920.8056984673,77.941,5235742,61.2498,72.2122774625477,7.952,NA
Lebanon,LB,LBN,2011,Middle East & North Africa,Lower middle income,8936.20027462737,77.768,5096020,52,73.8286148513332,7.352,31.8
Lebanon,LB,LBN,2000,Middle East & North Africa,Lower middle income,5958.97836750301,73.895,4329340,7.95274,62.5770492553711,8.641,NA
Lebanon,LB,LBN,2002,Middle East & North Africa,Lower middle income,6207.24133893746,74.836,4463504,7,62.5551910400391,8.248,NA
Lebanon,LB,LBN,2021,Middle East & North Africa,Lower middle income,5973.41933892988,73.65,5718122,82.656,67.5143617766569,12.715,NA
Lebanon,LB,LBN,2009,Middle East & North Africa,Lower middle income,8375.48851252821,77.262,4992287,30.14,71.0917282104492,6.355,NA
Lebanon,LB,LBN,2003,Middle East & North Africa,Lower middle income,6319.76518298647,75.275,4525508,8,64.8559494018555,8.061,NA
Lebanon,LB,LBN,2022,Middle East & North Africa,Lower middle income,5909.03651555028,78.003,5744489,82.798,64.5017084327233,11.105,35.3
Lebanon,LB,LBN,2001,Middle East & North Africa,Lower middle income,6085.76041420146,74.354,4401918,6.78322,60.7058296203613,8.499,NA
Lebanon,LB,LBN,2013,Middle East & North Africa,Lower middle income,8443.53856528784,78.037,5743436,70.5,71.2231189680025,8.477,NA
Lebanon,LB,LBN,2010,Middle East & North Africa,Lower middle income,8955.54336184707,77.529,5041288,43.68,70.562435785543,6.768,NA
Lebanon,LB,LBN,2015,Middle East & North Africa,Lower middle income,7714.1099998804,78.275,6472469,74,58.1075064918095,9.312,NA
Lebanon,LB,LBN,2008,Middle East & North Africa,Lower middle income,7701.29823027979,76.956,4925354,22.53,68.8993988037109,7.666,NA
Lebanon,LB,LBN,2004,Middle East & North Africa,Lower middle income,6633.75258002393,75.693,4599279,9,66.0179901123047,7.85,NA
Lebanon,LB,LBN,2014,Middle East & North Africa,Lower middle income,7830.4151113336,78.148,6346990,73,59.2622758017054,8.84,NA
Lebanon,LB,LBN,2020,Middle East & North Africa,Lower middle income,6440.82843092922,76.299,5702398,82.0665,65.89697761206,13.252,NA
Lebanon,LB,LBN,2005,Middle East & North Africa,Lower middle income,6707.18024635316,76.074,4671102,10.14,66.4239807128906,8.249,NA
Lebanon,LB,LBN,2007,Middle East & North Africa,Lower middle income,7179.34520092306,76.732,4844118,18.74,68.0434875488281,8.98,NA
Lebanon,LB,LBN,2016,Middle East & North Africa,Lower middle income,8019.1416913426,78.306,6323060,76.11,59.4640916311345,9.794,NA
Lebanon,LB,LBN,2017,Middle East & North Africa,Lower middle income,8305.57405425721,78.192,6160128,78.1808,63.1400703776303,10.258,NA
Lebanon,LB,LBN,2006,Middle East & North Africa,Lower middle income,6696.37428200596,75.677,4751136,15,67.2385787963867,8.679,NA
Lebanon,LB,LBN,2019,Middle East & North Africa,Lower middle income,8064.04873416236,78.208,5794594,81.4812,65.2767643910733,11.301,NA
Lebanon,LB,LBN,2018,Middle East & North Africa,Lower middle income,8388.7235123835,78.263,5984119,80.9,64.2435656996928,10.755,NA
Lesotho,LS,LSO,2014,Sub-Saharan Africa,Lower middle income,1100.04993684215,50.786,2080089,22,58.2575629391492,16.066,NA
Lesotho,LS,LSO,2013,Sub-Saharan Africa,Lower middle income,1093.95323489272,49.547,2056504,15,57.7590713500977,15.926,NA
Lesotho,LS,LSO,2012,Sub-Saharan Africa,Lower middle income,1086.39034816283,48.235,2034354,10,59.0772018432617,15.761,NA
Lesotho,LS,LSO,2010,Sub-Saharan Africa,Lower middle income,995.233432451681,46.045,1996251,3.86,54.2426986694336,16.068,NA
Lesotho,LS,LSO,2016,Sub-Saharan Africa,Lower middle income,1147.58748801671,52.908,2130422,32.4539,56.8386993408203,16.138,NA
Lesotho,LS,LSO,2017,Sub-Saharan Africa,Lower middle income,1097.82166812752,53.874,2157110,39,59.3586515505342,16.379,44.9
Lesotho,LS,LSO,2018,Sub-Saharan Africa,Lower middle income,1068.44462913373,54.638,2183603,40.8,NA,16.614,NA
Lesotho,LS,LSO,2015,Sub-Saharan Africa,Lower middle income,1121.19851342518,51.83,2104611,25,59.3985096286536,16.223,NA
Lesotho,LS,LSO,2020,Sub-Saharan Africa,Lower middle income,944.834128375429,55.133,2235727,43.6575,NA,18.385,NA
Lesotho,LS,LSO,2011,Sub-Saharan Africa,Lower middle income,1031.99721564343,46.93,2014009,7,56.9506416320801,16.115,NA
Lesotho,LS,LSO,2021,Sub-Saharan Africa,Lower middle income,955.221236301503,54.209,2261542,45.0567,NA,18.214,NA
Lesotho,LS,LSO,2009,Sub-Saharan Africa,Lower middle income,952.747929746529,45.055,1980883,3.72,49.1937294006348,16.115,NA
Lesotho,LS,LSO,2003,Sub-Saharan Africa,Lower middle income,798.540500554454,44.921,1985059,1.5325,32.0320014953613,16.056,NA
Lesotho,LS,LSO,2004,Sub-Saharan Africa,Lower middle income,817.793597897186,44.039,1971129,2.17552,34.4488716125488,16.154,NA
Lesotho,LS,LSO,2000,Sub-Saharan Africa,Lower middle income,725.263668707773,48.783,2003913,0.211806,28.7576808929443,16.169,NA
Lesotho,LS,LSO,2001,Sub-Saharan Africa,Lower middle income,752.243212493971,47.153,2000853,0.26115,30.2747707366943,16.081,NA
Lesotho,LS,LSO,2008,Sub-Saharan Africa,Lower middle income,971.881366821351,44.304,1966541,3.58,44.7508811950684,15.851,NA
Lesotho,LS,LSO,2019,Sub-Saharan Africa,Lower middle income,1040.99351014117,55.249,2209405,42.3017,NA,16.876,NA
Lesotho,LS,LSO,2022,Sub-Saharan Africa,Lower middle income,967.51928598325,56.812,2286110,46.5007,NA,16.623,NA
Lesotho,LS,LSO,2005,Sub-Saharan Africa,Lower middle income,853.960500629797,43.611,1953076,2.58025,36.768440246582,16.031,NA
Lesotho,LS,LSO,2006,Sub-Saharan Africa,Lower middle income,893.750686627156,43.182,1945063,2.97971,38.4086112976074,16.054,NA
Lesotho,LS,LSO,2002,Sub-Saharan Africa,Lower middle income,760.033443180306,45.95,1994679,1.08394,31.2329406738281,16.079,51.2
Lesotho,LS,LSO,2007,Sub-Saharan Africa,Lower middle income,927.26863327342,43.66,1953268,3.44543,41.5562515258789,15.942,NA
Liberia,LR,LBR,2002,Sub-Saharan Africa,Low income,762.716393927064,54.061,3094782,0.0327133,NA,2.222,NA
Liberia,LR,LBR,2011,Sub-Saharan Africa,Low income,646.908727016597,59.486,4221178,2.5,43.64794921875,2.211,NA
Liberia,LR,LBR,2012,Sub-Saharan Africa,Low income,674.360011422232,59.785,4373043,2.6,NA,2.146,NA
Liberia,LR,LBR,2013,Sub-Saharan Africa,Low income,717.007280358975,59.992,4470239,3.2,NA,2.08,NA
Liberia,LR,LBR,2001,Sub-Saharan Africa,Low income,754.422355762017,53.109,3015338,0.0338122,NA,2.104,NA
Liberia,LR,LBR,2005,Sub-Saharan Africa,Low income,539.665378841936,56.765,3301015,NA,NA,2.413,NA
Liberia,LR,LBR,2003,Sub-Saharan Africa,Low income,528.567395543421,53.045,3119532,0.0318689,NA,2.42,NA
Liberia,LR,LBR,2019,Sub-Saharan Africa,Low income,636.699384824869,61.232,5043721,18.3141,NA,3.071,NA
Liberia,LR,LBR,2004,Sub-Saharan Africa,Low income,535.995882066218,55.949,3156892,0.0310112,NA,2.424,NA
Liberia,LR,LBR,2000,Sub-Saharan Africa,Low income,754.850917360951,51.852,2928117,0.0177027,34.139778137207,2.018,NA
Liberia,LR,LBR,2014,Sub-Saharan Africa,Low income,707.157694930142,59.21,4564293,5.41,36.7695617675781,2.079,33.2
Liberia,LR,LBR,2009,Sub-Saharan Africa,Low income,603.256211077605,59.106,3943028,2,NA,2.241,NA
Liberia,LR,LBR,2016,Sub-Saharan Africa,Low income,668.031513175601,60.483,4755608,15.7,NA,3.081,35.3
Liberia,LR,LBR,2006,Sub-Saharan Africa,Low income,551.377446611852,57.495,3490787,NA,NA,2.28,NA
Liberia,LR,LBR,2007,Sub-Saharan Africa,Low income,574.609394348543,58.147,3669050,0.551377,NA,2.232,36.4
Liberia,LR,LBR,2015,Sub-Saharan Africa,Low income,692.590082351257,59.248,4659431,10,36.3728485107422,2.557,NA
Liberia,LR,LBR,2022,Sub-Saharan Africa,Low income,638.005183858289,61.934,5373294,21.8966,NA,2.956,NA
Liberia,LR,LBR,2010,Sub-Saharan Africa,Low income,621.783295071575,59.358,4058890,2.3,NA,2.266,NA
Liberia,LR,LBR,2008,Sub-Saharan Africa,Low income,591.185378141907,58.675,3821003,0.53,NA,2.221,NA
Liberia,LR,LBR,2018,Sub-Saharan Africa,Low income,665.875439637137,60.999,4944726,17.2777,NA,3.058,NA
Liberia,LR,LBR,2020,Sub-Saharan Africa,Low income,605.025475431411,61.267,5149463,19.4126,37.7416801452637,4.102,NA
Liberia,LR,LBR,2021,Sub-Saharan Africa,Low income,621.927983063426,61.166,5259323,20.5771,NA,3.844,NA
Liberia,LR,LBR,2017,Sub-Saharan Africa,Low income,671.260899835355,60.777,4848925,16.3,NA,3.067,NA
Libya,LY,LBY,2007,Middle East & North Africa,Upper middle income,13712.9602583972,71.788,6104380,4.722,NA,18.771,NA
Libya,LY,LBY,2010,Middle East & North Africa,Upper middle income,12913.9334939386,72.196,6497839,14,NA,19.321,NA
Libya,LY,LBY,2003,Middle East & North Africa,Upper middle income,11267.0627623548,70.996,5619398,2.81452,106.755638122559,19.074,NA
Libya,LY,LBY,2018,Middle East & North Africa,Upper middle income,10020.9165751361,73.151,6849055,NA,NA,18.865,NA
Libya,LY,LBY,2008,Middle East & North Africa,Upper middle income,13403.0004645911,71.936,6235430,9,NA,19.041,NA
Libya,LY,LBY,2009,Middle East & North Africa,Upper middle income,12549.0854345521,72.071,6366686,10.8,NA,19.29,NA
Libya,LY,LBY,2013,Middle East & North Africa,Upper middle income,10126.314927806,72.339,6304628,16.5,NA,19.311,NA
Libya,LY,LBY,2021,Middle East & North Africa,Upper middle income,7731.35448152581,72.062,7135175,88.5598,NA,19.779,NA
Libya,LY,LBY,2022,Middle East & North Africa,Upper middle income,7002.68189296358,74.462,7223805,88.6412,NA,19.238,NA
Libya,LY,LBY,2002,Middle East & North Africa,Upper middle income,10170.3095776338,70.788,5508410,2.24442,110.586441040039,19.281,NA
Libya,LY,LBY,2001,Middle East & North Africa,Upper middle income,10467.8776146012,70.653,5403639,0.366533,NA,19.239,NA
Libya,LY,LBY,2016,Middle East & North Africa,Upper middle income,7236.16409923502,71.799,6632126,NA,NA,19.559,NA
Libya,LY,LBY,2005,Middle East & North Africa,Upper middle income,12628.896152656,71.439,5858798,3.91779,93.6851577758789,18.66,NA
Libya,LY,LBY,2006,Middle East & North Africa,Upper middle income,13176.7758911904,71.632,5980211,4.30105,97.6095123291016,18.805,NA
Libya,LY,LBY,2020,Middle East & North Africa,Upper middle income,6102.79864032512,72.388,7045399,87.5754,NA,19.651,NA
Libya,LY,LBY,2000,Middle East & North Africa,Upper middle income,10853.8059516526,70.542,5305021,0.187043,NA,19.275,NA
Libya,LY,LBY,2011,Middle East & North Africa,Upper middle income,6569.59477578957,69.95,6343203,14,NA,19.504,NA
Libya,LY,LBY,2012,Middle East & North Africa,Upper middle income,12599.258882136,72.188,6179328,15.2,NA,19.03,NA
Libya,LY,LBY,2015,Middle East & North Africa,Upper middle income,7458.48917756374,71.644,6531819,NA,NA,19.69,NA
Libya,LY,LBY,2004,Middle East & North Africa,Upper middle income,11529.1086646221,71.21,5736693,3.53284,NA,18.938,NA
Libya,LY,LBY,2019,Middle East & North Africa,Upper middle income,8768.4104874586,72.941,6951033,NA,NA,19.087,NA
Libya,LY,LBY,2014,Middle East & North Africa,Upper middle income,7644.24843947404,71.3,6427252,17.76,NA,19.295,NA
Libya,LY,LBY,2017,Middle East & North Africa,Upper middle income,9435.60060040046,72.721,6738770,NA,NA,19.053,NA
Liechtenstein,LI,LIE,2010,Europe & Central Asia,High income,NA,81.8414634146342,36022,80,108.879280090332,NA,NA
Liechtenstein,LI,LIE,2002,Europe & Central Asia,High income,NA,79.6365853658537,33694,59.4707,NA,NA,NA
Liechtenstein,LI,LIE,2022,Europe & Central Asia,High income,NA,84.1219512195122,39493,96.4528,NA,NA,NA
Liechtenstein,LI,LIE,2009,Europe & Central Asia,High income,NA,81.5,35742,75,105.755638122559,NA,NA
Liechtenstein,LI,LIE,2008,Europe & Central Asia,High income,NA,82.6829268292683,35473,70,107.566116333008,NA,NA
Liechtenstein,LI,LIE,2012,Europe & Central Asia,High income,NA,82.3829268292683,36657,89.4077,110.373863220215,NA,NA
Liechtenstein,LI,LIE,2000,Europe & Central Asia,High income,NA,76.8268292682927,32645,36.5152,NA,NA,NA
Liechtenstein,LI,LIE,2001,Europe & Central Asia,High income,NA,79.2756097560976,33194,45.1169,NA,NA,NA
Liechtenstein,LI,LIE,2011,Europe & Central Asia,High income,NA,81.7926829268293,36312,85,111.456573486328,NA,NA
Liechtenstein,LI,LIE,2005,Europe & Central Asia,High income,NA,80.6682926829268,34753,63.3714,107.089302062988,NA,NA
Liechtenstein,LI,LIE,2013,Europe & Central Asia,High income,NA,82.2609756097561,36984,93.8,NA,NA,NA
Liechtenstein,LI,LIE,2007,Europe & Central Asia,High income,NA,81.2951219512195,35262,65.0802,106.128601074219,NA,NA
Liechtenstein,LI,LIE,2004,Europe & Central Asia,High income,NA,81.7707317073171,34447,64.0074,110.761421203613,NA,NA
Liechtenstein,LI,LIE,2016,Europe & Central Asia,High income,NA,82.2585365853659,37716,98.0939,116.028373718262,NA,NA
Liechtenstein,LI,LIE,2006,Europe & Central Asia,High income,NA,80.9487804878049,35037,64.2142,107.011070251465,NA,NA
Liechtenstein,LI,LIE,2021,Europe & Central Asia,High income,NA,84.4024390243902,39182,95.5694,118.726867675781,NA,NA
Liechtenstein,LI,LIE,2003,Europe & Central Asia,High income,NA,79.9609756097561,34079,58.8097,111.74047088623,NA,NA
Liechtenstein,LI,LIE,2014,Europe & Central Asia,High income,NA,82.0731707317073,37248,95.21,115.557830810547,NA,NA
Liechtenstein,LI,LIE,2017,Europe & Central Asia,High income,NA,83.7463414634147,37962,99.5466,117.094329833984,NA,NA
Liechtenstein,LI,LIE,2020,Europe & Central Asia,High income,NA,81.6585365853659,38901,94.3499,120.228446960449,NA,NA
Liechtenstein,LI,LIE,2019,Europe & Central Asia,High income,NA,84.1609756097561,38563,93.1461,119.209663391113,NA,NA
Liechtenstein,LI,LIE,2015,Europe & Central Asia,High income,167187.15730982,82.6560975609756,37494,96.6412,116.123443603516,NA,NA
Liechtenstein,LI,LIE,2018,Europe & Central Asia,High income,NA,83.0414634146342,38246,NA,112.010162353516,NA,NA
Lithuania,LT,LTU,2005,Europe & Central Asia,High income,9692.86853763267,71.2536585365854,3322528,36.22,104.49723815918,8.325,35.3
Lithuania,LT,LTU,2006,Europe & Central Asia,High income,10577.2145522871,71.0560975609756,3269909,43.9,107.004852294922,5.78,34.4
Lithuania,LT,LTU,2017,Europe & Central Asia,High income,15695.9993288456,75.4804878048781,2842639,77.6153,102.791778564453,7.073,37.3
Lithuania,LT,LTU,2018,Europe & Central Asia,High income,16604.9021440809,75.6804878048781,2819200,79.7226,103.014022827148,6.147,35.7
Lithuania,LT,LTU,2009,Europe & Central Asia,High income,10612.9204044582,72.9146341463415,3162916,59.76,104.755882263184,13.785,37.2
Lithuania,LT,LTU,2004,Europe & Central Asia,High income,8851.92598922347,71.9609756097561,3377075,31.23,103.009536743164,10.684,37
Lithuania,LT,LTU,2002,Europe & Central Asia,High income,7374.0979710116,71.7609756097561,3443067,17.69,102.291709899902,13.008,31.9
Lithuania,LT,LTU,2003,Europe & Central Asia,High income,8218.69336289848,72.0609756097561,3415213,25.91,105.020172119141,12.874,35.5
Lithuania,LT,LTU,2016,Europe & Central Asia,High income,14823.107153522,74.6707317073171,2877325,74.3766,101.81990814209,7.862,38.4
Lithuania,LT,LTU,2001,Europe & Central Asia,High income,6854.5251282667105,71.6585365853659,3470818,7.17936,99.6236419677734,16.84,32
Lithuania,LT,LTU,2007,Europe & Central Asia,High income,11889.3545234657,70.9,3231294,49.9,106.929290771484,4.25,34.8
Lithuania,LT,LTU,2008,Europe & Central Asia,High income,12324.5197331387,71.8121951219512,3198231,55.22,106.108779907227,5.826,35.7
Lithuania,LT,LTU,2020,Europe & Central Asia,High income,17443.65526328,75.0292682926829,2810369,83.0555,105.987487792969,8.487,36
Lithuania,LT,LTU,2021,Europe & Central Asia,High income,18569.7057246217,74.0365853658537,2808380,86.9305,108.505813598633,7.112,36.7
Lithuania,LT,LTU,2014,Europe & Central Asia,High income,13753.1895982305,74.5170731707317,2937253,72.1335,102.44751739502,10.698,37.7
Lithuania,LT,LTU,2015,Europe & Central Asia,High income,14269.8039878287,74.3219512195122,2911109,71.3781,102.153343200684,9.12,37.4
Lithuania,LT,LTU,2011,Europe & Central Asia,High income,11836.7200384033,73.5634146341464,3028115,63.64,106.008163452148,15.39,32.5
Lithuania,LT,LTU,2022,Europe & Central Asia,High income,18884.5152531698,75.6439024390244,2831639,87.7242,106.918357849121,5.955,36.6
Lithuania,LT,LTU,2000,Europe & Central Asia,High income,6384.30865426374,72.0195121951219,3499536,6.42707,96.9156875610352,15.931,31.7
Lithuania,LT,LTU,2019,Europe & Central Asia,High income,17431.7239081591,76.2829268292683,2811089,81.5819,103.88060760498,6.255,35.3
Lithuania,LT,LTU,2010,Europe & Central Asia,High income,10884.1161852582,73.2682926829268,3097282,62.12,105.068267822266,17.814,33.6
Lithuania,LT,LTU,2013,Europe & Central Asia,High income,13145.8069309969,73.9146341463415,2961250,68.4529,108.994407653809,11.77,35.3
Lithuania,LT,LTU,2012,Europe & Central Asia,High income,12516.6184065667,73.8634146341464,2989139,67.23,106.17350769043,13.365,35.1
Luxembourg,LU,LUX,2005,Europe & Central Asia,High income,101222.044353044,79.4317073170732,465158,70,93.7901229858398,4.488,30.8
Luxembourg,LU,LUX,2004,Europe & Central Asia,High income,100292.566948333,79.1219512195122,458095,65.88,94.1919326782227,5.113,30.2
Luxembourg,LU,LUX,2002,Europe & Central Asia,High income,96269.5797484275,77.9658536585366,446175,39.84,95.4434585571289,2.621,31.1
Luxembourg,LU,LUX,2000,Europe & Central Asia,High income,92527.7108705226,77.8731707317073,436300,22.8873,98.0273284912109,2.345,30.1
Luxembourg,LU,LUX,2013,Europe & Central Asia,High income,105338.955521681,81.8,543360,93.7765,103.469413757324,6.045,32
Luxembourg,LU,LUX,2006,Europe & Central Asia,High income,105614.178851764,79.2878048780488,472637,72.51,94.220832824707,4.731,30.9
Luxembourg,LU,LUX,2001,Europe & Central Asia,High income,94243.7068360989,77.8243902439025,441525,36.1634,95.656379699707,1.805,30.9
Luxembourg,LU,LUX,2003,Europe & Central Asia,High income,97597.9973184565,77.7268292682927,451630,54.55,94.9043197631836,3.675,30.2
Luxembourg,LU,LUX,2016,Europe & Central Asia,High income,108351.451826983,82.6853658536585,582014,98.1367,106.08519744873,6.669,31.7
Luxembourg,LU,LUX,2018,Europe & Central Asia,High income,106788.728745199,82.2951219512195,607950,97.0613,106.983123779297,5.589,35.4
Luxembourg,LU,LUX,2017,Europe & Central Asia,High income,107142.126672598,82.0951219512195,596336,97.363,106.78434753418,5.523,34.5
Luxembourg,LU,LUX,2014,Europe & Central Asia,High income,105583.937273429,82.2292682926829,556319,94.6702,104.596977233887,6.044,31.2
Luxembourg,LU,LUX,2012,Europe & Central Asia,High income,104487.744312565,81.3926829268293,530946,91.9499,100.609519958496,5.03,34.3
Luxembourg,LU,LUX,2011,Europe & Central Asia,High income,105290.249021891,80.9878048780488,518347,90.0299,100.420967102051,5.122,32.1
Luxembourg,LU,LUX,2009,Europe & Central Asia,High income,104574.349049084,80.6365853658537,497783,87.31,NA,5.194,31.2
Luxembourg,LU,LUX,2007,Europe & Central Asia,High income,112417.876989455,79.3829268292683,479993,78.92,94.9079666137695,4.065,31.1
Luxembourg,LU,LUX,2015,Europe & Central Asia,High income,105462.012584423,82.2926829268293,569604,96.3767,104.379188537598,6.796,32.9
Luxembourg,LU,LUX,2022,Europe & Central Asia,High income,107467.187082637,82.9463414634147,653103,98.242,107.83975982666,4.588,34.1
Luxembourg,LU,LUX,2008,Europe & Central Asia,High income,110094.791529429,80.5390243902439,488650,82.23,95.75830078125,5.06,32.6
Luxembourg,LU,LUX,2021,Europe & Central Asia,High income,110873.185245175,82.5975609756098,640064,98.6609,106.482757568359,5.571,32.7
Luxembourg,LU,LUX,2010,Europe & Central Asia,High income,106544.057363484,80.6317073170732,506953,90.62,100.080001831055,4.423,30.5
Luxembourg,LU,LUX,2019,Europe & Central Asia,High income,107591.965850496,82.6390243902439,620001,97.1206,106.946510314941,5.592,34.2
Luxembourg,LU,LUX,2020,Europe & Central Asia,High income,105274.2471768,82.1439024390244,630419,98.4596,107.078948974609,6.766,33.4
"Macao SAR, China",MO,MAC,2020,East Asia & Pacific,High income,33853.7761550109,84.1292682926829,685400,87.4623,88.5771812080537,2.542,NA
"Macao SAR, China",MO,MAC,2006,East Asia & Pacific,High income,53240.2045750276,81.7292682926829,498900,46.4,92.9831237792969,3.822,NA
"Macao SAR, China",MO,MAC,2011,East Asia & Pacific,High income,88168.9713699088,82.4707317073171,549600,60.2037,94.9301234316026,2.56,NA
"Macao SAR, China",MO,MAC,2018,East Asia & Pacific,High income,79178.6506290559,83.6780487804878,658900,83.7941,92.7108013937282,1.803,NA
"Macao SAR, China",MO,MAC,2007,East Asia & Pacific,High income,58376.1176047275,81.7292682926829,520900,47.327,94.0301895141602,3.269,NA
"Macao SAR, China",MO,MAC,2009,East Asia & Pacific,High income,59528.8350159491,82.1756097560976,535000,54,89.3067169189453,3.58,NA
"Macao SAR, China",MO,MAC,2005,East Asia & Pacific,High income,49470.940295748,81.3414634146341,473500,34.8629,92.0361480712891,4.158,NA
"Macao SAR, China",MO,MAC,2022,East Asia & Pacific,High income,34000.7134128308,83.0804878048781,677300,87.9696,90.2211838006231,2.446,NA
"Macao SAR, China",MO,MAC,2012,East Asia & Pacific,High income,93192.885853941,82.4707317073171,567900,61.31,97.4283454689247,1.97,NA
"Macao SAR, China",MO,MAC,2013,East Asia & Pacific,High income,99054.4980289716,82.7219512195122,591900,65.8,98.6075581395349,1.82,NA
"Macao SAR, China",MO,MAC,2010,East Asia & Pacific,High income,74195.0577762344,82.2731707317073,537000,55.198,91.1610379698531,2.84,NA
"Macao SAR, China",MO,MAC,2014,East Asia & Pacific,High income,92383.8434915276,83.0219512195122,621700,69.7809,101.75873015873,1.67,NA
"Macao SAR, China",MO,MAC,2019,East Asia & Pacific,High income,75724.6078280261,83.9292682926829,672000,86.4679,90.6689895470383,1.73,NA
"Macao SAR, China",MO,MAC,2004,East Asia & Pacific,High income,47665.9330386643,80.9926829268293,454700,31.4841,92.5055236816406,4.904,NA
"Macao SAR, China",MO,MAC,2008,East Asia & Pacific,High income,58146.3285846714,82.0268292682927,540700,49.24,89.8171920776367,2.999,NA
"Macao SAR, China",MO,MAC,2017,East Asia & Pacific,High income,75650.1261840452,83.5268292682927,648400,83.1741,97.4219858156028,1.981,NA
"Macao SAR, China",MO,MAC,2003,East Asia & Pacific,High income,38581.6976189322,81.0439024390244,443600,25.7421,88.1465911865234,5.995,NA
"Macao SAR, China",MO,MAC,2015,East Asia & Pacific,High income,69902.9605741233,83.2243902439024,642900,77.6001,100.96644295302,1.81,NA
"Macao SAR, China",MO,MAC,2016,East Asia & Pacific,High income,68391.3415491921,83.2756097560976,652500,81.643,99.4636678200692,1.939,NA
"Macao SAR, China",MO,MAC,2021,East Asia & Pacific,High income,41634.2386139903,83.7292682926829,682500,88.4681,88.5480769230769,2.221,NA
"Macao SAR, China",MO,MAC,2000,East Asia & Pacific,High income,31772.6302531656,80.1829268292683,430600,13.6086,NA,6.874,NA
"Macao SAR, China",MO,MAC,2001,East Asia & Pacific,High income,32441.6760183581,80.5878048780488,433900,22.5212,82.3632736206055,6.371,NA
"Macao SAR, China",MO,MAC,2002,East Asia & Pacific,High income,34967.8914561813,80.9463414634146,438400,25.1719,85.1063385009766,6.278,NA
Madagascar,MG,MDG,2001,Sub-Saharan Africa,Low income,478.40561494987,58.674,17032939,0.222512,NA,5.35,47.4
Madagascar,MG,MDG,2000,Sub-Saharan Africa,Low income,465.529509827021,57.974,16516338,0.196395,NA,5.8,NA
Madagascar,MG,MDG,2021,Sub-Saharan Africa,Low income,431.599103077746,62.516,29691083,13.7459,34.1320359801924,3.498,36.8
Madagascar,MG,MDG,2002,Sub-Saharan Africa,Low income,406.70122213637,59.17,17549913,0.33972,NA,5.515,NA
Madagascar,MG,MDG,2012,Sub-Saharan Africa,Low income,442.641500123543,63.007,23462438,2.3,35.3920151133501,0.599,42.6
Madagascar,MG,MDG,2003,Sub-Saharan Africa,Low income,433.601040301214,59.693,18071854,0.423252,NA,5.01,NA
Madagascar,MG,MDG,2011,Sub-Saharan Africa,Low income,441.755158414121,62.86,22822300,1.9,34.1198081970215,2.516,NA
Madagascar,MG,MDG,2009,Sub-Saharan Africa,Low income,457.789754866068,62.304,21547280,1.63,28.5682106018066,3.885,NA
Madagascar,MG,MDG,2005,Sub-Saharan Africa,Low income,450.955230911228,60.664,19159707,0.567722,20.3285102844238,2.62,39.9
Madagascar,MG,MDG,2022,Sub-Saharan Africa,Low income,438.516263353189,63.068,30437261,18.5532,NA,3.186,NA
Madagascar,MG,MDG,2010,Sub-Saharan Africa,Low income,447.417143030687,62.597,22183340,1.7,NA,4.28,42.4
Madagascar,MG,MDG,2007,Sub-Saharan Africa,Low income,473.785462328449,61.533,20318583,0.65,25.2112007141113,3.202,NA
Madagascar,MG,MDG,2020,Sub-Saharan Africa,Low income,422.924255422319,62.706,28953556,11.3547,NA,3.292,NA
Madagascar,MG,MDG,2015,Sub-Saharan Africa,Low income,445.320069480568,63.362,25426702,4.17397,36.1207695007324,1.785,NA
Madagascar,MG,MDG,2006,Sub-Saharan Africa,Low income,461.540337897729,61.14,19730909,0.607552,22.8831806182861,2.945,NA
Madagascar,MG,MDG,2016,Sub-Saharan Africa,Low income,451.15659433146,63.431,26099952,4.71366,36.0765113830566,1.949,NA
Madagascar,MG,MDG,2004,Sub-Saharan Africa,Low income,443.278654985967,60.168,18606608,0.525354,NA,3.951,NA
Madagascar,MG,MDG,2019,Sub-Saharan Africa,Low income,467.27741349648,63.504,28219554,9.37944,32.8161749019587,2.479,NA
Madagascar,MG,MDG,2014,Sub-Saharan Africa,Low income,443.343869908205,63.261,24764348,3.7,35.8148702330413,1.385,NA
Madagascar,MG,MDG,2008,Sub-Saharan Africa,Low income,490.963935389518,61.992,20923840,1.65,27.4633598327637,3.431,NA
Madagascar,MG,MDG,2013,Sub-Saharan Africa,Low income,440.67465890362803,63.161,24109290,3,NA,0.995,NA
Madagascar,MG,MDG,2017,Sub-Saharan Africa,Low income,456.851859574031,63.433,26788375,6.4,34.7709486382629,2.123,NA
Madagascar,MG,MDG,2018,Sub-Saharan Africa,Low income,459.330367799543,63.491,27494926,7.7478,34.6266095687665,2.303,NA
Malawi,MW,MWI,2003,Sub-Saharan Africa,Low income,397.224846758815,49.601,12181574,0.278815,NA,5.165,NA
Malawi,MW,MWI,2000,Sub-Saharan Africa,Low income,418.592985038462,46.17,11315942,0.126781,31.0989303588867,5.045,NA
Malawi,MW,MWI,2002,Sub-Saharan Africa,Low income,385.308980237095,48.176,11880440,0.215095,31.3253707885742,5.248,NA
Malawi,MW,MWI,2005,Sub-Saharan Africa,Low income,410.267979592536,52.469,12840031,0.384489,28.7130393981934,4.935,NA
Malawi,MW,MWI,2006,Sub-Saharan Africa,Low income,417.877689776503,53.652,13198701,0.425137,30.5642108917236,4.954,NA
Malawi,MW,MWI,2016,Sub-Saharan Africa,Low income,538.221990810959,63.163,17557739,6.3,38.1843681335449,5.011,44.7
Malawi,MW,MWI,2001,Sub-Saharan Africa,Low income,388.260039763569,47.205,11593058,0.164021,32.2248115539551,5.221,NA
Malawi,MW,MWI,2011,Sub-Saharan Africa,Low income,517.833736624232,58.859,15265022,3.33,34.7371599213107,4.829,NA
Malawi,MW,MWI,2013,Sub-Saharan Africa,Low income,525.357645516557,60.816,16161816,5.05,37.847295845447,4.978,NA
Malawi,MW,MWI,2014,Sub-Saharan Africa,Low income,539.562601918057,61.651,16621538,5.83,39.5435659506335,4.967,NA
Malawi,MW,MWI,2004,Sub-Saharan Africa,Low income,408.064916052765,51.073,12500737,0.347505,28.9145393371582,4.964,39.9
Malawi,MW,MWI,2012,Sub-Saharan Africa,Low income,512.74031797451,59.87,15709577,4.3506,34.8210140987042,4.949,NA
Malawi,MW,MWI,2017,Sub-Saharan Africa,Low income,544.795729220349,63.914,18039715,7,39.6154222954854,5.046,NA
Malawi,MW,MWI,2018,Sub-Saharan Africa,Low income,553.528790902088,64.464,18528081,8.79829,38.8324397802949,5.021,NA
Malawi,MW,MWI,2015,Sub-Saharan Africa,Low income,539.605363240686,62.324,17085587,6,39.7291461793841,4.953,NA
Malawi,MW,MWI,2007,Sub-Saharan Africa,Low income,445.254305419586,54.687,13576343,0.965865,30.2626094818115,4.876,NA
Malawi,MW,MWI,2022,Sub-Saharan Africa,Low income,560.635759714941,66.037,20568728,17.0457,35.5084899925617,5.02,NA
Malawi,MW,MWI,2021,Sub-Saharan Africa,Low income,569.968967322435,64.782,20047258,17.4703,35.8885917563293,5.652,NA
Malawi,MW,MWI,2019,Sub-Saharan Africa,Low income,569.866249371948,64.995,19025752,11.0586,35.5212672502146,4.964,38.5
Malawi,MW,MWI,2009,Sub-Saharan Africa,Low income,489.631418790158,56.714,14395788,1.07,33.3515281677246,4.732,NA
Malawi,MW,MWI,2008,Sub-Saharan Africa,Low income,465.55147298007,55.715,13976417,0.7,32.6917381286621,4.796,NA
Malawi,MW,MWI,2010,Sub-Saharan Africa,Low income,508.088650552846,57.787,14826463,2.26,33.6619814891638,4.78,45.5
Malawi,MW,MWI,2020,Sub-Saharan Africa,Low income,559.447086086067,65.216,19533888,13.8995,41.4565075090498,5.72,NA
Malaysia,MY,MYS,2015,East Asia & Pacific,Upper middle income,9648.6797937523,75.288,31232798,71.0641,81.5115814208984,3.1,41.1
Malaysia,MY,MYS,2019,East Asia & Pacific,Upper middle income,10902.9834855856,75.9,33440596,84.1871,75.3229827880859,3.33,NA
Malaysia,MY,MYS,2021,East Asia & Pacific,Upper middle income,10388.2667120857,73.917,34282399,96.7514,74.9618181140898,4.64,40.7
Malaysia,MY,MYS,2022,East Asia & Pacific,Upper middle income,11191.6511756943,75.444,34695493,97.3986,78.8341986282999,3.93,NA
Malaysia,MY,MYS,2004,East Asia & Pacific,Upper middle income,7025.34558004381,74.027,25256772,42.2523,80.5677719116211,3.54,NA
Malaysia,MY,MYS,2020,East Asia & Pacific,Upper middle income,10171.4657842762,76.057,33889558,89.555,73.2459411621094,4.54,NA
Malaysia,MY,MYS,2008,East Asia & Pacific,Upper middle income,7976.11785374773,75.151,27570059,55.8,74.8359527587891,3.34,45.5
Malaysia,MY,MYS,2000,East Asia & Pacific,Upper middle income,6455.61419792583,72.732,22967816,21.3847,76.4828262329102,3,NA
Malaysia,MY,MYS,2016,East Asia & Pacific,Upper middle income,9901.47960179812,75.371,31789685,78.7883,79.8283920288086,3.44,NA
Malaysia,MY,MYS,2018,East Asia & Pacific,Upper middle income,10610.1950240479,75.734,32910967,81.201,74.4872817993164,3.3,41.2
Malaysia,MY,MYS,2014,East Asia & Pacific,Upper middle income,9341.73055971278,75.345,30696137,63.6654,83.2836303710938,2.88,NA
Malaysia,MY,MYS,2003,East Asia & Pacific,Upper middle income,6732.92049458099,73.727,24679602,34.9712,80.088996887207,3.61,46.4
Malaysia,MY,MYS,2009,East Asia & Pacific,Upper middle income,7700.46111294033,75.269,28124778,55.9,75.0242767333984,3.62,NA
Malaysia,MY,MYS,2017,East Asia & Pacific,Upper middle income,10293.762920536201,75.542,32355644,80.1405,78.8863677978516,3.41,NA
Malaysia,MY,MYS,2002,East Asia & Pacific,Upper middle income,6516.90671560155,73.469,24102477,32.3382,75.0011596679688,3.48,NA
Malaysia,MY,MYS,2006,East Asia & Pacific,Upper middle income,7469.8106921211,74.697,26417909,51.638,75.8026123046875,3.32,44.8
Malaysia,MY,MYS,2012,East Asia & Pacific,Upper middle income,8710.52671359902,75.552,29662831,65.8,81.2371978759766,3.04,NA
Malaysia,MY,MYS,2007,East Asia & Pacific,Upper middle income,7769.59693350488,74.961,26998389,55.7,74.2519378662109,3.31,NA
Malaysia,MY,MYS,2005,East Asia & Pacific,Upper middle income,7234.02442689141,74.37,25836071,48.6292,76.2537536621094,3.53,NA
Malaysia,MY,MYS,2013,East Asia & Pacific,Upper middle income,8964.80724896203,75.464,30174265,57.0575,80.938362121582,3.14,41.3
Malaysia,MY,MYS,2001,East Asia & Pacific,Upper middle income,6334.92795651698,73.08,23526538,26.696,75.6187362670898,3.53,NA
Malaysia,MY,MYS,2011,East Asia & Pacific,Upper middle income,8400.32248683558,75.488,29162039,61,77.5925369262695,3.05,43.9
Malaysia,MY,MYS,2010,East Asia & Pacific,Upper middle income,8118.92270511981,75.376,28655776,56.3,77.2140274047852,3.32,NA
Maldives,MV,MDV,2000,South Asia,Upper middle income,7037.08546104613,70.892,282019,2.20387,51.4409103393555,1.97,NA
Maldives,MV,MDV,2001,South Asia,Upper middle income,6647.6503820039,71.659,286767,3.61729,61.0277481079102,3.038,NA
Maldives,MV,MDV,2007,South Asia,Upper middle income,8933.17166363858,75.711,324479,16.3,NA,9.421,NA
Maldives,MV,MDV,2016,South Asia,Upper middle income,9909.07669723415,78.913,443308,59.5,70.014084045724,5.771,31.3
Maldives,MV,MDV,2010,South Asia,Upper middle income,8569.52494600725,76.756,360792,26.53,70.0468136514648,10.875,NA
Maldives,MV,MDV,2009,South Asia,Upper middle income,8313.4098369723,76.371,348275,24.8,NA,11.697,38.4
Maldives,MV,MDV,2019,South Asia,Upper middle income,11194.9253748064,79.707,487731,77.4697,72.6946792602539,4.562,29.3
Maldives,MV,MDV,2020,South Asia,Upper middle income,7295.60220956454,78.713,502118,79.0978,69.8982015609094,5.42,NA
Maldives,MV,MDV,2002,South Asia,Upper middle income,7012.25568873173,72.36,291616,5.34777,61.3511009216309,4.094,41.3
Maldives,MV,MDV,2003,South Asia,Upper middle income,7845.29307409315,73.263,296491,5.97659,67.9700698852539,5.126,NA
Maldives,MV,MDV,2015,South Asia,Upper middle income,9644.90655028145,78.607,428154,54.462,73.441380211737,6.611,NA
Maldives,MV,MDV,2004,South Asia,Upper middle income,8174.41607301248,73.008,301413,6.58825,67.8094329833984,6.151,NA
Maldives,MV,MDV,2012,South Asia,Upper middle income,8907.66134868182,77.512,386818,38.9301,71.9760042609256,9.134,NA
Maldives,MV,MDV,2008,South Asia,Upper middle income,9396.49733610486,75.999,336170,23.2,NA,10.361,NA
Maldives,MV,MDV,2018,South Asia,Upper middle income,10793.8941325367,79.433,473099,70.9,77.0284881591797,4.962,NA
Maldives,MV,MDV,2021,South Asia,Upper middle income,9759.2219360708,78.052,516154,81.9576,NA,5.016,NA
Maldives,MV,MDV,2022,South Asia,Upper middle income,10939.9963271738,80.76,524106,83.9119,73.5234576648616,4.303,NA
Maldives,MV,MDV,2005,South Asia,Upper middle income,7141.88377049891,74.785,306429,6.86961,NA,7.313,NA
Maldives,MV,MDV,2011,South Asia,Upper middle income,9005.81391375104,77.141,373674,34,72.8434927609116,10.043,NA
Maldives,MV,MDV,2014,South Asia,Upper middle income,9612.07861806739,78.187,413617,49.28,72.9110894145066,7.461,NA
Maldives,MV,MDV,2006,South Asia,Upper middle income,8620.72814678183,75.256,313851,11.0364,NA,8.345,NA
Maldives,MV,MDV,2017,South Asia,Upper middle income,10263.2991147672,79.228,458287,65,69.7419183184781,5.377,NA
Maldives,MV,MDV,2013,South Asia,Upper middle income,9213.32791442475,77.847,400070,44.1,68.3872693233485,8.295,NA
Mali,ML,MLI,2013,Sub-Saharan Africa,Low income,788.819448205749,57.052,17459615,3.5,39.2758121397099,1.517,NA
Mali,ML,MLI,2019,Sub-Saharan Africa,Low income,909.751069703313,59.217,21068405,24.9603,NA,3.29,NA
Mali,ML,MLI,2012,Sub-Saharan Africa,Low income,786.323471336853,56.696,16957033,2.8,NA,1.462,NA
Mali,ML,MLI,2018,Sub-Saharan Africa,Low income,892.978322791418,58.873,20442030,21.4,37.9832691019192,1.62,36
Mali,ML,MLI,2009,Sub-Saharan Africa,Low income,803.486738927624,55.588,15435539,1.8,34.0355415344238,1.406,33
Mali,ML,MLI,2017,Sub-Saharan Africa,Low income,878.561348377434,58.562,19813011,18.9,38.5485805738327,1.498,NA
Mali,ML,MLI,2008,Sub-Saharan Africa,Low income,787.156518987615,55.187,14940782,1.57,31.0381298065186,1.383,NA
Mali,ML,MLI,2022,Sub-Saharan Africa,Low income,877.817842432934,60.035,23072640,34.3797,NA,2.387,NA
Mali,ML,MLI,2011,Sub-Saharan Africa,Low income,818.399030995547,56.367,16469049,2.2,38.7492137225876,1.403,NA
Mali,ML,MLI,2007,Sub-Saharan Africa,Low income,784.893915016638,54.756,14457775,0.81,27.6904392242432,1.372,NA
Mali,ML,MLI,2005,Sub-Saharan Africa,Low income,794.373328211361,53.792,13538647,0.507063,23.2651901245117,1.367,NA
Mali,ML,MLI,2006,Sub-Saharan Africa,Low income,797.100532884951,54.305,13990139,0.729627,25.1828804016113,1.395,38.9
Mali,ML,MLI,2016,Sub-Saharan Africa,Low income,860.75307554569,58.286,19191289,14,40.0999948578594,1.367,NA
Mali,ML,MLI,2015,Sub-Saharan Africa,Low income,838.11986940103,57.852,18593022,10.33,38.9892238642006,1.404,NA
Mali,ML,MLI,2021,Sub-Saharan Africa,Low income,872.332509419855,59.116,22388630,33.9565,NA,4.006,35.7
Mali,ML,MLI,2001,Sub-Saharan Africa,Low income,766.960343246307,51.3,11912158,0.185897,NA,1.332,39.9
Mali,ML,MLI,2014,Sub-Saharan Africa,Low income,813.975661285204,57.482,18020267,7,41.2349114693214,1.476,NA
Mali,ML,MLI,2020,Sub-Saharan Africa,Low income,872.389426814294,58.858,21713836,29.113,NA,3.528,NA
Mali,ML,MLI,2004,Sub-Saharan Africa,Low income,800.501816706213,53.253,13102409,0.43282,21.5015201568604,1.413,NA
Mali,ML,MLI,2002,Sub-Saharan Africa,Low income,766.073669042446,51.995,12288050,0.227046,NA,1.36,NA
Mali,ML,MLI,2003,Sub-Saharan Africa,Low income,814.808466525191,52.632,12684955,0.310364,19.7679595947266,1.272,NA
Mali,ML,MLI,2000,Sub-Saharan Africa,Low income,682.49742045713,50.605,11559290,0.142546,15.6529197692871,1.412,NA
Mali,ML,MLI,2010,Sub-Saharan Africa,Low income,821.181286587872,55.993,15945198,2,36.7189206176726,1.375,NA
Malta,MT,MLT,2009,Middle East & North Africa,High income,19635.9157805971,80.2414634146342,412477,58.86,NA,6.896,30.2
Malta,MT,MLT,2008,Middle East & North Africa,High income,20064.4610845081,79.6365853658537,409379,50.08,101.423049926758,5.977,29
Malta,MT,MLT,2017,Middle East & North Africa,High income,28546.6597365912,82.3463414634146,467106,81.0119,103.138412475586,4.008,29.2
Malta,MT,MLT,2006,Middle East & North Africa,High income,18479.213008171,79.4390243902439,405308,40.41,97.5271606445312,6.798,28
Malta,MT,MLT,2003,Middle East & North Africa,High income,17775.4264786392,78.5463414634146,398582,31.64,93.1107406616211,7.488,NA
Malta,MT,MLT,2018,Middle East & North Africa,High income,29536.8052374716,82.2487804878049,483903,81.658,104.642509460449,3.956,28.7
Malta,MT,MLT,2007,Middle East & North Africa,High income,19342.3252929886,79.7926829268293,406724,46.9,100.52220916748,6.472,29.2
Malta,MT,MLT,2005,Middle East & North Africa,High income,18123.2685184554,79.3,403834,41.24,101.806327819824,6.923,NA
Malta,MT,MLT,2016,Middle East & North Africa,High income,25969.5120352027,82.4536585365854,454505,78.0751,94.9765701293945,4.694,29.1
Malta,MT,MLT,2004,Middle East & North Africa,High income,17728.3659761648,79.2536585365854,401268,34.62,104.41886138916,7.317,NA
Malta,MT,MLT,2011,Middle East & North Africa,High income,20867.9310851632,80.7463414634146,416268,68.0198,94.1126708984375,6.388,29.1
Malta,MT,MLT,2000,Middle East & North Africa,High income,17178.3773811056,78.3487804878049,390087,13.1137,91.4956817626953,6.324,NA
Malta,MT,MLT,2010,Middle East & North Africa,High income,20750.6479461598,81.3975609756098,414508,63,105.11385345459,6.861,29
Malta,MT,MLT,2002,Middle East & North Africa,High income,17255.4299440987,78.7390243902439,395969,28.92,91.1574630737305,6.902,NA
Malta,MT,MLT,2015,Middle East & North Africa,High income,25529.6813337717,81.8975609756097,444220,75.96,95.1571197509766,5.389,29.4
Malta,MT,MLT,2021,Middle East & North Africa,High income,31436.3493030938,82.2585365853659,518150,87.4698,103.094459533691,3.754,31.6
Malta,MT,MLT,2001,Middle East & North Africa,High income,16920.7309706609,78.8439024390244,393028,17.8778,90.7193222045898,7.107,NA
Malta,MT,MLT,2013,Middle East & North Africa,High income,22626.4981391343,81.7463414634146,424810,68.9138,96.2600631713867,6.115,28.8
Malta,MT,MLT,2019,Middle East & North Africa,High income,29522.661886008,82.6585365853659,503912,85.7786,104.505729675293,4.08,31
Malta,MT,MLT,2012,Middle East & North Africa,High income,21529.3982167566,80.7463414634146,420028,68.1999,95.5169982910156,6.203,29.4
Malta,MT,MLT,2022,Middle East & North Africa,High income,31430.6187070236,82.4487804878049,531113,91.5406,102.695037841797,3.471,34.6
Malta,MT,MLT,2014,Middle East & North Africa,High income,23866.0667851301,82.0463414634146,433481,73.1141,96.2309799194336,5.737,29
Malta,MT,MLT,2020,Middle East & North Africa,High income,27861.8202844538,82.0975609756098,515490,86.8588,102.924011230469,4.856,31.4
Marshall Islands,MH,MHL,2011,East Asia & Pacific,Upper middle income,3433.06297801838,64.641,51907,10,NA,NA,NA
Marshall Islands,MH,MHL,2018,East Asia & Pacific,Upper middle income,4542.34293916308,65.87,45285,43.8825,NA,NA,NA
Marshall Islands,MH,MHL,2009,East Asia & Pacific,Upper middle income,3262.26955535477,64.395,52019,5.6,83.8652801513672,NA,NA
Marshall Islands,MH,MHL,2010,East Asia & Pacific,Upper middle income,3441.31888402121,64.498,52044,7,NA,NA,NA
Marshall Islands,MH,MHL,2022,East Asia & Pacific,Upper middle income,5591.46421459004,66.725,40077,64.8023,83.1106717816097,NA,NA
Marshall Islands,MH,MHL,2006,East Asia & Pacific,Upper middle income,3285.12078781351,64.207,51992,3.79559,79.1771087646484,NA,NA
Marshall Islands,MH,MHL,2008,East Asia & Pacific,Upper middle income,3146.26177205458,64.3,52030,4.6,84.7516632080078,NA,NA
Marshall Islands,MH,MHL,2021,East Asia & Pacific,Upper middle income,5455.31642282232,65.421,41367,63.9726,94.7273907236998,NA,NA
Marshall Islands,MH,MHL,2017,East Asia & Pacific,Upper middle income,4190.93468589482,65.673,46529,38.7012,NA,NA,NA
Marshall Islands,MH,MHL,2016,East Asia & Pacific,Upper middle income,3946.8444109078,65.477,47709,29.7878,84.9683293351352,NA,NA
Marshall Islands,MH,MHL,2012,East Asia & Pacific,Upper middle income,3420.91444796671,64.776,51419,12.5,NA,NA,NA
Marshall Islands,MH,MHL,2007,East Asia & Pacific,Upper middle income,3403.47842798117,64.259,52035,3.95,82.46044921875,NA,NA
Marshall Islands,MH,MHL,2020,East Asia & Pacific,Upper middle income,5172.57528216176,65.387,42706,56.4191,92.9692493302926,NA,NA
Marshall Islands,MH,MHL,2015,East Asia & Pacific,Upper middle income,3764.34426229508,65.292,48800,19.2824,83.1655973995361,NA,NA
Marshall Islands,MH,MHL,2005,East Asia & Pacific,Upper middle income,3284.78403267445,64.112,51906,3.8787,73.762451171875,NA,NA
Marshall Islands,MH,MHL,2000,East Asia & Pacific,Upper middle income,3040.59677355737,63.323,50706,1.53427,NA,NA,NA
Marshall Islands,MH,MHL,2013,East Asia & Pacific,Upper middle income,3602.92811901896,64.954,50681,14,NA,NA,NA
Marshall Islands,MH,MHL,2004,East Asia & Pacific,Upper middle income,3234.15265200518,64.044,51791,3.59978,77.7290267944336,NA,NA
Marshall Islands,MH,MHL,2003,East Asia & Pacific,Upper middle income,3256.97244330835,63.956,51639,2.56975,73.5776977539062,NA,NA
Marshall Islands,MH,MHL,2001,East Asia & Pacific,Upper middle income,3224.7911898754,63.735,51123,1.70661,NA,NA,NA
Marshall Islands,MH,MHL,2014,East Asia & Pacific,Upper middle income,3620.77275283155,65.11,49796,16.8,NA,NA,NA
Marshall Islands,MH,MHL,2019,East Asia & Pacific,Upper middle income,5162.81500670348,66.047,44007,49.7575,92.6458957328589,NA,35.5
Marshall Islands,MH,MHL,2002,East Asia & Pacific,Upper middle income,3322.41127856101,63.848,51425,2.33544,78.4224166870117,NA,NA
Mauritania,MR,MRT,2000,Sub-Saharan Africa,Lower middle income,1304.64439067179,61.044,2613441,0.192031,18.0476703643799,10.03,39
Mauritania,MR,MRT,2008,Sub-Saharan Africa,Lower middle income,1514.2655013629,65.233,3183269,1.87,18.5803203582764,9.715,35.7
Mauritania,MR,MRT,2010,Sub-Saharan Africa,Lower middle income,1460.19179652873,65.661,3390965,4,20.4244003295898,10.093,NA
Mauritania,MR,MRT,2007,Sub-Saharan Africa,Lower middle income,1563.60628765192,64.885,3093059,1.43361,NA,9.482,NA
Mauritania,MR,MRT,2006,Sub-Saharan Africa,Lower middle income,1637.04191255803,64.493,3013660,0.979661,23.1758899688721,9.313,NA
Mauritania,MR,MRT,2002,Sub-Saharan Africa,Lower middle income,1252.10300454131,62.249,2738655,0.363229,20.5889301300049,10.201,NA
Mauritania,MR,MRT,2001,Sub-Saharan Africa,Lower middle income,1262.65567288639,61.662,2678760,0.261449,20.5369300842285,10.132,NA
Mauritania,MR,MRT,2009,Sub-Saharan Africa,Lower middle income,1469.05426880813,65.485,3284448,2.28,20.0069904327393,10.214,NA
Mauritania,MR,MRT,2015,Sub-Saharan Africa,Lower middle income,1554.94897871782,66.498,3965959,17.6,31.196307538775,10.104,NA
Mauritania,MR,MRT,2021,Sub-Saharan Africa,Lower middle income,1520.3111804259,66.762,4734874,29.9707,NA,11.131,NA
Mauritania,MR,MRT,2003,Sub-Saharan Africa,Lower middle income,1308.56307582578,62.805,2802046,0.424005,21.539270401001,9.911,NA
Mauritania,MR,MRT,2017,Sub-Saharan Africa,Lower middle income,1576.06857825162,67.088,4210600,21.0172,31.7565696757394,10.336,NA
Mauritania,MR,MRT,2011,Sub-Saharan Africa,Lower middle income,1472.55245572229,65.754,3502811,4.5,22.7523097991943,9.976,NA
Mauritania,MR,MRT,2012,Sub-Saharan Africa,Lower middle income,1488.97177557214,65.808,3619034,5,27.0638964405956,9.864,NA
Mauritania,MR,MRT,2022,Sub-Saharan Africa,Lower middle income,1576.75624107308,68.281,4875637,34.3001,NA,10.52,NA
Mauritania,MR,MRT,2013,Sub-Saharan Africa,Lower middle income,1502.90142381083,65.89,3734318,6.2,30.2620419125702,9.926,NA
Mauritania,MR,MRT,2004,Sub-Saharan Africa,Lower middle income,1338.66768122804,63.369,2868664,0.48147,22.1136894226074,9.77,40.2
Mauritania,MR,MRT,2005,Sub-Saharan Africa,Lower middle income,1418.53202144135,63.92,2939059,0.669966,22.4629497528076,9.59,NA
Mauritania,MR,MRT,2016,Sub-Saharan Africa,Lower middle income,1528.05152299375,66.823,4086657,19.2328,32.187587041888,10.287,NA
Mauritania,MR,MRT,2014,Sub-Saharan Africa,Lower middle income,1520.64621634902,66.207,3848514,11.8,30.6988232872483,10.026,32.6
Mauritania,MR,MRT,2018,Sub-Saharan Africa,Lower middle income,1602.90225649072,67.419,4337685,22.967,35.5293425627344,10.411,NA
Mauritania,MR,MRT,2020,Sub-Saharan Africa,Lower middle income,1553.3061558659099,66.794,4600131,27.4262,36.0277030077074,11.051,NA
Mauritania,MR,MRT,2019,Sub-Saharan Africa,Lower middle income,1605.1352359742,67.64,4467708,25.0978,37.5793709898761,10.416,32
Mauritius,MU,MUS,2004,Sub-Saharan Africa,Upper middle income,6480.13648507258,72.2658536585366,1221003,13.6891,86.3435287475586,8.337,NA
Mauritius,MU,MUS,2003,Sub-Saharan Africa,Upper middle income,6250.2637051329,72.1170731707317,1213370,12.1871,85.5775909423828,8.318,NA
Mauritius,MU,MUS,2005,Sub-Saharan Africa,Upper middle income,6556.38819193225,72.4321951219512,1228254,15.1722,88.6331024169922,9.524,NA
Mauritius,MU,MUS,2006,Sub-Saharan Africa,Upper middle income,6843.39977734988,72.4321951219512,1233996,16.7,86.6944198608398,9.04,35.7
Mauritius,MU,MUS,2007,Sub-Saharan Africa,Upper middle income,7202.43853899489,72.5707317073171,1239630,20.22,86.7215270996094,8.475,NA
Mauritius,MU,MUS,2017,Sub-Saharan Africa,Upper middle income,10379.9138706732,74.5146341463415,1264887,55.4032,92.5403344955972,6.752,36.8
Mauritius,MU,MUS,2018,Sub-Saharan Africa,Upper middle income,10789.9241521132,74.4163414634146,1265577,58.5962,91.4171358592572,6.426,NA
Mauritius,MU,MUS,2019,Sub-Saharan Africa,Upper middle income,11098.3137067341,74.2358536585366,1265985,61.73,93.1354968676317,6.331,NA
Mauritius,MU,MUS,2000,Sub-Saharan Africa,Upper middle income,5744.19830169899,71.6634146341463,1186873,7.28154,NA,9.125,NA
Mauritius,MU,MUS,2001,Sub-Saharan Africa,Upper middle income,5889.77138546269,71.7658536585366,1196287,8.7809,80.2969284057617,9.14,NA
Mauritius,MU,MUS,2002,Sub-Saharan Africa,Upper middle income,5943.48081247767,71.9658536585366,1204621,10.2526,82.4172286987305,8.205,NA
Mauritius,MU,MUS,2016,Sub-Saharan Africa,Upper middle income,9995.65028642071,74.3948780487805,1263747,52.1913,94.4362545563892,6.814,NA
Mauritius,MU,MUS,2014,Sub-Saharan Africa,Upper middle income,9300.07878638583,74.1943902439024,1261208,44.8033,97.075353264043,7.467,NA
Mauritius,MU,MUS,2010,Sub-Saharan Africa,Upper middle income,8114.82056038003,72.9673170731707,1250400,28.33,86.9073104858398,7.654,NA
Mauritius,MU,MUS,2008,Sub-Saharan Africa,Upper middle income,7563.03143738425,72.5707317073171,1244121,21.81,86.2219161987305,7.17,NA
Mauritius,MU,MUS,2009,Sub-Saharan Africa,Upper middle income,7793.0308214588,72.8824390243903,1247429,22.51,86.6567001342773,7.257,NA
Mauritius,MU,MUS,2020,Sub-Saharan Africa,Upper middle income,9483.67602630847,74.1770731707317,1266014,67.7329,89.5019998431496,8.626,NA
Mauritius,MU,MUS,2013,Sub-Saharan Africa,Upper middle income,8973.51550099533,74.0170731707317,1258927,40.1168,93.7982864379883,7.322,NA
Mauritius,MU,MUS,2011,Sub-Saharan Africa,Upper middle income,8432.19129317694,73.2668292682927,1252404,34.95,88.7222900390625,7.447,NA
Mauritius,MU,MUS,2015,Sub-Saharan Africa,Upper middle income,9630.5437837507,74.3531707317073,1262879,50.1393,93.9681984718368,7.41,NA
Mauritius,MU,MUS,2012,Sub-Saharan Africa,Upper middle income,8702.82242878289,73.8634146341464,1255882,35.42,92.1094389658945,7.472,38.5
Mauritius,MU,MUS,2022,Sub-Saharan Africa,Upper middle income,10688.4383112722,73.5146341463415,1262523,75.5,NA,6.322,NA
Mauritius,MU,MUS,2021,Sub-Saharan Africa,Upper middle income,9804.0031863121,73.680243902439,1266334,71.6,NA,7.719,NA
Mexico,MX,MEX,2006,Latin America & Caribbean,Upper middle income,9813.8280424425,73.746,107253666,19.52,82.7013931274414,3.566,49.7
Mexico,MX,MEX,2019,Latin America & Caribbean,Upper middle income,10159.4448364319,74.53,125762982,69.6321,105.515609741211,3.477,NA
Mexico,MX,MEX,2005,Latin America & Caribbean,Upper middle income,9491.51730225718,73.627,105811504,17.21,80.6305389404297,3.558,50.9
Mexico,MX,MEX,2002,Latin America & Caribbean,Upper middle income,9242.27886130016,73.106,101548624,11.9,75.1482925415039,3.003,50.6
Mexico,MX,MEX,2016,Latin America & Caribbean,Upper middle income,10100.5021214015,74.376,122251351,59.5404,102.871368408203,3.853,46.9
Mexico,MX,MEX,2022,Latin America & Caribbean,Upper middle income,10013.2479236143,73.973,128613117,78.6322,98.3576583862305,3.256,43.5
Mexico,MX,MEX,2021,Latin America & Caribbean,Upper middle income,9728.05680032556,69.75,127648148,75.6265,98.3202514648438,4.019,NA
Mexico,MX,MEX,2008,Latin America & Caribbean,Upper middle income,9826.3421836048,73.695,110374288,21.71,86.0763092041016,3.874,50.8
Mexico,MX,MEX,2017,Latin America & Caribbean,Upper middle income,10193.7727193457,74.261,123400057,53.0318,105.11018371582,3.419,NA
Mexico,MX,MEX,2020,Latin America & Caribbean,Upper middle income,9234.64362317923,70.449,126799054,71.4902,102.58154296875,4.44,44.6
Mexico,MX,MEX,2007,Latin America & Caribbean,Upper middle income,9877.69532644737,73.796,108774360,20.81,84.0887069702148,3.628,NA
Mexico,MX,MEX,2001,Latin America & Caribbean,Upper middle income,9398.35074355724,72.912,100099099,7.03802,72.8832092285156,2.627,NA
Mexico,MX,MEX,2014,Latin America & Caribbean,Upper middle income,9862.48125444199,74.404,119784261,44.3857,97.3196868896484,4.819,48.9
Mexico,MX,MEX,2011,Latin America & Caribbean,Upper middle income,9575.93437788582,73.921,115243504,37.1763,88.3800888061523,5.175,NA
Mexico,MX,MEX,2000,Latin America & Caribbean,Upper middle income,9581.96970210753,72.562,98625552,5.08138,71.1195831298828,2.646,53.4
Mexico,MX,MEX,2004,Latin America & Caribbean,Upper middle income,9421.28975988024,73.432,104394131,14.1,79.7827072143555,3.937,50.3
Mexico,MX,MEX,2013,Latin America & Caribbean,Upper middle income,9738.71059803658,74.289,118343573,43.46,93.2623062133789,4.921,NA
Mexico,MX,MEX,2015,Latin America & Caribbean,Upper middle income,10021.2386118827,74.431,121072306,57.431,100.982269287109,4.311,NA
Mexico,MX,MEX,2018,Latin America & Caribbean,Upper middle income,10296.8690928534,74.301,124573711,56.6596,105.964653015137,3.275,46
Mexico,MX,MEX,2012,Latin America & Caribbean,Upper middle income,9782.51776305354,74.128,116818208,39.75,90.6936187744141,4.892,49.6
Mexico,MX,MEX,2009,Latin America & Caribbean,Upper middle income,9074.1188145564,73.628,111999721,26.34,85.9423217773438,5.356,NA
Mexico,MX,MEX,2010,Latin America & Caribbean,Upper middle income,9389.06722084275,73.718,113623895,31.05,87.2729263305664,5.303,47.7
Mexico,MX,MEX,2003,Latin America & Caribbean,Upper middle income,9221.99666693097,73.308,102978515,12.9,78.5541915893555,3.455,NA
"Micronesia, Fed. Sts.",FM,FSM,2002,East Asia & Pacific,Lower middle income,2776.29556090642,63.907,112448,5.5701,NA,NA,NA
"Micronesia, Fed. Sts.",FM,FSM,2014,East Asia & Pacific,Lower middle income,2740.01667828088,65.294,108396,29.65,NA,NA,NA
"Micronesia, Fed. Sts.",FM,FSM,2015,East Asia & Pacific,Lower middle income,2853.07643587028,65.306,108716,31.5011,NA,NA,NA
"Micronesia, Fed. Sts.",FM,FSM,2000,East Asia & Pacific,Lower middle income,2724.42245620978,64.317,112044,3.73486,NA,NA,NA
"Micronesia, Fed. Sts.",FM,FSM,2001,East Asia & Pacific,Lower middle income,2766.08612139035,64.801,112365,4.66053,NA,NA,NA
"Micronesia, Fed. Sts.",FM,FSM,2012,East Asia & Pacific,Lower middle income,2933.79998441501,65.08,107890,25.9744,NA,NA,NA
"Micronesia, Fed. Sts.",FM,FSM,2009,East Asia & Pacific,Lower middle income,2815.59835156937,64.865,107957,15.35,NA,NA,NA
"Micronesia, Fed. Sts.",FM,FSM,2022,East Asia & Pacific,Lower middle income,2923.25915160041,66.961,112114,NA,NA,NA,NA
"Micronesia, Fed. Sts.",FM,FSM,2013,East Asia & Pacific,Lower middle income,2819.90328917215,65.179,108121,27.8,NA,NA,40.1
"Micronesia, Fed. Sts.",FM,FSM,2004,East Asia & Pacific,Lower middle income,2747.87981611358,64.898,111925,11.0179,85.3729476928711,NA,NA
"Micronesia, Fed. Sts.",FM,FSM,2016,East Asia & Pacific,Lower middle income,2870.49424845266,65.576,109075,33.3522,NA,NA,NA
"Micronesia, Fed. Sts.",FM,FSM,2010,East Asia & Pacific,Lower middle income,2884.91733583068,64.892,107540,20,NA,NA,NA
"Micronesia, Fed. Sts.",FM,FSM,2003,East Asia & Pacific,Lower middle income,2829.3364363568,64.915,112285,9.2325,NA,NA,NA
"Micronesia, Fed. Sts.",FM,FSM,2011,East Asia & Pacific,Lower middle income,2989.68205288365,64.969,107698,22.8,NA,NA,NA
"Micronesia, Fed. Sts.",FM,FSM,2007,East Asia & Pacific,Lower middle income,2808.83168399832,64.844,109880,13.6211,NA,NA,NA
"Micronesia, Fed. Sts.",FM,FSM,2005,East Asia & Pacific,Lower middle income,2824.41492288117,64.906,111412,11.8814,87.2520217895508,NA,42.4
"Micronesia, Fed. Sts.",FM,FSM,2006,East Asia & Pacific,Lower middle income,2836.18187521481,64.859,110729,12.7503,NA,NA,NA
"Micronesia, Fed. Sts.",FM,FSM,2018,East Asia & Pacific,Lower middle income,2910.6935304708,65.943,109909,36.6,NA,NA,NA
"Micronesia, Fed. Sts.",FM,FSM,2008,East Asia & Pacific,Lower middle income,2759.97734131572,64.849,108936,14.49,NA,NA,NA
"Micronesia, Fed. Sts.",FM,FSM,2021,East Asia & Pacific,Lower middle income,3023.96457451783,66.152,111624,NA,NA,NA,NA
"Micronesia, Fed. Sts.",FM,FSM,2017,East Asia & Pacific,Lower middle income,2922.07246225843,65.761,109481,35.3041,NA,NA,NA
"Micronesia, Fed. Sts.",FM,FSM,2019,East Asia & Pacific,Lower middle income,3019.25086619614,66.196,110282,38,NA,NA,NA
"Micronesia, Fed. Sts.",FM,FSM,2020,East Asia & Pacific,Lower middle income,2951.77114318964,65.878,110916,39.3833,NA,NA,NA
Moldova,MD,MDA,2005,Europe & Central Asia,Upper middle income,1919.44550763748,68.197,2888985,14.6303,NA,5.633,36.3
Moldova,MD,MDA,2006,Europe & Central Asia,Upper middle income,2017.17730062908,68.423,2880967,19.6206,NA,4.26,35.4
Moldova,MD,MDA,2004,Europe & Central Asia,Upper middle income,1781.19145323724,68.017,2896023,10.6294,NA,6.374,35
Moldova,MD,MDA,2003,Europe & Central Asia,Upper middle income,1654.36629303195,67.9,2903198,7.40754,NA,6.378,34.9
Moldova,MD,MDA,2017,Europe & Central Asia,Upper middle income,3085.33305844263,70.375,2755189,49.9,94.3536367146469,1.622,25.9
Moldova,MD,MDA,2007,Europe & Central Asia,Upper middle income,2082.51260097669,68.674,2874299,20.45,NA,2.749,34.4
Moldova,MD,MDA,2008,Europe & Central Asia,Upper middle income,2249.22589719372,69,2868833,23.39,NA,2.097,34.7
Moldova,MD,MDA,2009,Europe & Central Asia,Upper middle income,2116.94357544097,69.406,2865213,27.5,NA,3.024,32.9
Moldova,MD,MDA,2018,Europe & Central Asia,Upper middle income,3267.9961042872,70.236,2707203,50.3,95.915919225487,1.239,25.7
Moldova,MD,MDA,2010,Europe & Central Asia,Upper middle income,2269.51116145996,69.876,2862354,29.68,87.9811349895035,2.972,32.1
Moldova,MD,MDA,2002,Europe & Central Asia,Upper middle income,1547.57421231612,67.793,2911385,3.78724,NA,6.845,35.8
Moldova,MD,MDA,2016,Europe & Central Asia,Upper middle income,2910.95486872376,70.179,2803186,71,106.047154912204,1.591,26.3
Moldova,MD,MDA,2021,Europe & Central Asia,Upper middle income,3688.16729442144,68.991,2595809,74.495,96.5853430388789,0.794,25.7
Moldova,MD,MDA,2014,Europe & Central Asia,Upper middle income,2737.80185056647,70.241,2857815,67,104.382597025321,1.45,26.8
Moldova,MD,MDA,2019,Europe & Central Asia,Upper middle income,3438.67732670712,70.181,2664224,57.7605,95.6507638474012,1.502,26
Moldova,MD,MDA,2020,Europe & Central Asia,Upper middle income,3188.91691602699,69.914,2635130,58.2153,96.1733374702658,1.206,25
Moldova,MD,MDA,2001,Europe & Central Asia,Upper middle income,1432.2768928234,67.672,2918135,1.48781,NA,7.366,38
Moldova,MD,MDA,2012,Europe & Central Asia,Upper middle income,2389.08666147529,70.344,2860324,34.65,88.1958686665424,2.189,29.2
Moldova,MD,MDA,2015,Europe & Central Asia,Upper middle income,2749.55137054338,70.118,2835978,69,105.06970563726,1.781,27
Moldova,MD,MDA,2000,Europe & Central Asia,Upper middle income,1346.9156717656101,67.462,2924668,1.28285,NA,8.539,36.4
Moldova,MD,MDA,2022,Europe & Central Asia,Upper middle income,3611.95484733286,71.546,2528654,76.7412,97.6136725974109,0.909,25.9
Moldova,MD,MDA,2013,Europe & Central Asia,Upper middle income,2605.85029986142,70.291,2859558,37.44,88.3360494330142,1.894,28.5
Moldova,MD,MDA,2011,Europe & Central Asia,Upper middle income,2402.94446306051,70.173,2860699,32.07,87.7193726926085,2.677,30.6
Monaco,MC,MCO,2021,Europe & Central Asia,High income,194674.777609089,85.113,38527,99.0776,NA,NA,NA
Monaco,MC,MCO,2020,Europe & Central Asia,High income,161262.925884403,86.089,38050,98.5709,NA,NA,NA
Monaco,MC,MCO,2019,Europe & Central Asia,High income,185582.7556905,86.151,38109,83.3397,NA,NA,NA
Monaco,MC,MCO,2006,Europe & Central Asia,High income,140615.178788026,84.194,32057,61.476,NA,NA,NA
Monaco,MC,MCO,2022,Europe & Central Asia,High income,214359.605825981,85.746,38931,99.1497,NA,NA,NA
Monaco,MC,MCO,2003,Europe & Central Asia,High income,126022.239091348,83.613,32374,49.4912,NA,NA,NA
Monaco,MC,MCO,2007,Europe & Central Asia,High income,162028.480643444,83.903,31837,64.3777,NA,NA,NA
Monaco,MC,MCO,2008,Europe & Central Asia,High income,163243.752211148,83.827,31836,67.25,147.5048828125,NA,NA
Monaco,MC,MCO,2002,Europe & Central Asia,High income,124481.880220824,83.055,32422,48.0471,NA,NA,NA
Monaco,MC,MCO,2009,Europe & Central Asia,High income,142375.532007071,84.187,32364,70.1,NA,NA,NA
Monaco,MC,MCO,2017,Europe & Central Asia,High income,165781.779121526,85.878,37678,97.053,NA,NA,NA
Monaco,MC,MCO,2018,Europe & Central Asia,High income,173041.761057866,86.084,38154,NA,NA,NA,NA
Monaco,MC,MCO,2001,Europe & Central Asia,High income,123122.12291461,82.485,32447,46.6461,NA,NA,NA
Monaco,MC,MCO,2014,Europe & Central Asia,High income,165288.200345355,85.093,36128,92.4,NA,NA,NA
Monaco,MC,MCO,2011,Europe & Central Asia,High income,148272.711991792,85.01,33946,80.3,NA,NA,NA
Monaco,MC,MCO,2000,Europe & Central Asia,High income,120456.506337384,82.121,32455,42.1849,149.82096862793,NA,NA
Monaco,MC,MCO,2005,Europe & Central Asia,High income,132253.218402608,84.34,32210,55.4648,NA,NA,NA
Monaco,MC,MCO,2013,Europe & Central Asia,High income,157167.975027858,85.056,35447,90.7,NA,NA,NA
Monaco,MC,MCO,2015,Europe & Central Asia,High income,170437.101188261,85.323,36757,93.3633,NA,NA,NA
Monaco,MC,MCO,2004,Europe & Central Asia,High income,129403.404955341,84.151,32307,52.4902,NA,NA,NA
Monaco,MC,MCO,2012,Europe & Central Asia,High income,146472.677860476,85.045,34711,87,NA,NA,NA
Monaco,MC,MCO,2010,Europe & Central Asia,High income,141814.78664157,84.644,33163,75,NA,NA,NA
Monaco,MC,MCO,2016,Europe & Central Asia,High income,173120.189785092,85.63,37276,95.2082,153.586303710938,NA,NA
Mongolia,MN,MNG,2000,East Asia & Pacific,Upper middle income,1598.31282040605,63.2104878048781,2388299,1.25565,62.4367294311523,5.992,NA
Mongolia,MN,MNG,2012,East Asia & Pacific,Upper middle income,3318.16496597089,69.500243902439,2839705,16.4,NA,3.905,33.8
Mongolia,MN,MNG,2011,East Asia & Pacific,Upper middle income,3010.81642672623,69.109268292683,2786317,12.5,NA,4.769,33.9
Mongolia,MN,MNG,2020,East Asia & Pacific,Upper middle income,4066.03410882791,71.3490243902439,3327204,62.5,95.3826370696027,6.413,NA
Mongolia,MN,MNG,2001,East Asia & Pacific,Upper middle income,1625.46152259484,63.3917073170732,2417751,1.65324,69.4697723388672,6.111,NA
Mongolia,MN,MNG,2010,East Asia & Pacific,Upper middle income,2611.67326563924,68.5056097560976,2738622,10.2,91.1776885986328,6.549,33.1
Mongolia,MN,MNG,2019,East Asia & Pacific,Upper middle income,4337.8167085432,71.0531707317073,3267673,51.08,88.7463471502002,9.024,NA
Mongolia,MN,MNG,2003,East Asia & Pacific,Upper middle income,1775.64906676137,63.5753658536585,2480374,NA,82.2682495117188,6.768,NA
Mongolia,MN,MNG,2021,East Asia & Pacific,Upper middle income,4063.53669849245,71.6451219512195,3383741,81.6068,98.3276220923038,7.871,NA
Mongolia,MN,MNG,2002,East Asia & Pacific,Upper middle income,1680.65335337555,63.540243902439,2449027,2.03957,74.5482330322266,6.2,32.9
Mongolia,MN,MNG,2014,East Asia & Pacific,Upper middle income,3830.35892049593,70.5831707317073,2963113,19.9424,NA,4.798,32
Mongolia,MN,MNG,2007,East Asia & Pacific,Upper middle income,2403.72416258662,66.5934146341464,2601850,9,NA,7.2,35.8
Mongolia,MN,MNG,2008,East Asia & Pacific,Upper middle income,2576.71295838607,67.2460975609756,2643201,9.8,NA,5.565,NA
Mongolia,MN,MNG,2013,East Asia & Pacific,Upper middle income,3628.90708069575,70.0980487804878,2899011,17.7,NA,4.231,NA
Mongolia,MN,MNG,2009,East Asia & Pacific,Upper middle income,2498.72967493254,67.9690243902439,2691115,10,98.5075302124023,5.86,NA
Mongolia,MN,MNG,2022,East Asia & Pacific,Upper middle income,4205.88554513551,71.9007317073171,3433748,82.1725,93.5508272676123,5.954,31.4
Mongolia,MN,MNG,2005,East Asia & Pacific,Upper middle income,2060.26168223171,65.2807317073171,2536407,NA,92.1028823852539,7.015,NA
Mongolia,MN,MNG,2004,East Asia & Pacific,Upper middle income,1942.36263694017,64.630243902439,2508412,NA,88.4728012084961,6.851,NA
Mongolia,MN,MNG,2017,East Asia & Pacific,Upper middle income,3956.2049437134,70.5434146341463,3148917,23.7143,NA,6.359,NA
Mongolia,MN,MNG,2018,East Asia & Pacific,Upper middle income,4183.85566447661,70.8270731707317,3208189,47.13,91.2949725153641,5.377,32.7
Mongolia,MN,MNG,2006,East Asia & Pacific,Upper middle income,2209.74321787628,65.9021951219512,2567168,NA,92.3052825927734,7.193,NA
Mongolia,MN,MNG,2016,East Asia & Pacific,Upper middle income,3817.91962716702,70.2239024390244,3088856,22.2658,NA,7.235,32.3
Mongolia,MN,MNG,2015,East Asia & Pacific,Upper middle income,3838.92126989984,70.810243902439,3026864,22.5,NA,4.861,NA
Montenegro,ME,MNE,2016,Europe & Central Asia,Upper middle income,6634.3850883880305,76.5414634146342,625353,69.8816,90.5575180053711,17.732,38.5
Montenegro,ME,MNE,2015,Europe & Central Asia,Upper middle income,6421.00307345999,76.6024390243903,624651,68.1198,91.863410949707,17.555,39
Montenegro,ME,MNE,2020,Europe & Central Asia,Upper middle income,6351.95486320483,75.9317073170732,626590,77.6088,92.3578720092773,17.878,35.4
Montenegro,ME,MNE,2018,Europe & Central Asia,Upper middle income,7159.47114735985,77.8853658536585,626438,71.5171,91.4442672729492,15.19,36.8
Montenegro,ME,MNE,2005,Europe & Central Asia,Upper middle income,4967.68527082416,73.9829268292683,614261,27.1,91.0373306274414,30.31,30.2
Montenegro,ME,MNE,2012,Europe & Central Asia,Upper middle income,5948.3791195297,76.3,621418,56.8388,92.6130599975586,19.808,41.2
Montenegro,ME,MNE,2017,Europe & Central Asia,Upper middle income,6840.91155440218,76.6853658536585,625982,71.2723,90.6022262573242,16.082,36.9
Montenegro,ME,MNE,2022,Europe & Central Asia,Upper middle income,7773.60323941511,76.1878048780488,623591,88.2219,92.1609725952148,14.851,NA
Montenegro,ME,MNE,2004,Europe & Central Asia,Upper middle income,4775.39883026359,74.2056097560976,613353,25.3501,90.45458984375,30.342,NA
Montenegro,ME,MNE,2019,Europe & Central Asia,Upper middle income,7470.29588471711,76.6829268292683,626753,73.4767,91.84033203125,15.128,35.7
Montenegro,ME,MNE,2013,Europe & Central Asia,Upper middle income,6138.25153608056,76.490243902439,622587,60.31,NA,19.585,39
Montenegro,ME,MNE,2014,Europe & Central Asia,Upper middle income,6272.09116381077,76.3390243902439,623744,63.8869,NA,18.054,38.8
Montenegro,ME,MNE,2008,Europe & Central Asia,Upper middle income,6149.68558098863,75.1365853658537,616969,32.9,93.0311737060547,17.15,30.5
Montenegro,ME,MNE,2003,Europe & Central Asia,Upper middle income,4581.10700736435,74.0557317073171,612267,NA,91.9459609985352,30.39,NA
Montenegro,ME,MNE,2000,Europe & Central Asia,Upper middle income,4391.36966049063,73.3968048780488,604950,NA,NA,30.447,NA
Montenegro,ME,MNE,2021,Europe & Central Asia,Upper middle income,7198.30460781272,73.8243902439024,625053,82.2197,93.1638412475586,16.543,34.3
Montenegro,ME,MNE,2001,Europe & Central Asia,Upper middle income,4421.83994305167,73.5801951219512,607389,NA,NA,30.542,NA
Montenegro,ME,MNE,2010,Europe & Central Asia,Upper middle income,5917.91788713074,75.990243902439,619428,37.5,98.99609375,19.649,28.9
Montenegro,ME,MNE,2011,Europe & Central Asia,Upper middle income,6110.66013917018,76.0829268292683,620345,35.6115,93.1708908081055,19.759,30.8
Montenegro,ME,MNE,2006,Europe & Central Asia,Upper middle income,5386.53833750521,73.8390243902439,615025,28.9,92.1242370605469,24.815,30
Montenegro,ME,MNE,2007,Europe & Central Asia,Upper middle income,5763.04035952173,74.3390243902439,615875,30.8,92.5225219726562,19.4,31.4
Montenegro,ME,MNE,2002,Europe & Central Asia,Upper middle income,4488.00716747744,73.9652195121951,609828,NA,NA,30.356,NA
Montenegro,ME,MNE,2009,Europe & Central Asia,Upper middle income,5768.65709477479,75.1439024390244,618294,35.1,95.6065979003906,19.09,31
Morocco,MA,MAR,2012,Middle East & North Africa,Lower middle income,2927.45043945313,71.674,33355241,55.4161,68.7358726261435,8.99,NA
Morocco,MA,MAR,2005,Middle East & North Africa,Lower middle income,2342.15478515625,68.748,30358144,15.0844,49.1547889709473,11.01,NA
Morocco,MA,MAR,2014,Middle East & North Africa,Lower middle income,3051.458984375,72.522,34204780,56.7746,NA,9.7,NA
Morocco,MA,MAR,2006,Middle East & North Africa,Lower middle income,2489.99291992188,69.157,30771178,19.7712,52.2258186340332,9.67,40.7
Morocco,MA,MAR,2007,Middle East & North Africa,Lower middle income,2540.615234375,69.62,31186468,21.5,55.3458595275879,9.56,NA
Morocco,MA,MAR,2004,Middle East & North Africa,Lower middle income,2301.08178710938,68.272,29953018,11.6079,47.3964385986328,10.83,NA
Morocco,MA,MAR,2003,Middle East & North Africa,Lower middle income,2229.576171875,67.958,29571415,3.35337,44.651439666748,11.92,NA
Morocco,MA,MAR,2000,Middle East & North Africa,Lower middle income,1957.14135742188,66.794,28423435,0.693791,39.6924896240234,13.58,40.6
Morocco,MA,MAR,2011,Middle East & North Africa,Lower middle income,2879.53930664063,71.263,32912588,46.1075,66.0255284774218,8.91,NA
Morocco,MA,MAR,2015,Middle East & North Africa,Lower middle income,3146.24780273438,72.894,34607588,57.08,NA,9.46,NA
Morocco,MA,MAR,2013,Middle East & North Africa,Lower middle income,3008.185546875,72.117,33787571,56,NA,9.23,39.5
Morocco,MA,MAR,2017,Middle East & North Africa,Lower middle income,3242.64428710938,73.608,35446392,61.7622,78.2157249451868,9.22,NA
Morocco,MA,MAR,2018,Middle East & North Africa,Lower middle income,3304.7119140625,73.946,35839760,64.8039,78.470919593794,9.272,NA
Morocco,MA,MAR,2020,Middle East & North Africa,Lower middle income,3090.89428710938,73.133,36584208,84.1204,80.3087996541375,11.189,NA
Morocco,MA,MAR,2016,Middle East & North Africa,Lower middle income,3124.42504882813,73.228,35023457,58.2712,NA,9.3,NA
Morocco,MA,MAR,2002,Middle East & North Africa,Lower middle income,2127.50708007813,67.582,29198142,2.37325,43.0969085693359,11.59,NA
Morocco,MA,MAR,2010,Middle East & North Africa,Lower middle income,2767.04223632813,70.821,32467016,52,63.0757983249551,9.09,NA
Morocco,MA,MAR,2022,Middle East & North Africa,Lower middle income,3334.91162109375,75.161,37329064,89.9,84.4553724029251,9.413,NA
Morocco,MA,MAR,2001,Middle East & North Africa,Lower middle income,2078.96606445313,67.2,28814643,1.37144,41.3156585693359,12.46,NA
Morocco,MA,MAR,2008,Middle East & North Africa,Lower middle income,2648.58569335938,70.051,31606767,33.1,57.666561126709,9.57,NA
Morocco,MA,MAR,2009,Middle East & North Africa,Lower middle income,2710.66650390625,70.454,32030778,41.3,60.7418212890625,8.96,NA
Morocco,MA,MAR,2019,Middle East & North Africa,Lower middle income,3364.73950195313,74.245,36210898,84.1204,79.3440512967066,9.191,NA
Morocco,MA,MAR,2021,Middle East & North Africa,Lower middle income,3309.130859375,73.385,36954442,88.1303,80.740396321068,10.551,NA
Mozambique,MZ,MOZ,2022,Sub-Saharan Africa,Low income,596.058889461466,63.011,32656246,18.7913,NA,6.789,49.6
Mozambique,MZ,MOZ,2011,Sub-Saharan Africa,Low income,514.869957191994,55.733,23649039,4.6,26.0157578808472,3.295,NA
Mozambique,MZ,MOZ,2021,Sub-Saharan Africa,Low income,588.215854695416,60.268,31707800,16.3576,NA,5.413,NA
Mozambique,MZ,MOZ,2008,Sub-Saharan Africa,Low income,460.94729485679,53.799,21819036,1.56,20.1720008850098,3.112,45.5
Mozambique,MZ,MOZ,2009,Sub-Saharan Africa,Low income,475.788178051193,54.4,22391745,2.68,22.9890193939209,3.207,NA
Mozambique,MZ,MOZ,2012,Sub-Saharan Africa,Low income,540.2945177803,56.46,24337846,5,25.6446165136399,3.304,NA
Mozambique,MZ,MOZ,2016,Sub-Saharan Africa,Low income,620.779714954555,59.455,27337105,7,NA,3.65,NA
Mozambique,MZ,MOZ,2013,Sub-Saharan Africa,Low income,559.393953685688,57.189,25051611,5.5,34.4439086914062,3.345,NA
Mozambique,MZ,MOZ,2014,Sub-Saharan Africa,Low income,585.266716133984,57.965,25788475,6,33.95458984375,3.377,54
Mozambique,MZ,MOZ,2010,Sub-Saharan Africa,Low income,494.162859074785,55.04,22999235,4.17,25.1208838457009,3.259,NA
Mozambique,MZ,MOZ,2020,Sub-Saharan Africa,Low income,591.804059985932,61.39,30783688,14.2874,NA,5.019,NA
Mozambique,MZ,MOZ,2004,Sub-Saharan Africa,Low income,377.064958084878,51.855,19840313,0.679448,10.5598001480103,2.953,NA
Mozambique,MZ,MOZ,2005,Sub-Saharan Africa,Low income,391.699758163976,52.322,20304569,0.854357,12.95458984375,3.035,NA
Mozambique,MZ,MOZ,2015,Sub-Saharan Africa,Low income,610.563774706589,58.711,26547572,6.5,34.5285606384277,3.426,NA
Mozambique,MZ,MOZ,2007,Sub-Saharan Africa,Low income,442.049574057751,53.255,21287635,0.91,17.9137401580811,3.082,NA
Mozambique,MZ,MOZ,2019,Sub-Saharan Africa,Low income,617.13932000195,61.306,29884380,12.4793,NA,4.462,50.7
Mozambique,MZ,MOZ,2017,Sub-Saharan Africa,Low income,618.397694360334,60.148,28166393,7.79633,37.2411918640137,3.935,NA
Mozambique,MZ,MOZ,2006,Sub-Saharan Africa,Low income,420.526462764726,52.748,20787087,0.842954,15.2163000106812,3.037,NA
Mozambique,MZ,MOZ,2003,Sub-Saharan Africa,Low income,356.521157404125,51.383,19392475,0.419539,NA,2.857,NA
Mozambique,MZ,MOZ,2018,Sub-Saharan Africa,Low income,621.153734194787,60.79,29018644,10.9,NA,4.21,NA
Mozambique,MZ,MOZ,2001,Sub-Saharan Africa,Low income,317.185703581034,50.259,18537729,0.160032,6.66658020019531,2.838,NA
Mozambique,MZ,MOZ,2002,Sub-Saharan Africa,Low income,340.13537022259,50.879,18958338,0.259613,8.2307596206665,2.902,46.9
Mozambique,MZ,MOZ,2000,Sub-Saharan Africa,Low income,287.390630344484,49.476,18129653,0.109593,5.94095993041992,2.832,NA
Myanmar,MM,MMR,2001,East Asia & Pacific,Lower middle income,328.973872713504,60.64,45771139,2.89277e-4,40.303840637207,0.689,NA
Myanmar,MM,MMR,2012,East Asia & Pacific,Lower middle income,953.123081936485,64.251,49837446,1.4,NA,0.768,NA
Myanmar,MM,MMR,2003,East Asia & Pacific,Lower middle income,411.498764127557,61.196,46667192,0.0240641,42.1795806884766,0.686,NA
Myanmar,MM,MMR,2004,East Asia & Pacific,Lower middle income,463.33013572168,61.443,47068772,0.0243374,45.0282783508301,0.677,NA
Myanmar,MM,MMR,2005,East Asia & Pacific,Lower middle income,522.099544791815,61.72,47438365,0.0652389,45.6932487487793,0.672,NA
Myanmar,MM,MMR,2002,East Asia & Pacific,Lower middle income,364.855800197477,60.925,46232653,4.26494e-4,41.8484497070312,0.685,NA
Myanmar,MM,MMR,2015,East Asia & Pacific,Lower middle income,1166.73305547935,65.288,51089056,10.9,NA,0.766,38.1
Myanmar,MM,MMR,2017,East Asia & Pacific,Lower middle income,1290.56409027458,65.909,51894938,23.6211,72.3457412719727,1.356,30.7
Myanmar,MM,MMR,2000,East Asia & Pacific,Lower middle income,298.590464510138,60.357,45290841,NA,39.3193206787109,0.712,NA
Myanmar,MM,MMR,2014,East Asia & Pacific,Lower middle income,1099.24387751605,64.994,50681634,7.4,57.1178512573242,0.763,NA
Myanmar,MM,MMR,2008,East Asia & Pacific,Lower middle income,714.620419027129,56.364,48390793,0.22,49.9790115356445,0.7,NA
Myanmar,MM,MMR,2009,East Asia & Pacific,Lower middle income,785.634853168658,63.095,48660459,0.22,49.9621315002441,0.712,NA
Myanmar,MM,MMR,2013,East Asia & Pacific,Lower middle income,1024.69060474658,64.617,50262658,1.8,NA,0.775,NA
Myanmar,MM,MMR,2011,East Asia & Pacific,Lower middle income,895.512538762631,63.859,49419820,0.98,NA,0.749,NA
Myanmar,MM,MMR,2007,East Asia & Pacific,Lower middle income,651.729730899198,62.367,48125043,0.217128,47.3708114624023,0.684,NA
Myanmar,MM,MMR,2020,East Asia & Pacific,Lower middle income,1301.3138635245,66.612,53016522,45.4477,NA,1.476,NA
Myanmar,MM,MMR,2010,East Asia & Pacific,Lower middle income,854.932478027749,63.479,49024382,0.25,50.8663902282715,0.725,NA
Myanmar,MM,MMR,2006,East Asia & Pacific,Lower middle income,586.085579935448,62.026,47785135,0.182048,47.5437698364258,0.676,NA
Myanmar,MM,MMR,2018,East Asia & Pacific,Lower middle income,1361.56831265985,66.232,52272247,29.379,77.0191497802734,0.767,NA
Myanmar,MM,MMR,2019,East Asia & Pacific,Lower middle income,1440.98988238708,66.457,52640713,36.5405,NA,0.407,NA
Myanmar,MM,MMR,2016,East Asia & Pacific,Lower middle income,1225.37913972668,65.64,51495696,16,67.7588500976562,1.058,NA
Myanmar,MM,MMR,2022,East Asia & Pacific,Lower middle income,1174.76697947364,66.506,53756787,58.0112,NA,3.063,NA
Myanmar,MM,MMR,2021,East Asia & Pacific,Lower middle income,1136.99566055698,65.553,53387102,56.5261,NA,4.34,NA
Namibia,NA,NAM,2005,Sub-Saharan Africa,Upper middle income,3627.75059772278,52.557,1966582,4.01005,63.1600494384766,22.108,NA
Namibia,NA,NAM,2006,Sub-Saharan Africa,Upper middle income,3834.99894666178,53.183,1991888,4.39887,62.1227416992188,21.848,NA
Namibia,NA,NAM,2004,Sub-Saharan Africa,Upper middle income,3582.89503259701,52.175,1942082,3.80472,64.5331420898438,22.09,NA
Namibia,NA,NAM,2003,Sub-Saharan Africa,Upper middle income,3232.30589658857,51.918,1917464,3.35984,65.2594223022461,22.104,63.3
Namibia,NA,NAM,2015,Sub-Saharan Africa,Upper middle income,4774.10650865775,60.008,2374300,25.6879,78.2608012276393,20.791,59.1
Namibia,NA,NAM,2016,Sub-Saharan Africa,Upper middle income,4648.62713460213,60.81,2439213,31.0333,79.2606097203135,23.352,NA
Namibia,NA,NAM,2007,Sub-Saharan Africa,Upper middle income,3987.61796106565,54.026,2018600,4.83561,62.7577209472656,22.12,NA
Namibia,NA,NAM,2008,Sub-Saharan Africa,Upper middle income,4036.38187484707,54.74,2047056,5.329,NA,22.005,NA
Namibia,NA,NAM,2009,Sub-Saharan Africa,Upper middle income,3989.20711387651,55.347,2077394,6.5,NA,22.271,61
Namibia,NA,NAM,2019,Sub-Saharan Africa,Upper middle income,4243.09274481966,63.546,2650494,49.8,79.0125016773938,19.929,NA
Namibia,NA,NAM,2010,Sub-Saharan Africa,Upper middle income,4165.12990200988,56.093,2109811,11.6,68.0998401813149,22.12,NA
Namibia,NA,NAM,2001,Sub-Saharan Africa,Upper middle income,3055.40444831936,51.98,1857048,2.41698,67.4832611083984,21.009,NA
Namibia,NA,NAM,2014,Sub-Saharan Africa,Upper middle income,4701.95694189098,59.311,2312139,14.84,76.7595646559311,18.521,NA
Namibia,NA,NAM,2011,Sub-Saharan Africa,Upper middle income,4302.72451368462,56.647,2146325,12,72.4541177178611,19.481,NA
Namibia,NA,NAM,2012,Sub-Saharan Africa,Upper middle income,4420.96741373862,57.733,2194654,12.9414,74.2465574610051,16.771,NA
Namibia,NA,NAM,2017,Sub-Saharan Africa,Upper middle income,4476.73324402105,61.661,2506853,36.8374,79.5334606379175,21.748,NA
Namibia,NA,NAM,2018,Sub-Saharan Africa,Upper middle income,4400.47537705743,62.579,2577327,42.8,78.8626899009705,19.877,NA
Namibia,NA,NAM,2002,Sub-Saharan Africa,Upper middle income,3145.94566281247,51.988,1889970,2.6337,66.1111907958984,21.538,NA
Namibia,NA,NAM,2020,Sub-Saharan Africa,Upper middle income,3787.49943973286,64.071,2728762,57.8608,82.8872992484077,21.003,NA
Namibia,NA,NAM,2013,Sub-Saharan Africa,Upper middle income,4549.26759093897,58.468,2252508,13.9,76.142480002464,19.028,NA
Namibia,NA,NAM,2000,Sub-Saharan Africa,Upper middle income,3083.59657884697,52.946,1818647,1.64474,63.7193412780762,20.3,NA
Namibia,NA,NAM,2021,Sub-Saharan Africa,Upper middle income,3809.80753359714,60.85,2810548,60.26,83.3329528489539,20.931,NA
Namibia,NA,NAM,2022,Sub-Saharan Africa,Upper middle income,3905.55135268164,64.19,2889662,61.1485,81.8163691171532,19.615,NA
Nauru,NR,NRU,2022,East Asia & Pacific,High income,8498.6998601243,61.93,11801,NA,92.7814636230469,NA,NA
Nauru,NR,NRU,2021,East Asia & Pacific,High income,8325.88214663427,61.331,11709,NA,NA,NA,NA
Nauru,NR,NRU,2004,East Asia & Pacific,High income,4949.8909692212,59.346,10060,NA,36.415771484375,NA,NA
Nauru,NR,NRU,2020,East Asia & Pacific,High income,7770.69883784016,61.527,11643,81.6554,80.2433776855469,NA,NA
Nauru,NR,NRU,2003,East Asia & Pacific,High income,5173.61559183102,59.359,10059,NA,47.2527503967285,NA,NA
Nauru,NR,NRU,2011,East Asia & Pacific,High income,5417.44487923767,60.287,10098,54,NA,NA,NA
Nauru,NR,NRU,2012,East Asia & Pacific,High income,6626.18317072945,60.533,10267,NA,83.1134567260742,NA,32.4
Nauru,NR,NRU,2005,East Asia & Pacific,High income,4955.30929946913,59.361,10049,NA,42.5531883239746,NA,NA
Nauru,NR,NRU,2006,East Asia & Pacific,High income,5382.10161869099,59.409,10034,NA,57.9658584594727,NA,NA
Nauru,NR,NRU,2014,East Asia & Pacific,High income,7638.99065218892,60.834,10742,NA,83.9183731079102,NA,NA
Nauru,NR,NRU,2000,East Asia & Pacific,High income,6079.96620774489,59.574,10168,NA,46.8175392150879,NA,NA
Nauru,NR,NRU,2018,East Asia & Pacific,High income,7149.78109138393,61.238,11477,NA,NA,NA,NA
Nauru,NR,NRU,2019,East Asia & Pacific,High income,7687.19643322519,61.393,11587,74.7379,86.1130981445312,NA,NA
Nauru,NR,NRU,2002,East Asia & Pacific,High income,5147.16130887748,59.427,10082,NA,41.9780197143555,NA,NA
Nauru,NR,NRU,2007,East Asia & Pacific,High income,4199.70508141733,59.49,10020,NA,50.5131988525391,NA,NA
Nauru,NR,NRU,2008,East Asia & Pacific,High income,5045.18472364491,59.675,10009,NA,61.9589996337891,NA,NA
Nauru,NR,NRU,2013,East Asia & Pacific,High income,6735.42128061862,60.701,10517,NA,NA,NA,NA
Nauru,NR,NRU,2009,East Asia & Pacific,High income,4761.56658392323,59.852,10016,NA,NA,NA,NA
Nauru,NR,NRU,2015,East Asia & Pacific,High income,7747.25584993607,60.897,10954,NA,NA,NA,NA
Nauru,NR,NRU,2016,East Asia & Pacific,High income,7925.5779662048,60.996,11150,NA,78.6677169799805,NA,NA
Nauru,NR,NRU,2001,East Asia & Pacific,High income,5690.15963796811,59.482,10130,2.98716,45.7883415222168,NA,NA
Nauru,NR,NRU,2017,East Asia & Pacific,High income,7308.31758516508,61.101,11324,62.3851,NA,NA,NA
Nauru,NR,NRU,2010,East Asia & Pacific,High income,4748.76539924078,60.074,10043,NA,NA,NA,NA
Nepal,NP,NPL,2002,South Asia,Lower middle income,556.438454538796,63.507,25328981,0.312956,41.0556297302246,10.593,NA
Nepal,NP,NPL,2003,South Asia,Lower middle income,570.28967363428,64.229,25688758,0.382811,42.0749092102051,10.644,43.8
Nepal,NP,NPL,2001,South Asia,Lower middle income,564.28622920391,63.288,24946748,0.240015,37.3896903991699,10.502,NA
Nepal,NP,NPL,2012,South Asia,Lower middle income,775.310578479839,67.364,27534915,11.1493,63.1414794921875,10.632,NA
Nepal,NP,NPL,2022,South Asia,Lower middle income,1113.55462341223,70.087,29715436,53.8878,84.1026475876285,10.661,30
Nepal,NP,NPL,2013,South Asia,Lower middle income,801.039060847856,67.598,27589996,13.3,65.4935302734375,10.666,NA
Nepal,NP,NPL,2000,South Asia,Lower middle income,547.221082273632,62.642,24546509,0.204652,34.4201507568359,10.531,NA
Nepal,NP,NPL,2011,South Asia,Lower middle income,742.617252662576,67.123,27464494,9,58.9935111999512,10.627,NA
Nepal,NP,NPL,2005,South Asia,Lower middle income,603.190108570995,65.275,26309458,0.826551,45.098201751709,10.59,NA
Nepal,NP,NPL,2006,South Asia,Lower middle income,617.477638588722,65.891,26565425,1.14139,42.5181617736816,10.609,NA
Nepal,NP,NPL,2004,South Asia,Lower middle income,589.46992868617,64.744,26016656,0.449844,NA,10.652,NA
Nepal,NP,NPL,2015,South Asia,Lower middle income,875.543635474862,67.374,27823629,17.5816,68.6131210327148,10.643,NA
Nepal,NP,NPL,2009,South Asia,Lower middle income,692.400000816919,66.6,27173035,1.97,49.2625999450684,10.582,NA
Nepal,NP,NPL,2010,South Asia,Lower middle income,721.265221364302,66.772,27341952,7.93,55.5892906188965,10.563,32.8
Nepal,NP,NPL,2014,South Asia,Lower middle income,846.665541773599,67.812,27672370,15.44,67.5318298339844,10.62,NA
Nepal,NP,NPL,2020,South Asia,Lower middle income,1031.53618783934,69.106,28966574,38.8576,85.3101577758789,13.037,NA
Nepal,NP,NPL,2021,South Asia,Lower middle income,1062.7888430629,68.385,29475010,45.293,83.9220209713597,12.241,NA
Nepal,NP,NPL,2017,South Asia,Lower middle income,951.857298563641,68.74,28011258,24.3,74.4113311767578,10.66,NA
Nepal,NP,NPL,2018,South Asia,Lower middle income,1021.91492204011,69.036,28079689,28.6,NA,10.593,NA
Nepal,NP,NPL,2007,South Asia,Lower middle income,633.226129136597,66.169,26788492,1.41,42.0970306396484,10.642,NA
Nepal,NP,NPL,2008,South Asia,Lower middle income,666.865095417138,66.442,26990037,1.73,48.0189094543457,10.597,NA
Nepal,NP,NPL,2016,South Asia,Lower middle income,875.188943730855,68.444,27955462,20.7,71.7744979858398,10.714,NA
Nepal,NP,NPL,2019,South Asia,Lower middle income,1077.11796498188,69.299,28414064,33.3366,80.2800521850586,10.477,NA
Netherlands,NL,NLD,2018,Europe & Central Asia,High income,48463.0299739951,81.8121951219512,17231624,91.8919,114.50032043457,3.832,28.1
Netherlands,NL,NLD,2020,Europe & Central Asia,High income,47086.5804192702,81.3585365853659,17441500,91.3333,136.284164428711,3.82,26
Netherlands,NL,NLD,2017,Europe & Central Asia,High income,47670.1057253297,81.7609756097561,17131296,93.1973,115.225227355957,4.837,28.5
Netherlands,NL,NLD,2022,Europe & Central Asia,High income,51777.5431588864,81.6146341463415,17700982,92.5197,138.767501831055,3.526,NA
Netherlands,NL,NLD,2019,Europe & Central Asia,High income,49254.0158854264,82.1121951219512,17344874,93.2886,114.804168701172,3.379,29.2
Netherlands,NL,NLD,2012,Europe & Central Asia,High income,44631.8745388789,81.1048780487805,16754962,92.86,111.448249816895,5.821,27.6
Netherlands,NL,NLD,2021,Europe & Central Asia,High income,49780.8440526836,81.309756097561,17533044,92.053,135.962173461914,4.209,25.7
Netherlands,NL,NLD,2016,Europe & Central Asia,High income,46655.0363382039,81.5609756097561,17030314,90.411,112.994277954102,6.007,28.2
Netherlands,NL,NLD,2003,Europe & Central Asia,High income,40981.8477039972,78.4926829268293,16225302,64.35,119.909339904785,3.593,NA
Netherlands,NL,NLD,2000,Europe & Central Asia,High income,40665.338169599,77.9878048780488,15925513,43.9844,123.295211791992,2.725,NA
Netherlands,NL,NLD,2015,Europe & Central Asia,High income,45793.8135434697,81.509756097561,16939923,91.7241,114.137916564941,6.872,28.2
Netherlands,NL,NLD,2002,Europe & Central Asia,High income,41135.4190736263,78.2926829268293,16148929,61.29,120.754852294922,2.554,NA
Netherlands,NL,NLD,2008,Europe & Central Asia,High income,46227.211156219,80.2512195121951,16445593,87.42,121.511627197266,3.658,29.3
Netherlands,NL,NLD,2004,Europe & Central Asia,High income,41663.1477772692,79.0951219512195,16281779,68.52,116.909530639648,4.646,29.8
Netherlands,NL,NLD,2001,Europe & Central Asia,High income,41297.3198832208,78.190243902439,16046180,49.3731,123.443389892578,2.119,NA
Netherlands,NL,NLD,2007,Europe & Central Asia,High income,45445.522872349,80.0975609756098,16381696,85.82,119.842338562012,4.153,29.6
Netherlands,NL,NLD,2014,Europe & Central Asia,High income,45042.0669545832,81.7073170731707,16865008,91.6667,NA,7.419,28.6
Netherlands,NL,NLD,2009,Europe & Central Asia,High income,44304.4119317351,80.5487804878049,16530388,89.63,122.74600982666,4.352,27.9
Netherlands,NL,NLD,2010,Europe & Central Asia,High income,44659.272839058,80.7024390243902,16615394,90.72,124.569526672363,4.991,27.8
Netherlands,NL,NLD,2013,Europe & Central Asia,High income,44487.03063469,81.3048780487805,16804432,93.9564,NA,7.241,28.1
Netherlands,NL,NLD,2006,Europe & Central Asia,High income,43841.1223404104,79.6975609756098,16346101,83.7,118.427619934082,5.007,30
Netherlands,NL,NLD,2005,Europe & Central Asia,High income,42411.3453838518,79.3463414634146,16319868,81,117.553810119629,5.872,29
Netherlands,NL,NLD,2011,Europe & Central Asia,High income,45239.7318887962,81.2048780487805,16693074,91.42,129.868103027344,4.977,27.8
New Caledonia,NC,NCL,2018,East Asia & Pacific,High income,NA,77.557,283541,NA,NA,11.702,NA
New Caledonia,NC,NCL,2008,East Asia & Pacific,High income,NA,75.398,253825,34.51,NA,14.36,NA
New Caledonia,NC,NCL,2011,East Asia & Pacific,High income,NA,76.315,266543,50,NA,13.988,NA
New Caledonia,NC,NCL,2000,East Asia & Pacific,High income,NA,73.574,223098,13.9395,NA,17.907,NA
New Caledonia,NC,NCL,2009,East Asia & Pacific,High income,NA,75.676,257250,33.99,NA,13.97,NA
New Caledonia,NC,NCL,2007,East Asia & Pacific,High income,NA,75.181,250725,35.05,NA,14.754,NA
New Caledonia,NC,NCL,2003,East Asia & Pacific,High income,NA,74.5,236678,26.4083,NA,16.665,NA
New Caledonia,NC,NCL,2004,East Asia & Pacific,High income,NA,74.713,240852,30.298,NA,16.31,NA
New Caledonia,NC,NCL,2005,East Asia & Pacific,High income,NA,74.867,244381,32.359,NA,15.778,NA
New Caledonia,NC,NCL,2010,East Asia & Pacific,High income,NA,75.992,261582,42,NA,13.998,NA
New Caledonia,NC,NCL,2006,East Asia & Pacific,High income,NA,75.016,247547,33.5157,NA,15.256,NA
New Caledonia,NC,NCL,2019,East Asia & Pacific,High income,NA,77.262,283606,NA,NA,10.88,NA
New Caledonia,NC,NCL,2020,East Asia & Pacific,High income,NA,77.049,284176,NA,NA,13.558,NA
New Caledonia,NC,NCL,2001,East Asia & Pacific,High income,NA,73.958,227707,18.2371,NA,17.391,NA
New Caledonia,NC,NCL,2002,East Asia & Pacific,High income,NA,74.278,232236,22.3898,NA,17.045,NA
New Caledonia,NC,NCL,2013,East Asia & Pacific,High income,NA,76.867,276822,66,NA,14.39,NA
New Caledonia,NC,NCL,2014,East Asia & Pacific,High income,NA,77.053,281224,70,NA,14.59,NA
New Caledonia,NC,NCL,2015,East Asia & Pacific,High income,30858.7237060533,77.206,283168,74.0018,NA,13.621,NA
New Caledonia,NC,NCL,2016,East Asia & Pacific,High income,NA,77.359,283423,NA,NA,12.679,NA
New Caledonia,NC,NCL,2017,East Asia & Pacific,High income,NA,77.504,283546,82.0058,NA,11.676,NA
New Caledonia,NC,NCL,2022,East Asia & Pacific,High income,NA,77.698,287123,NA,NA,10.71,NA
New Caledonia,NC,NCL,2021,East Asia & Pacific,High income,NA,77.113,285214,NA,NA,11.574,NA
New Caledonia,NC,NCL,2012,East Asia & Pacific,High income,NA,76.615,271633,58,NA,14.116,NA
New Zealand,NZ,NZL,2011,East Asia & Pacific,High income,35957.523248516,81.1560975609756,4384000,81.23,118.256721496582,6.491,NA
New Zealand,NZ,NZL,2010,East Asia & Pacific,High income,35489.7631519026,80.9048780487805,4350700,80.46,119.128967285156,6.557,NA
New Zealand,NZ,NZL,2014,East Asia & Pacific,High income,38056.2646732554,81.4568292682927,4516500,84,116.084312438965,5.428,NA
New Zealand,NZ,NZL,2012,East Asia & Pacific,High income,36607.1493914827,81.4073170731707,4408100,81.6445,116.826477050781,6.931,NA
New Zealand,NZ,NZL,2009,East Asia & Pacific,High income,35370.585185302,80.7024390243902,4302600,79.7,125.807861328125,6.121,NA
New Zealand,NZ,NZL,2008,East Asia & Pacific,High income,35739.3584607571,80.3512195121951,4259800,72.03,118.054237365723,4.167,NA
New Zealand,NZ,NZL,2019,East Asia & Pacific,High income,40727.8822513384,82.0560975609756,4970300,89.8637,120.266319274902,4.109,NA
New Zealand,NZ,NZL,2020,East Asia & Pacific,High income,39785.473128643,82.2560975609756,5072400,95.2342,116.893188476562,4.595,NA
New Zealand,NZ,NZL,2021,East Asia & Pacific,High income,41490.1148198326,82.2073170731707,5084600,96.1151,117.595428466797,3.776,NA
New Zealand,NZ,NZL,2013,East Asia & Pacific,High income,37267.6586997514,81.4048780487805,4442100,82.78,115.650527954102,5.839,NA
New Zealand,NZ,NZL,2022,East Asia & Pacific,High income,42965.2749754735,81.9585365853658,5081700,96.1942,114.774932861328,3.299,NA
New Zealand,NZ,NZL,2002,East Asia & Pacific,High income,32641.8202163485,78.8463414634146,3948500,59.0808,115.515556335449,5.282,NA
New Zealand,NZ,NZL,2015,East Asia & Pacific,High income,38665.3723018158,81.6124390243903,4609400,85.2,114.889991760254,5.415,NA
New Zealand,NZ,NZL,2017,East Asia & Pacific,High income,39722.6068434219,81.8585365853659,4813600,87.7,112.943313598633,4.736,NA
New Zealand,NZ,NZL,2001,East Asia & Pacific,High income,31718.7628389095,78.6926829268293,3880500,53.241,112.625297546387,5.433,NA
New Zealand,NZ,NZL,2007,East Asia & Pacific,High income,36414.3173040299,80.1512195121951,4223800,69.76,119.56844329834,3.661,NA
New Zealand,NZ,NZL,2003,East Asia & Pacific,High income,33517.0893271345,79.1463414634146,4027200,60.9625,117.427673339844,4.745,NA
New Zealand,NZ,NZL,2006,East Asia & Pacific,High income,35665.3533259784,80.0487804878049,4184600,69,117.906547546387,3.857,NA
New Zealand,NZ,NZL,2005,East Asia & Pacific,High income,35126.3341641095,79.8512195121951,4133900,62.7202,119.563697814941,3.807,NA
New Zealand,NZ,NZL,2000,East Asia & Pacific,High income,30853.807635459,78.6365853658537,3857700,47.3796,112.153717041016,6.13,NA
New Zealand,NZ,NZL,2018,East Asia & Pacific,High income,40371.5456268118,81.7073170731707,4900600,89,112.411079406738,4.335,NA
New Zealand,NZ,NZL,2016,East Asia & Pacific,High income,39235.3695566636,81.6585365853659,4714100,86.5,113.687911987305,5.147,NA
New Zealand,NZ,NZL,2004,East Asia & Pacific,High income,34372.5891093868,79.5487804878049,4087500,61.8476,115.379913330078,4.005,NA
Nicaragua,NI,NIC,2002,Latin America & Caribbean,Lower middle income,1475.48635411179,67.95,5149909,1.71473,60.6764602661133,7.517,NA
Nicaragua,NI,NIC,2001,Latin America & Caribbean,Lower middle income,1482.31517247279,67.028,5087825,1.4488,56.3652381896973,7.222,52.9
Nicaragua,NI,NIC,2011,Latin America & Caribbean,Lower middle income,1786.62863418308,72.033,5819051,10.6,NA,6.613,NA
Nicaragua,NI,NIC,2012,Latin America & Caribbean,Lower middle income,1876.1759720149,72.435,5901287,13.5,NA,5.208,NA
Nicaragua,NI,NIC,2010,Latin America & Caribbean,Lower middle income,1704.37875049059,71.761,5737450,10,71.3924407958984,7.83,NA
Nicaragua,NI,NIC,2013,Latin America & Caribbean,Lower middle income,1941.45628552626,72.551,5983845,15.5,NA,5.28,NA
Nicaragua,NI,NIC,2014,Latin America & Caribbean,Lower middle income,2006.64869646533,72.792,6066492,17.6,NA,4.52,46.2
Nicaragua,NI,NIC,2000,Latin America & Caribbean,Lower middle income,1458.37490084556,66.36,5022633,0.980216,53.405029296875,7.181,NA
Nicaragua,NI,NIC,2004,Latin America & Caribbean,Lower middle income,1555.87425694816,69.51,5272912,2.32066,65.4347305297852,6.41,NA
Nicaragua,NI,NIC,2005,Latin America & Caribbean,Lower middle income,1601.48770707458,70.374,5342105,2.56635,68.5747222900391,5.37,48.8
Nicaragua,NI,NIC,2006,Latin America & Caribbean,Lower middle income,1644.37193565251,70.958,5418855,2.80557,69.0923385620117,5.31,NA
Nicaragua,NI,NIC,2003,Latin America & Caribbean,Lower middle income,1494.95618752566,68.749,5210963,1.88041,NA,7.6,NA
Nicaragua,NI,NIC,2008,Latin America & Caribbean,Lower middle income,1736.65740610408,71.404,5576593,5.3,70.7740936279297,6.2,NA
Nicaragua,NI,NIC,2009,Latin America & Caribbean,Lower middle income,1655.72028962416,71.499,5656601,7.3,NA,8.16,43.9
Nicaragua,NI,NIC,2019,Latin America & Caribbean,Lower middle income,2019.91518620044,73.764,6483657,37.8319,NA,5.457,NA
Nicaragua,NI,NIC,2020,Latin America & Caribbean,Lower middle income,1950.19181218473,70.766,6565267,42.2037,NA,6.18,NA
Nicaragua,NI,NIC,2015,Latin America & Caribbean,Lower middle income,2074.45620634731,72.899,6149417,19.7043,NA,4.7,NA
Nicaragua,NI,NIC,2016,Latin America & Caribbean,Lower middle income,2140.14405941606,73.18,6232666,24.5718,NA,3.9,NA
Nicaragua,NI,NIC,2017,Latin America & Caribbean,Lower middle income,2209.63273423213,73.389,6316231,30.4,NA,3.3,NA
Nicaragua,NI,NIC,2007,Latin America & Caribbean,Lower middle income,1703.20780299405,71.197,5497243,3.9,72.1754989624023,4.89,NA
Nicaragua,NI,NIC,2022,Latin America & Caribbean,Lower middle income,2175.73899144405,74.463,6730654,49.1307,NA,4.969,NA
Nicaragua,NI,NIC,2018,Latin America & Caribbean,Lower middle income,2107.3396261623,73.879,6400080,33.913,NA,5.2,NA
Nicaragua,NI,NIC,2021,Latin America & Caribbean,Lower middle income,2128.30881395452,70.478,6644741,47.0806,NA,6.076,NA
Niger,NE,NER,2006,Sub-Saharan Africa,Low income,415.852022114801,54.223,14268581,0.294034,10.6787004470825,2.528,NA
Niger,NE,NER,2003,Sub-Saharan Africa,Low income,406.333757497876,51.545,12796984,0.155699,6.86678981781006,2.145,NA
Niger,NE,NER,2007,Sub-Saharan Africa,Low income,413.419126261066,55.063,14803610,0.390391,10.3014001846313,2.021,37.3
Niger,NE,NER,2009,Sub-Saharan Africa,Low income,421.650901333136,56.487,15943675,0.76,11.1999397277832,1.208,NA
Niger,NE,NER,2004,Sub-Saharan Africa,Low income,393.398781453199,52.402,13265836,0.189934,8.35079956054688,2.751,NA
Niger,NE,NER,2008,Sub-Saharan Africa,Low income,429.195542798877,55.852,15361915,0.7,10.6592998504639,1.584,NA
Niger,NE,NER,2005,Sub-Saharan Africa,Low income,407.190931059924,53.32,13756192,0.221341,9.26323986053467,3.1,44.4
Niger,NE,NER,2001,Sub-Saharan Africa,Low income,406.923493665264,49.872,11920647,0.105185,6.231369972229,1.47,NA
Niger,NE,NER,2010,Sub-Saharan Africa,Low income,441.079166112039,57.08,16548835,0.83,12.8063202484136,0.718,NA
Niger,NE,NER,2018,Sub-Saharan Africa,Low income,519.546993483886,59.765,22188069,NA,NA,0.536,37.3
Niger,NE,NER,2019,Sub-Saharan Africa,Low income,532.186024570389,60.031,22947757,16.6119,NA,0.531,NA
Niger,NE,NER,2012,Sub-Saharan Africa,Low income,463.066265496402,57.987,17836769,1.05,14.8037867184503,2.177,NA
Niger,NE,NER,2002,Sub-Saharan Africa,Low income,412.123793192578,50.645,12349144,0.127152,6.28120994567871,1.808,NA
Niger,NE,NER,2017,Sub-Saharan Africa,Low income,501.615305462902,59.524,21435446,10.2243,23.7611505662509,0.556,NA
Niger,NE,NER,2011,Sub-Saharan Africa,Low income,434.986264873953,57.6,17176283,0.9,13.6643213754076,0.316,31.5
Niger,NE,NER,2016,Sub-Saharan Africa,Low income,495.017437216008,59.228,20685753,4.32276,22.6700395113082,0.55,NA
Niger,NE,NER,2020,Sub-Saharan Africa,Low income,533.194328910254,59.89,23717613,17.0375,NA,0.591,NA
Niger,NE,NER,2021,Sub-Saharan Africa,Low income,523.263179518652,59.542,24502140,17.474,NA,0.806,32.9
Niger,NE,NER,2014,Sub-Saharan Africa,Low income,482.74524741946,58.693,19215909,1.24868,17.8459505465436,0.524,34.3
Niger,NE,NER,2022,Sub-Saharan Africa,Low income,566.797962983866,60.398,25311973,23.2982,NA,0.403,NA
Niger,NE,NER,2000,Sub-Saharan Africa,Low income,392.898616941042,49.172,11509630,0.0362613,6.30063009262085,1.427,NA
Niger,NE,NER,2013,Sub-Saharan Africa,Low income,469.690214200878,58.364,18519898,1.15,15.9596510320284,1.401,NA
Niger,NE,NER,2015,Sub-Saharan Africa,Low income,485.662574175279,58.85,19939498,2.47622,19.6922012498743,0.556,NA
Nigeria,NG,NGA,2022,Sub-Saharan Africa,Lower middle income,2254.29080416892,54.079,223150896,37.6975,NA,3.827,33.9
Nigeria,NG,NGA,2006,Sub-Saharan Africa,Lower middle income,1949.15856804565,49.876,149077334,5.54504,33.1262817382812,3.749,NA
Nigeria,NG,NGA,2018,Sub-Saharan Africa,Lower middle income,2431.77857832568,52.669,204938755,27.7,40.4885292053223,5.069,35.1
Nigeria,NG,NGA,2021,Sub-Saharan Africa,Lower middle income,2206.66406250067,53.455,218529286,35.5098,45.444938659668,5.404,NA
Nigeria,NG,NGA,2020,Sub-Saharan Africa,Lower middle income,2228.68631422888,53.072,213996181,31.8888,44.1220893859863,5.714,NA
Nigeria,NG,NGA,2009,Sub-Saharan Africa,Lower middle income,2204.6072560373,51.08,162049464,9.3,37.1381416320801,3.763,NA
Nigeria,NG,NGA,2002,Sub-Saharan Africa,Lower middle income,1644.39518877633,48.02,133471989,0.320462,28.8738098144531,3.669,NA
Nigeria,NG,NGA,2007,Sub-Saharan Africa,Lower middle income,2020.83316299454,50.381,153267261,6.77,30.4232006072998,3.794,NA
Nigeria,NG,NGA,2008,Sub-Saharan Africa,Lower middle income,2098.28339220668,50.748,157595014,8,33.6112785339355,3.792,NA
Nigeria,NG,NGA,2005,Sub-Saharan Africa,Lower middle income,1889.25175325818,49.538,145017253,3.54916,33.7729187011719,3.727,NA
Nigeria,NG,NGA,2001,Sub-Saharan Africa,Lower middle income,1465.45720342309,47.549,129862595,0.0899014,26.3999805450439,3.9,NA
Nigeria,NG,NGA,2003,Sub-Saharan Africa,Lower middle income,1717.2145111176,48.618,137202644,0.558576,NA,3.637,40.1
Nigeria,NG,NGA,2000,Sub-Saharan Africa,Lower middle income,1421.67987952013,47.143,126382494,0.0640808,23.9613494873047,3.953,NA
Nigeria,NG,NGA,2013,Sub-Saharan Africa,Lower middle income,2495.34106573749,51.827,181049443,19.1,52.7967300415039,3.711,NA
Nigeria,NG,NGA,2012,Sub-Saharan Africa,Lower middle income,2403.65387896924,51.688,176200625,16.1,44.4557914733887,3.761,35.5
Nigeria,NG,NGA,2010,Sub-Saharan Africa,Lower middle income,2315.46676509663,51.315,166642886,11.5,41.7837982177734,3.744,35.7
Nigeria,NG,NGA,2019,Sub-Saharan Africa,Lower middle income,2431.53528472982,53.009,209485641,29.7,NA,5.206,NA
Nigeria,NG,NGA,2004,Sub-Saharan Africa,Lower middle income,1824.80269456773,49.148,141057045,1.28614,33.9481201171875,3.59,NA
Nigeria,NG,NGA,2017,Sub-Saharan Africa,Lower middle income,2441.71236404488,52.397,200254579,25.9,NA,4.83,NA
Nigeria,NG,NGA,2015,Sub-Saharan Africa,Lower middle income,2585.73360671797,51.939,190671878,22.5,43.8246917724609,4.134,35.9
Nigeria,NG,NGA,2016,Sub-Saharan Africa,Lower middle income,2481.81490350326,52.189,195443700,24.1,39.3068084716797,4.499,NA
Nigeria,NG,NGA,2011,Sub-Saharan Africa,Lower middle income,2370.97657091803,51.49,171379598,13.8,43.0239906311035,3.77,NA
Nigeria,NG,NGA,2014,Sub-Saharan Africa,Lower middle income,2583.6155695814,51.94,185896915,21,42.7821502685547,3.9,NA
North Macedonia,MK,MKD,2017,Europe & Central Asia,Upper middle income,5510.81862920922,75.9536585365854,1898657,74.5168,84.6865386962891,22.857,34.2
North Macedonia,MK,MKD,2002,Europe & Central Asia,Upper middle income,3240.11064526089,73.0390243902439,2020157,17.33,83.9654083251953,31.94,38.5
North Macedonia,MK,MKD,2016,Europe & Central Asia,Upper middle income,5429.94678358359,75.4,1906313,72.1568,NA,24.312,34.5
North Macedonia,MK,MKD,2015,Europe & Central Asia,Upper middle income,5262.68671928674,75.4024390243902,1912430,70.3802,84.9836273193359,26.395,35.6
North Macedonia,MK,MKD,2021,Europe & Central Asia,Upper middle income,6064.92315120022,73.2463414634146,1837114,81.8737,84.1619567871094,15.801,NA
North Macedonia,MK,MKD,2019,Europe & Central Asia,Upper middle income,5961.58475399191,76.6024390243903,1876262,81.4129,82.5312805175781,17.414,33.5
North Macedonia,MK,MKD,2020,Europe & Central Asia,Upper middle income,5743.72649424581,74.3951219512195,1856124,81.4055,82.4416732788086,16.575,NA
North Macedonia,MK,MKD,2014,Europe & Central Asia,Upper middle income,5053.75001236367,75.4512195121951,1917557,68.0585,83.6949768066406,28.215,35.2
North Macedonia,MK,MKD,2018,Europe & Central Asia,Upper middle income,5698.39334484489,76.6487804878049,1889051,79.1678,83.3533935546875,21.208,33
North Macedonia,MK,MKD,2022,Europe & Central Asia,Upper middle income,6250.62720952063,74.4248780487805,1831712,85.008,91.4516372680664,14.476,NA
North Macedonia,MK,MKD,2013,Europe & Central Asia,Upper middle income,4863.68088666968,75.4,1922716,65.24,83.8025588989258,29.017,36.2
North Macedonia,MK,MKD,2003,Europe & Central Asia,Upper middle income,3307.92040834712,73.2414634146342,2022725,19.07,83.6575317382812,36.69,38.7
North Macedonia,MK,MKD,2004,Europe & Central Asia,Upper middle income,3473.76544811451,73.5975609756098,2016186,24.44,83.2468414306641,37.161,38.4
North Macedonia,MK,MKD,2010,Europe & Central Asia,Upper middle income,4582.36517512347,74.9975609756098,1946298,51.9,85.4283828735352,33.135,40.1
North Macedonia,MK,MKD,2011,Europe & Central Asia,Upper middle income,4711.13027870081,75.1,1937398,56.7,NA,31.502,39.4
North Macedonia,MK,MKD,2008,Europe & Central Asia,Upper middle income,4392.5507164151,74.4,1971493,46.04,84.0322494506836,33.93,46.1
North Macedonia,MK,MKD,2001,Europe & Central Asia,Upper middle income,3169.32514368931,73.4365853658537,2034882,3.46818,84.2949676513672,30.52,NA
North Macedonia,MK,MKD,2009,Europe & Central Asia,Upper middle income,4405.20045750867,74.4463414634146,1958782,51.77,84.1355972290039,32.351,42.8
North Macedonia,MK,MKD,2005,Europe & Central Asia,Upper middle income,3657.56307699216,73.6975609756098,2005330,26.45,83.6800384521484,37.32,39.3
North Macedonia,MK,MKD,2000,Europe & Central Asia,Upper middle income,3283.37934095351,72.9463414634147,2026350,2.48557,83.5768890380859,32.2,34.3
North Macedonia,MK,MKD,2007,Europe & Central Asia,Upper middle income,4140.63354809364,73.8,1982933,36.3,84.0014801025391,35.231,NA
North Macedonia,MK,MKD,2006,Europe & Central Asia,Upper middle income,3866.74650622977,73.8951219512195,1994287,28.62,NA,36.392,42.6
North Macedonia,MK,MKD,2012,Europe & Central Asia,Upper middle income,4708.05168535923,74.9024390243903,1929821,57.4499,85.8300170898438,31.096,38.1
Northern Mariana Islands,MP,MNP,2007,East Asia & Pacific,High income,20117.7037335229,77.863,58941,NA,NA,NA,NA
Northern Mariana Islands,MP,MNP,2008,East Asia & Pacific,High income,18451.3905458787,77.938,57150,NA,NA,NA,NA
Northern Mariana Islands,MP,MNP,2014,East Asia & Pacific,High income,16869.5270385638,77.377,52178,NA,NA,NA,NA
Northern Mariana Islands,MP,MNP,2015,East Asia & Pacific,High income,17665.1007493109,77.36,51514,NA,NA,NA,NA
Northern Mariana Islands,MP,MNP,2016,East Asia & Pacific,High income,23158.5744988538,77.392,50773,NA,NA,NA,NA
Northern Mariana Islands,MP,MNP,2006,East Asia & Pacific,High income,20940.1619770428,77.688,60682,NA,NA,NA,NA
Northern Mariana Islands,MP,MNP,2010,East Asia & Pacific,High income,16293.3059496259,77.8,54091,NA,NA,NA,NA
Northern Mariana Islands,MP,MNP,2003,East Asia & Pacific,High income,24650.0405531909,76.505,65421,NA,NA,NA,NA
Northern Mariana Islands,MP,MNP,2004,East Asia & Pacific,High income,24445.4618441919,76.789,63938,NA,NA,NA,NA
Northern Mariana Islands,MP,MNP,2009,East Asia & Pacific,High income,15710.5807282039,77.903,55325,NA,NA,NA,NA
Northern Mariana Islands,MP,MNP,2005,East Asia & Pacific,High income,21882.2927935415,77.307,62354,NA,NA,NA,NA
Northern Mariana Islands,MP,MNP,2017,East Asia & Pacific,High income,28989.3470221339,77.47,49959,NA,NA,NA,NA
Northern Mariana Islands,MP,MNP,2018,East Asia & Pacific,High income,23756.6075820248,77.51,49077,NA,NA,NA,NA
Northern Mariana Islands,MP,MNP,2000,East Asia & Pacific,High income,NA,74.9,68356,NA,NA,NA,NA
Northern Mariana Islands,MP,MNP,2001,East Asia & Pacific,High income,NA,75.419,67984,NA,NA,NA,NA
Northern Mariana Islands,MP,MNP,2022,East Asia & Pacific,High income,19461.8611129744,78.531,46078,NA,NA,NA,NA
Northern Mariana Islands,MP,MNP,2021,East Asia & Pacific,High income,16365.016735395,78.16,46979,NA,NA,NA,NA
Northern Mariana Islands,MP,MNP,2002,East Asia & Pacific,High income,24066.5361573445,75.934,66778,NA,NA,NA,NA
Northern Mariana Islands,MP,MNP,2012,East Asia & Pacific,High income,15457.4258192247,77.566,53234,NA,NA,NA,NA
Northern Mariana Islands,MP,MNP,2013,East Asia & Pacific,High income,16015.0349164338,77.452,52758,NA,NA,NA,NA
Northern Mariana Islands,MP,MNP,2019,East Asia & Pacific,High income,21451.4401636511,77.844,48129,NA,NA,NA,NA
Northern Mariana Islands,MP,MNP,2020,East Asia & Pacific,High income,15410.1186923944,78.03,47528,NA,NA,NA,NA
Northern Mariana Islands,MP,MNP,2011,East Asia & Pacific,High income,15226.1308805108,77.688,53608,NA,NA,NA,NA
Norway,NO,NOR,2012,Europe & Central Asia,High income,73661.6785830334,81.4512195121951,5018573,94.65,112.176536560059,3.129,25.7
Norway,NO,NOR,2013,Europe & Central Asia,High income,73515.9144917472,81.7512195121951,5079623,95.0534,114.515380859375,3.425,26.4
Norway,NO,NOR,2020,Europe & Central Asia,High income,75287.2059527598,83.209756097561,5379475,94.6076,119.941543579102,4.424,28.4
Norway,NO,NOR,2008,Europe & Central Asia,High income,75535.2118003041,80.5926829268293,4768212,90.57,111.518058776855,2.521,27
Norway,NO,NOR,2011,Europe & Central Asia,High income,72660.6754124944,81.2951219512195,4953088,93.49,113.169883728027,3.196,25.3
Norway,NO,NOR,2007,Europe & Central Asia,High income,76115.7066768285,80.3951219512195,4709153,86.93,111.639923095703,2.493,27.1
Norway,NO,NOR,2016,Europe & Central Asia,High income,75017.4944769055,82.4073170731707,5234519,97.2982,116.6455078125,4.68,28.5
Norway,NO,NOR,2014,Europe & Central Asia,High income,74180.3238731011,82.1,5137232,96.3005,113.479888916016,3.486,26.8
Norway,NO,NOR,2010,Europe & Central Asia,High income,72804.3956188398,80.9975609756098,4889252,93.39,112.978569030762,3.527,25.7
Norway,NO,NOR,2015,Europe & Central Asia,High income,74809.9658049898,82.3048780487805,5188607,96.8103,115.210121154785,4.296,27.5
Norway,NO,NOR,2001,Europe & Central Asia,High income,68899.5268987833,78.7853658536585,4513751,64,114.568199157715,3.738,NA
Norway,NO,NOR,2009,Europe & Central Asia,High income,73141.3073299889,80.7951219512195,4828726,92.08,111.068412780762,3.1,26.2
Norway,NO,NOR,2022,Europe & Central Asia,High income,79620.1635455079,82.509756097561,5457127,99,119.442527770996,3.231,26.9
Norway,NO,NOR,2005,Europe & Central Asia,High income,73524.2549197612,80.0414634146342,4623291,81.99,111.56275177002,4.381,30.6
Norway,NO,NOR,2006,Europe & Central Asia,High income,74729.7365961068,80.3439024390244,4660677,82.55,111.527641296387,3.397,26.4
Norway,NO,NOR,2000,Europe & Central Asia,High income,67846.5968643534,78.6341463414634,4490967,52,116.452041625977,3.458,27.4
Norway,NO,NOR,2017,Europe & Central Asia,High income,76247.4116445341,82.609756097561,5276968,96.3576,117.301460266113,4.164,27
Norway,NO,NOR,2018,Europe & Central Asia,High income,76373.6474606092,82.7585365853659,5311916,96.4917,117.714706420898,3.801,27.6
Norway,NO,NOR,2019,Europe & Central Asia,High income,76712.2871160349,82.9585365853659,5347896,98,119.421340942383,3.684,27.7
Norway,NO,NOR,2002,Europe & Central Asia,High income,69472.9836807311,78.9878048780488,4538159,72.84,113.255867004395,4.022,NA
Norway,NO,NOR,2021,Europe & Central Asia,High income,77812.7115614383,83.1634146341463,5408320,99,119.816871643066,4.359,29.1
Norway,NO,NOR,2004,Europe & Central Asia,High income,72090.9862854901,79.8414634146342,4591910,77.69,114.047332763672,4.256,31.6
Norway,NO,NOR,2003,Europe & Central Asia,High income,69719.3122573679,79.390243902439,4564855,78.13,113.38200378418,4.221,27.6
Oman,OM,OMN,2002,Middle East & North Africa,High income,20150.1131971413,74.276,2337140,6.8734,82.3686370849609,4.335,NA
Oman,OM,OMN,2009,Middle East & North Africa,High income,22819.1977324647,76.631,2684659,26.8,98.9851303100586,3.977,NA
Oman,OM,OMN,2000,Middle East & North Africa,High income,19881.7364316776,73.643,2282131,3.52042,77.5544662475586,4.433,NA
Oman,OM,OMN,2005,Middle East & North Africa,High income,19629.0451546015,75.07,2459802,6.68358,87.4191207885742,4.589,NA
Oman,OM,OMN,2014,Middle East & North Africa,High income,18726.2026946971,79.03,4002439,70.22,NA,3.453,NA
Oman,OM,OMN,2003,Middle East & North Africa,High income,19485.6441506077,74.521,2363796,7.25574,83.6306076049805,4.599,NA
Oman,OM,OMN,2001,Middle East & North Africa,High income,20546.0554077598,73.979,2310217,5.89384,80.0002517700195,4.298,NA
Oman,OM,OMN,2022,Middle East & North Africa,High income,18792.4460565306,77.911,4730226,95.2453,91.9645458184777,3.3,NA
Oman,OM,OMN,2006,Middle East & North Africa,High income,20096.3965576134,75.354,2514795,8.29972,89.8000335693359,4.387,NA
Oman,OM,OMN,2007,Middle East & North Africa,High income,20642.7489563377,75.596,2570174,16.68,92.0884475708008,4.309,NA
Oman,OM,OMN,2008,Middle East & North Africa,High income,22007.7338963517,76.124,2626529,20,93.2216796875,4.142,NA
Oman,OM,OMN,2011,Middle East & North Africa,High income,20993.9079436935,77.74,3076763,48,114.451620751396,3.95,NA
Oman,OM,OMN,2012,Middle East & North Africa,High income,19824.1215485946,78.187,3547106,60,110.750350631136,3.753,NA
Oman,OM,OMN,2013,Middle East & North Africa,High income,19299.9400516869,78.633,3833913,66.45,109.168488109249,3.553,NA
Oman,OM,OMN,2010,Middle East & North Africa,High income,22766.0503620721,77.184,2757446,35.8278,NA,3.911,NA
Oman,OM,OMN,2004,Middle East & North Africa,High income,19534.8601445269,74.82,2404821,6.75885,NA,4.693,NA
Oman,OM,OMN,2017,Middle East & North Africa,High income,18277.945563615,79.748,4537396,80.1856,101.678019833334,2.523,NA
Oman,OM,OMN,2018,Middle East & North Africa,High income,18269.6769435562,79.864,4597877,85.5,103.951581913667,1.8,NA
Oman,OM,OMN,2015,Middle East & North Africa,High income,18808.3077921839,79.346,4184895,73.53,101.932699190524,3.403,NA
Oman,OM,OMN,2020,Middle East & North Africa,High income,17743.8858800477,77.763,4522497,95.2323,94.5432460924967,2.94,NA
Oman,OM,OMN,2021,Middle East & North Africa,High income,18291.3387983888,75.969,4500424,95.2388,94.287268445183,1.9,NA
Oman,OM,OMN,2019,Middle East & North Africa,High income,18089.586668488,79.946,4591241,90.2594,102.141469011215,2.045,NA
Oman,OM,OMN,2016,Middle East & North Africa,High income,18830.6057208608,79.581,4390877,76.8454,102.304902141834,3.266,NA
Pakistan,PK,PAK,2009,South Asia,Lower middle income,1269.07432116444,64.206,194376534,7.5,29.0589694976807,0.535,NA
Pakistan,PK,PAK,2000,South Asia,Lower middle income,1049.54229686852,61.903,154879127,NA,NA,0.614,NA
Pakistan,PK,PAK,2001,South Asia,Lower middle income,1057.86767778646,62.241,159270907,1.3185500000000001,NA,0.611,28.7
Pakistan,PK,PAK,2002,South Asia,Lower middle income,1059.04171024589,62.556,163222549,2.57743,NA,0.615,NA
Pakistan,PK,PAK,2004,South Asia,Lower middle income,1146.99632842666,63.097,171286000,6.16432,21.7634296417236,0.598,30.9
Pakistan,PK,PAK,2005,South Asia,Lower middle income,1201.23359367214,62.416,175453212,6.33233,22.6038208007812,0.583,31.3
Pakistan,PK,PAK,2006,South Asia,Lower middle income,1243.94142602543,63.624,179682690,6.5,27.2463207244873,0.582,NA
Pakistan,PK,PAK,2007,South Asia,Lower middle income,1265.35567539842,63.807,184493231,6.8,29.0634307861328,0.398,29.7
Pakistan,PK,PAK,2008,South Asia,Lower middle income,1258.05188934452,64.002,189499113,7,29.1768093109131,0.423,NA
Pakistan,PK,PAK,2019,South Asia,Lower middle income,1573.8330826937,66.729,230800899,17.0709,38.7511552822907,4.83,NA
Pakistan,PK,PAK,2010,South Asia,Lower middle income,1256.69482201323,64.378,199239047,8,29.2962900661933,0.653,28.8
Pakistan,PK,PAK,2020,South Asia,Lower middle income,1526.00597486307,65.701,235001746,18.9348,NA,5.994,NA
Pakistan,PK,PAK,2021,South Asia,Lower middle income,1595.02792175422,65.773,239477801,21.4107,40.2578898404389,6.338,NA
Pakistan,PK,PAK,2011,South Asia,Lower middle income,1261.83161907857,64.659,203746065,8,29.7271460529531,0.796,29.7
Pakistan,PK,PAK,2012,South Asia,Lower middle income,1275.48806898966,64.883,207667125,8.1,30.6300201416016,3.667,NA
Pakistan,PK,PAK,2013,South Asia,Lower middle income,1309.70080446386,65.129,211073978,9,31.544819132504,2.954,29.5
Pakistan,PK,PAK,2003,South Asia,Lower middle income,1090.27523993746,62.834,167110248,5.04116,19.8385200500488,0.612,NA
Pakistan,PK,PAK,2014,South Asia,Lower middle income,1343.30778121043,65.374,214264647,10,32.6573427323505,1.827,NA
Pakistan,PK,PAK,2015,South Asia,Lower middle income,1380.47020838317,65.641,217290883,11,34.6741466548496,3.566,31.3
Pakistan,PK,PAK,2016,South Asia,Lower middle income,1452.18658269177,65.943,220138869,12.3854,35.8643246680809,2.285,NA
Pakistan,PK,PAK,2017,South Asia,Lower middle income,1495.26187528032,66.223,223273967,13.78,35.3224248744451,3.204,NA
Pakistan,PK,PAK,2018,South Asia,Lower middle income,1561.68169819559,66.481,226928892,15.34,37.1466063259079,4.083,29.6
Pakistan,PK,PAK,2022,South Asia,Lower middle income,1642.28066974826,67.417,243700667,24.2103,40.4177656413012,5.291,NA
Palau,PW,PLW,2012,East Asia & Pacific,High income,14609.8376964301,68.863,17765,NA,NA,NA,NA
Palau,PW,PLW,2014,East Asia & Pacific,High income,15015.0026129107,69.062,17715,NA,108.378378378378,NA,NA
Palau,PW,PLW,2015,East Asia & Pacific,High income,16154.0532152373,69.07,17770,NA,NA,NA,NA
Palau,PW,PLW,2011,East Asia & Pacific,High income,14123.1262308557,68.638,18078,NA,NA,NA,NA
Palau,PW,PLW,2017,East Asia & Pacific,High income,15841.6183886679,69.019,17812,NA,NA,NA,NA
Palau,PW,PLW,2018,East Asia & Pacific,High income,15642.8069323229,68.989,17814,NA,NA,NA,NA
Palau,PW,PLW,2019,East Asia & Pacific,High income,15600.1871093094,68.982,17798,NA,NA,NA,NA
Palau,PW,PLW,2020,East Asia & Pacific,High income,14532.9898440558,68.689,17792,NA,160.800003051758,NA,NA
Palau,PW,PLW,2021,East Asia & Pacific,High income,12612.2906184953,68.563,17783,NA,102.280830383301,NA,NA
Palau,PW,PLW,2022,East Asia & Pacific,High income,12820.3765209089,68.922,17759,NA,89.0526315789474,NA,NA
Palau,PW,PLW,2007,East Asia & Pacific,High income,14590.4803753503,67.113,19302,NA,101.115242004395,NA,NA
Palau,PW,PLW,2008,East Asia & Pacific,High income,14045.7297946023,67.562,19009,NA,NA,NA,NA
Palau,PW,PLW,2009,East Asia & Pacific,High income,13338.1300928439,67.99,18709,NA,NA,NA,NA
Palau,PW,PLW,2010,East Asia & Pacific,High income,13206.5122645,68.347,18396,NA,NA,NA,NA
Palau,PW,PLW,2013,East Asia & Pacific,High income,14331.3395472642,68.981,17648,NA,106.158729553223,NA,NA
Palau,PW,PLW,2002,East Asia & Pacific,High income,13647.052731145,65.076,19503,20.2439,NA,NA,NA
Palau,PW,PLW,2016,East Asia & Pacific,High income,16343.5615050344,69.046,17797,NA,NA,NA,NA
Palau,PW,PLW,2000,East Asia & Pacific,High income,12346.4680054398,64.499,19178,NA,91.4381866455078,NA,NA
Palau,PW,PLW,2001,East Asia & Pacific,High income,13134.260646066,64.8,19352,NA,NA,NA,NA
Palau,PW,PLW,2004,East Asia & Pacific,High income,13599.4436174869,65.816,19820,26.9703,98.1433486938477,NA,NA
Palau,PW,PLW,2005,East Asia & Pacific,High income,13992.4700518965,66.219,19819,NA,97.3436889648438,NA,NA
Palau,PW,PLW,2006,East Asia & Pacific,High income,14186.1538388023,66.633,19593,NA,100.88996887207,NA,NA
Palau,PW,PLW,2003,East Asia & Pacific,High income,13250.6865944432,65.446,19659,21.6015,102.667266845703,NA,NA
Panama,PA,PAN,2005,Latin America & Caribbean,High income,7935.87134515908,75.16,3313026,11.484,67.5274200439453,5.967,53.8
Panama,PA,PAN,2000,Latin America & Caribbean,High income,6856.1491877083,73.443,3010369,6.5548,64.2499084472656,6.188,56.6
Panama,PA,PAN,2001,Latin America & Caribbean,High income,6787.86265820271,73.82,3069537,7.2684,66.2995376586914,6.293,56.7
Panama,PA,PAN,2003,Latin America & Caribbean,High income,7037.08164896629,74.567,3189807,9.98742,NA,6.303,55.6
Panama,PA,PAN,2004,Latin America & Caribbean,High income,7468.76593461799,74.845,3251155,11.1409,67.365348815918,6.097,54.8
Panama,PA,PAN,2008,Latin America & Caribbean,High income,10288.1549774225,75.937,3500648,33.82,68.7568283081055,5.639,52.7
Panama,PA,PAN,2002,Latin America & Caribbean,High income,6825.1774775292,74.195,3129344,8.51808,67.6569900512695,6.302,56.1
Panama,PA,PAN,2006,Latin America & Caribbean,High income,8557.98017379308,75.429,3375024,17.3496,67.3454132080078,5.792,54.6
Panama,PA,PAN,2007,Latin America & Caribbean,High income,9507.64640169959,75.675,3437490,22.29,67.6976089477539,5.665,52.7
Panama,PA,PAN,2011,Latin America & Caribbean,High income,11761.4988389067,76.659,3693505,42.7,71.7412201114851,4.03,51.3
Panama,PA,PAN,2012,Latin America & Caribbean,High income,12668.2945402358,76.877,3759256,40.3019,NA,3.691,51.7
Panama,PA,PAN,2009,Latin America & Caribbean,High income,10267.063313242401,76.228,3564381,39.08,70.2938766479492,5.857,51.8
Panama,PA,PAN,2010,Latin America & Caribbean,High income,10698.0717490512,76.417,3628535,40.1,71.9136975816467,5.845,51.6
Panama,PA,PAN,2016,Latin America & Caribbean,High income,14474.124340577,77.772,4029086,54,82.601448059082,4.717,50.4
Panama,PA,PAN,2017,Latin America & Caribbean,High income,15045.545619615,77.901,4098707,59.9506,76.5998992919922,5.338,49.9
Panama,PA,PAN,2013,Latin America & Caribbean,High income,13236.8306490828,77.129,3825329,44.03,76.4041290283203,3.674,51.5
Panama,PA,PAN,2014,Latin America & Caribbean,High income,13611.5490656071,77.365,3892101,44.9238,76.0406265258789,4.391,50.5
Panama,PA,PAN,2021,Latin America & Caribbean,High income,14552.9401400295,77.004,4345405,77.031,NA,10.177,50.9
Panama,PA,PAN,2022,Latin America & Caribbean,High income,15956.0653932059,79.324,4400773,77.7041,NA,8.086,NA
Panama,PA,PAN,2018,Latin America & Caribbean,High income,15375.6434854475,78.266,4167860,61.8055,NA,5.161,49.2
Panama,PA,PAN,2015,Latin America & Caribbean,High income,14082.6548434996,77.583,3960035,51.2054,76.5946807861328,4.335,50.8
Panama,PA,PAN,2019,Latin America & Caribbean,High income,15602.5420714581,78.514,4234700,63.6284,NA,6.256,49.8
Panama,PA,PAN,2020,Latin America & Caribbean,High income,12647.0826553801,76.33,4293261,70.0097,NA,14.663,NA
Papua New Guinea,PG,PNG,2007,East Asia & Pacific,Lower middle income,2000.9726186689,62.211,6963345,1.79056,NA,2.169,NA
Papua New Guinea,PG,PNG,2021,East Asia & Pacific,Lower middle income,2378.3716816549,64.358,10012896,23.2437,45.848952374731,3.03,NA
Papua New Guinea,PG,PNG,2006,East Asia & Pacific,Lower middle income,1915.2349405788,62.018,6747720,1.75449,NA,2.285,NA
Papua New Guinea,PG,PNG,2020,East Asia & Pacific,Lower middle income,2438.61137922293,65.075,9815746,24.3969,44.5528199220061,2.903,NA
Papua New Guinea,PG,PNG,2016,East Asia & Pacific,Lower middle income,2557.09463030035,64.7,8961718,9.60154,NA,2.478,NA
Papua New Guinea,PG,PNG,2017,East Asia & Pacific,Lower middle income,2584.8883636271,64.923,9178714,11.2092,NA,2.58,NA
Papua New Guinea,PG,PNG,2019,East Asia & Pacific,Lower middle income,2572.56177967896,65.331,9609010,19.9783,46.2668456486691,2.651,NA
Papua New Guinea,PG,PNG,2004,East Asia & Pacific,Lower middle income,1821.84741071002,61.795,6328041,1.50791,NA,2.526,NA
Papua New Guinea,PG,PNG,2005,East Asia & Pacific,Lower middle income,1875.82273480514,61.868,6535905,1.71619,NA,2.385,NA
Papua New Guinea,PG,PNG,2011,East Asia & Pacific,Lower middle income,2102.03192060639,63.382,7859346,2,NA,2.62,NA
Papua New Guinea,PG,PNG,2018,East Asia & Pacific,Lower middle income,2518.45899317321,65.114,9394513,NA,44.5501121213216,2.65,NA
Papua New Guinea,PG,PNG,2009,East Asia & Pacific,Lower middle income,2003.24109727039,62.772,7406438,1.61,NA,2.089,41.9
Papua New Guinea,PG,PNG,2010,East Asia & Pacific,Lower middle income,2140.50939027384,63.056,7633523,1.28,NA,2.002,NA
Papua New Guinea,PG,PNG,2000,East Asia & Pacific,Lower middle income,1989.57882204274,61.609,5537064,0.835249,NA,2.92,NA
Papua New Guinea,PG,PNG,2008,East Asia & Pacific,Lower middle income,1934.03201558753,62.511,7183002,1.15,NA,2.168,NA
Papua New Guinea,PG,PNG,2013,East Asia & Pacific,Lower middle income,2162.10592595591,63.927,8302698,5.1,NA,2.698,NA
Papua New Guinea,PG,PNG,2015,East Asia & Pacific,Lower middle income,2484.5963398603,64.473,8743246,7.9,NA,2.507,NA
Papua New Guinea,PG,PNG,2014,East Asia & Pacific,Lower middle income,2391.3578028163,64.198,8523441,6.5,NA,2.54,NA
Papua New Guinea,PG,PNG,2002,East Asia & Pacific,Lower middle income,1854.41831737462,61.643,5924003,1.32166,NA,2.756,NA
Papua New Guinea,PG,PNG,2003,East Asia & Pacific,Lower middle income,1832.67870314447,61.741,6123997,1.3744,NA,2.628,NA
Papua New Guinea,PG,PNG,2012,East Asia & Pacific,Lower middle income,2139.48096660428,63.639,8081390,3.5,37.0596555013801,2.634,NA
Papua New Guinea,PG,PNG,2022,East Asia & Pacific,Lower middle income,2467.23488790877,65.274,10203169,23.7315,NA,2.689,NA
Papua New Guinea,PG,PNG,2001,East Asia & Pacific,Lower middle income,1920.78003889393,61.647,5728435,0.904104,NA,2.801,NA
Paraguay,PY,PRY,2008,Latin America & Caribbean,Upper middle income,4788.66318778074,72.047,5613574,14.27,70.5332565307617,4.415,50.7
Paraguay,PY,PRY,2022,Latin America & Caribbean,Upper middle income,6218.19790694162,72.319,6760464,76.2592,82.3071472143291,6.755,44.6
Paraguay,PY,PRY,2001,Latin America & Caribbean,Upper middle income,3972.88427866739,70.281,5187689,1.09879,68.1916809082031,6.206,54.6
Paraguay,PY,PRY,2000,Latin America & Caribbean,Upper middle income,4074.48953320457,70.026,5100868,0.747631,64.4096298217773,7.61,NA
Paraguay,PY,PRY,2003,Latin America & Caribbean,Upper middle income,4035.71833919936,70.795,5326436,2.11194,67.5210266113281,6.814,54.9
Paraguay,PY,PRY,2015,Latin America & Caribbean,Upper middle income,5879.33792308762,73.454,6159103,49.7163,NA,4.556,47.6
Paraguay,PY,PRY,2002,Latin America & Caribbean,Upper middle income,3916.44022308731,70.539,5261328,1.79497,69.8106307983398,9.393,57.3
Paraguay,PY,PRY,2007,Latin America & Caribbean,Upper middle income,4540.38235899258,71.817,5559386,11.21,69.0111694335938,4.713,53
Paraguay,PY,PRY,2011,Latin America & Caribbean,Upper middle income,5342.19015717538,72.787,5814626,24.7635,75.882698059082,4.67,52.3
Paraguay,PY,PRY,2005,Latin America & Caribbean,Upper middle income,4193.28086525675,71.317,5448097,7.90701,68.879280090332,4.825,51.4
Paraguay,PY,PRY,2006,Latin America & Caribbean,Upper middle income,4349.31197066239,71.584,5505148,7.96207,68.669563293457,5.277,53
Paraguay,PY,PRY,2010,Latin America & Caribbean,Upper middle income,5191.05014254362,72.551,5737971,19.8,73.1651100594436,4.569,51
Paraguay,PY,PRY,2017,Latin America & Caribbean,Upper middle income,6243.1336313903,73.45,6338660,61.0758,NA,6.138,48.5
Paraguay,PY,PRY,2012,Latin America & Caribbean,Upper middle income,5230.26244858989,73.105,5897008,29.34,82.8002090454102,4.085,47.6
Paraguay,PY,PRY,2009,Latin America & Caribbean,Upper middle income,4727.59685811389,72.282,5671236,18.9,71.5204086303711,5.46,49.1
Paraguay,PY,PRY,2016,Latin America & Caribbean,Upper middle income,6041.95879367349,73.487,6249126,53.4041,81.8651046483746,5.255,47.9
Paraguay,PY,PRY,2021,Latin America & Caribbean,Upper middle income,6278.11006663809,68.108,6684182,77.0184,84.787987118923,7.311,42.9
Paraguay,PY,PRY,2004,Latin America & Caribbean,Upper middle income,4151.34584799423,71.054,5388175,3.45244,68.885986328125,6.513,52.3
Paraguay,PY,PRY,2013,Latin America & Caribbean,Upper middle income,5583.12274473566,73.292,5982445,36.9,NA,4.385,47.9
Paraguay,PY,PRY,2020,Latin America & Caribbean,Upper middle income,6109.19608100826,72.72,6603739,73.9575,85.6669309236136,7.548,43.5
Paraguay,PY,PRY,2014,Latin America & Caribbean,Upper middle income,5794.47644689985,73.415,6069811,43.0074,NA,5.034,50.7
Paraguay,PY,PRY,2019,Latin America & Caribbean,Upper middle income,6243.53620897823,73.668,6515058,68.5176,NA,6.595,45.7
Paraguay,PY,PRY,2018,Latin America & Caribbean,Upper middle income,6354.2392005316,73.627,6427382,64.9935,NA,6.217,46
Peru,PE,PER,2016,Latin America & Caribbean,Upper middle income,6392.25474941014,75.951,30866494,45.4617,102.150123596191,3.741,43.6
Peru,PE,PER,2002,Latin America & Caribbean,Upper middle income,3398.74991419297,70.815,27288217,8.96695,85.1464004516602,4.84,53.6
Peru,PE,PER,2003,Latin America & Caribbean,Upper middle income,3502.79165687646,71.278,27580490,11.6,78.4806213378906,4.15,53.1
Peru,PE,PER,2000,Latin America & Caribbean,Upper middle income,3286.27308475523,69.821,26598331,3.07643,80.8428726196289,4.959,49.1
Peru,PE,PER,2004,Latin America & Caribbean,Upper middle income,3640.60299869744,71.447,27852190,14.1,81.8064575195312,4.71,49.9
Peru,PE,PER,2015,Latin America & Caribbean,Upper middle income,6231.71150338894,75.732,30457600,40.8526,100.251571655273,3.272,43.4
Peru,PE,PER,2006,Latin America & Caribbean,Upper middle income,4091.36268615581,72.337,28324491,20.7,85.8261795043945,4.17,50.3
Peru,PE,PER,2001,Latin America & Caribbean,Upper middle income,3261.6642505136,70.315,26964601,7.57876,83.8087387084961,5.068,51.3
Peru,PE,PER,2008,Latin America & Caribbean,Upper middle income,4778.52642172313,72.743,28719041,30.57,90.2652816772461,4.03,47.5
Peru,PE,PER,2005,Latin America & Caribbean,Upper middle income,3835.13219279722,71.988,28101180,17.1,82.8499298095703,4.87,50.4
Peru,PE,PER,2010,Latin America & Caribbean,Upper middle income,5167.39259325937,72.886,29086019,34.77,96.13037109375,3.6,45.5
Peru,PE,PER,2007,Latin America & Caribbean,Upper middle income,4407.79121686416,72.746,28530699,25.2,88.9029235839844,4.08,50
Peru,PE,PER,2012,Latin America & Caribbean,Upper middle income,5740.04346272472,73.979,29550366,38.2,96.4381103515625,3.238,44.4
Peru,PE,PER,2013,Latin America & Caribbean,Upper middle income,6021.46142765232,74.591,29817919,39.2,101.583869934082,3.575,43.9
Peru,PE,PER,2014,Latin America & Caribbean,Upper middle income,6103.91864749969,75.26,30115826,40.2447,99.8733825683594,3.208,43.1
Peru,PE,PER,2017,Latin America & Caribbean,Upper middle income,6457.41940254721,75.958,31324637,50.4504,101.044578552246,3.691,43.3
Peru,PE,PER,2018,Latin America & Caribbean,Upper middle income,6593.14437459526,76.018,31897584,55.0543,99.8580093383789,3.492,42.4
Peru,PE,PER,2019,Latin America & Caribbean,Upper middle income,6626.26083494969,76.275,32449303,59.9505,99.5297164916992,3.379,41.5
Peru,PE,PER,2009,Latin America & Caribbean,Upper middle income,4801.17153740507,72.631,28896811,31.4,93.8280029296875,3.96,47
Peru,PE,PER,2020,Latin America & Caribbean,Upper middle income,5831.83024758521,73.832,32838579,65.2518,100.138702392578,7.179,43.7
Peru,PE,PER,2021,Latin America & Caribbean,Upper middle income,6547.84718181776,71.596,33155882,71.1078,101.589141845703,5.097,40.1
Peru,PE,PER,2011,Latin America & Caribbean,Upper middle income,5453.45718713631,73.327,29304086,36.01,97.5231475830078,3.477,44.7
Peru,PE,PER,2022,Latin America & Caribbean,Upper middle income,6667.51695632036,76.834,33475438,74.675,103.591468811035,4.291,40.3
Philippines,PH,PHL,2017,East Asia & Pacific,Lower middle income,3247.4503878362,69.966,108119693,41.6,80.9227600097656,2.552,NA
Philippines,PH,PHL,2018,East Asia & Pacific,Lower middle income,3410.93647976109,69.761,109465287,44.1,79.3622469757001,2.338,42.3
Philippines,PH,PHL,2020,East Asia & Pacific,Lower middle income,3198.66690008413,70.097,112081264,53.7649,87.9419879481158,2.522,NA
Philippines,PH,PHL,2021,East Asia & Pacific,Lower middle income,3350.97587587776,66.675,113100950,66.9078,85.8666475631511,3.398,40.7
Philippines,PH,PHL,2001,East Asia & Pacific,Lower middle income,1807.70892524758,67.829,81401488,2.52401,70.5786285400391,3.698,NA
Philippines,PH,PHL,2002,East Asia & Pacific,Lower middle income,1837.25429286854,67.886,83068889,4.33228,74.9138336181641,3.616,NA
Philippines,PH,PHL,2003,East Asia & Pacific,Lower middle income,1892.82161995051,68.049,84731835,4.85767,76.8219680786133,3.527,46.6
Philippines,PH,PHL,2000,East Asia & Pacific,Lower middle income,1793.34761146436,67.789,79625397,1.98225,NA,3.77,47.7
Philippines,PH,PHL,2004,East Asia & Pacific,Lower middle income,1978.34489133113,68.301,86394504,5.24363,78.5408630371094,3.554,NA
Philippines,PH,PHL,2022,East Asia & Pacific,Lower middle income,3577.70136573244,69.472,113964338,75.2111,92.291271176651,2.598,NA
Philippines,PH,PHL,2006,East Asia & Pacific,Lower middle income,2110.42044781284,68.172,89508986,5.74059,76.9573211669922,4.052,47.2
Philippines,PH,PHL,2019,East Asia & Pacific,Lower middle income,3575.88170922922,69.68,110804683,43.0266,85.3821865979599,2.237,NA
Philippines,PH,PHL,2008,East Asia & Pacific,Lower middle income,2264.9462907288,68.643,92699095,6.22,78.008903503418,3.72,NA
Philippines,PH,PHL,2010,East Asia & Pacific,Lower middle income,2373.14312064664,68.883,96337125,25,NA,3.605,NA
Philippines,PH,PHL,2011,East Asia & Pacific,Lower middle income,2416.75212064542,69.096,98248614,29,NA,3.592,NA
Philippines,PH,PHL,2007,East Asia & Pacific,Lower middle income,2209.34651083329,68.549,91075184,5.97,77.0709991455078,3.434,NA
Philippines,PH,PHL,2013,East Asia & Pacific,Lower middle income,2654.41506933978,69.283,102076336,32.7,NA,3.497,NA
Philippines,PH,PHL,2014,East Asia & Pacific,Lower middle income,2776.92005909479,69.311,103767130,34.7,81.5640314318642,3.6,NA
Philippines,PH,PHL,2015,East Asia & Pacific,Lower middle income,2909.85818010301,69.45,105312992,36.9,82.0085254812081,3.068,44.6
Philippines,PH,PHL,2016,East Asia & Pacific,Lower middle income,3076.3374186759,69.49,106735719,39.2,82.7837574272484,2.695,NA
Philippines,PH,PHL,2012,East Asia & Pacific,Lower middle income,2533.74141964959,69.237,100175512,30.8,NA,3.504,46.5
Philippines,PH,PHL,2005,East Asia & Pacific,Lower middle income,2037.8776605946,68.423,88015962,5.39764,78.3063812255859,3.795,NA
Philippines,PH,PHL,2009,East Asia & Pacific,Lower middle income,2256.72554835463,68.631,94384250,9,80.1762771606445,3.858,46.3
Poland,PL,POL,2011,Europe & Central Asia,High income,11370.313427173,76.6951219512195,38063255,61.95,100.617851257324,9.576,33.2
Poland,PL,POL,2000,Europe & Central Asia,High income,7401.57697647848,73.7487804878049,38258629,7.28543,100.596076965332,14.928,33
Poland,PL,POL,2010,Europe & Central Asia,High income,10808.3975674238,76.2463414634146,38042794,62.32,100.207778930664,9.578,33.2
Poland,PL,POL,2002,Europe & Central Asia,High income,7640.99307757777,74.4975609756098,38230364,21.15,103.719223022461,20.211,34.1
Poland,PL,POL,2004,Europe & Central Asia,High income,8323.38773754587,74.8463414634146,38182222,32.53,98.4879837036133,18.822,38
Poland,PL,POL,2001,Europe & Central Asia,High income,7494.96089503246,74.2,38248076,9.90067,101.693962097168,18.435,32.8
Poland,PL,POL,2006,Europe & Central Asia,High income,9137.65850849801,75.1439024390244,38141267,44.58,100.597557067871,13.794,34.7
Poland,PL,POL,2007,Europe & Central Asia,High income,9760.7042604352,75.2439024390244,38120560,48.6,100.348258972168,9.551,34
Poland,PL,POL,2008,Europe & Central Asia,High income,10187.2017910883,75.5439024390244,38125759,53.13,99.9508209228516,7.069,33.5
Poland,PL,POL,2009,Europe & Central Asia,High income,10446.5289138524,75.6951219512195,38151603,58.97,99.6487579345703,8.131,33.4
Poland,PL,POL,2021,Europe & Central Asia,High income,16368.6239689025,75.3512195121951,36981559,85.3749,110.52970123291,3.268,28.5
Poland,PL,POL,2014,Europe & Central Asia,High income,12093.1622787394,77.6024390243903,38011735,66.5987,110.031021118164,8.971,32.8
Poland,PL,POL,2003,Europe & Central Asia,High income,7915.55424389704,74.5975609756098,38204570,24.87,106.250358581543,19.899,34.9
Poland,PL,POL,2012,Europe & Central Asia,High income,11542.2353368014,76.7463414634146,38063164,62.31,100.56485748291,10.031,33
Poland,PL,POL,2013,Europe & Central Asia,High income,11628.2286809525,77,38040196,62.8492,111.516960144043,10.293,33.1
Poland,PL,POL,2005,Europe & Central Asia,High income,8598.57681241557,74.9951219512195,38165445,38.81,101.085952758789,17.592,35.8
Poland,PL,POL,2018,Europe & Central Asia,High income,14551.0850277089,77.6024390243903,37974750,77.5417,110.541938781738,3.835,30.2
Poland,PL,POL,2015,Europe & Central Asia,High income,12637.5220324406,77.4512195121951,37986412,67.997,109.41478729248,7.475,31.8
Poland,PL,POL,2016,Europe & Central Asia,High income,13026.1858988718,77.8512195121951,37970087,73.3007,109.117248535156,6.141,31.2
Poland,PL,POL,2017,Europe & Central Asia,High income,13695.6452848724,77.7536585365854,37974826,75.9854,109.45922088623,4.867,29.7
Poland,PL,POL,2019,Europe & Central Asia,High income,15221.3090624454,77.9048780487805,37965475,80.4359,109.753303527832,3.267,28.8
Poland,PL,POL,2020,Europe & Central Asia,High income,15090.2228440113,76.4,37515748,83.1849,112.576263427734,3.155,28.5
Poland,PL,POL,2022,Europe & Central Asia,High income,17303.64494323,77.1560975609756,36821749,86.9411,108.48217010498,2.811,28.9
Portugal,PT,PRT,2013,Europe & Central Asia,High income,18597.7214623964,80.7219512195122,10457295,62.0956,118.932960510254,16.237,36.2
Portugal,PT,PRT,2011,Europe & Central Asia,High income,19389.6395896162,80.4707317073171,10557560,55.25,108.864181518555,12.715,36.3
Portugal,PT,PRT,2014,Europe & Central Asia,High income,18836.8967978906,81.1219512195122,10401062,64.5924,114.901290893555,13.88,35.6
Portugal,PT,PRT,2018,Europe & Central Asia,High income,20997.7745987013,81.3243902439024,10283822,74.661,118.28833770752,6.966,33.5
Portugal,PT,PRT,2016,Europe & Central Asia,High income,19662.82312462,81.1243902439025,10325452,70.4236,115.488418579102,11.058,35.2
Portugal,PT,PRT,2012,Europe & Central Asia,High income,18679.7626789594,80.3731707317073,10514844,60.34,110.253372192383,15.509,36
Portugal,PT,PRT,2022,Europe & Central Asia,High income,22042.8680283647,81.6317073170732,10434332,84.4969,120.926139831543,6.138,36.3
Portugal,PT,PRT,2019,Europe & Central Asia,High income,21569.1874752919,81.6756097560976,10286263,75.3464,119.519371032715,6.422,32.8
Portugal,PT,PRT,2020,Europe & Central Asia,High income,19778.7139525722,81.3292682926829,10297081,78.2617,118.68286895752,6.85,34.7
Portugal,PT,PRT,2017,Europe & Central Asia,High income,20364.1962735946,81.4243902439025,10300300,73.7912,117.235328674316,8.878,33.8
Portugal,PT,PRT,2001,Europe & Central Asia,High income,19053.089945659,76.8146341463415,10362722,18.0871,108.49845123291,3.829,NA
Portugal,PT,PRT,2021,Europe & Central Asia,High income,20747.6990734163,81.3780487804878,10361831,82.309,118.984870910645,6.712,34.6
Portugal,PT,PRT,2009,Europe & Central Asia,High income,19371.1318876855,78.7268292682927,10568247,48.27,105.083099365234,9.432,34.9
Portugal,PT,PRT,2010,Europe & Central Asia,High income,19698.6836791397,79.0268292682927,10573100,53.3,107.523330688477,10.771,35.8
Portugal,PT,PRT,2006,Europe & Central Asia,High income,19529.3122100477,78.419512195122,10522288,38.01,95.6554183959961,7.649,38.1
Portugal,PT,PRT,2002,Europe & Central Asia,High income,19095.1102477398,77.0658536585366,10419631,19.37,109.794471740723,4.497,NA
Portugal,PT,PRT,2015,Europe & Central Asia,High income,19215.7813014347,81.1243902439025,10358076,68.6329,116.804588317871,12.405,35.5
Portugal,PT,PRT,2000,Europe & Central Asia,High income,18822.0933092937,76.3146341463415,10289898,16.4305,108.372886657715,3.806,NA
Portugal,PT,PRT,2007,Europe & Central Asia,High income,19979.5706280792,78.3219512195122,10542964,42.09,99.3079605102539,7.965,36.8
Portugal,PT,PRT,2004,Europe & Central Asia,High income,19137.8370898949,77.6707317073171,10483861,31.78,95.0831298828125,6.319,38.9
Portugal,PT,PRT,2005,Europe & Central Asia,High income,19251.71450683,78.0707317073171,10503330,34.99,96.4346008300781,7.582,38.5
Portugal,PT,PRT,2008,Europe & Central Asia,High income,20014.4749330004,78.5243902439025,10558177,44.13,101.609558105469,7.553,36.6
Portugal,PT,PRT,2003,Europe & Central Asia,High income,18846.5411893632,77.219512195122,10458821,29.67,108.311233520508,6.132,38.8
Qatar,QA,QAT,2014,Middle East & North Africa,High income,71756.0265797248,81.395,2151745,91.49,97.8845311253665,0.2,NA
Qatar,QA,QAT,2015,Middle East & North Africa,High income,68985.2433380102,81.785,2344557,92.8848,101.946830749512,0.17,NA
Qatar,QA,QAT,2004,Middle East & North Africa,High income,59990.23422872,76.484,773332,20.7016,90.0552520751953,0.87,NA
Qatar,QA,QAT,2005,Middle East & North Africa,High income,60416.7101500199,76.909,825408,24.7335,90.0544815063477,0.87,NA
Qatar,QA,QAT,2006,Middle East & North Africa,High income,64676.3189868053,77.323,972831,28.9741,91.3522491455078,0.87,NA
Qatar,QA,QAT,2008,Middle East & North Africa,High income,61213.7206556875,78.262,1426938,44.3,97.6288604736328,0.31,NA
Qatar,QA,QAT,2009,Middle East & North Africa,High income,60781.8017337781,78.837,1608903,53.1,97.2014999389648,0.31,NA
Qatar,QA,QAT,2010,Middle East & North Africa,High income,72333.8027430124,79.444,1616832,69,98.150178716375,0.45,NA
Qatar,QA,QAT,2007,Middle East & North Africa,High income,61423.0131050382,77.741,1208595,37,91.991569519043,0.52,NA
Qatar,QA,QAT,2012,Middle East & North Africa,High income,80621.7554942834,80.499,1722438,69.3,98.6139808267348,0.48,NA
Qatar,QA,QAT,2013,Middle East & North Africa,High income,76486.9151226864,80.974,1916426,85.3,97.3663778760953,0.28,NA
Qatar,QA,QAT,2000,Middle East & North Africa,High income,52234.3615212341,75.25,644989,4.86368,NA,0.87,NA
Qatar,QA,QAT,2001,Middle East & North Africa,High income,51633.898491151,75.486,677925,6.17027,87.8413467407227,0.87,NA
Qatar,QA,QAT,2016,Middle East & North Africa,High income,67294.3517688172,82.147,2477113,95.1247,97.44147524298,0.15,NA
Qatar,QA,QAT,2017,Middle East & North Africa,High income,64497.6242543737,82.458,2545820,97.3888,101.989694099425,0.14,35.1
Qatar,QA,QAT,2018,Middle East & North Africa,High income,64410.7171628721,82.714,2580734,99.6528,102.15490140040001,0.11,NA
Qatar,QA,QAT,2019,Middle East & North Africa,High income,63430.3717285437,82.945,2638657,99.6528,105.162567508393,0.1,NA
Qatar,QA,QAT,2020,Middle East & North Africa,High income,57769.5836053284,80.409,2794148,99.6528,105.869328366077,0.14,NA
Qatar,QA,QAT,2021,Middle East & North Africa,High income,65488.5460040395,81.083,2504910,99.6528,95.6694483531864,0.14,NA
Qatar,QA,QAT,2003,Middle East & North Africa,High income,52255.320560255,76.097,744682,19.2423,88.7019805908203,0.87,NA
Qatar,QA,QAT,2022,Middle East & North Africa,High income,64315.6355652952,81.857,2657333,99.6528,102.968360766419,0.13,NA
Qatar,QA,QAT,2011,Middle East & North Africa,High income,81608.4080652473,79.994,1624761,69,96.4676867591291,0.56,NA
Qatar,QA,QAT,2002,Middle East & North Africa,High income,52752.6445826427,75.766,711205,10.2261,87.4843902587891,0.87,NA
Romania,RO,ROU,2000,Europe & Central Asia,High income,4569.31124324524,71.1634146341463,22442971,3.61372,82.38330078125,6.969,29.3
Romania,RO,ROU,2010,Europe & Central Asia,High income,7660.70667630517,73.4585365853659,20246871,39.93,102.467903137207,6.959,35.5
Romania,RO,ROU,2003,Europe & Central Asia,High income,5410.30835796252,71.309756097561,21574326,8.9,84.2207717895508,6.95,29.9
Romania,RO,ROU,2004,Europe & Central Asia,High income,6008.64048461485,71.5609756097561,21451748,15,82.5846405029297,7.719,30
Romania,RO,ROU,2002,Europe & Central Asia,High income,5248.54994632668,71.009756097561,21730496,6.58,84.9503479003906,8.112,30.2
Romania,RO,ROU,2020,Europe & Central Asia,High income,10854.049431887,74.2536585365854,19265250,78.4553,86.416877746582,5.035,34.6
Romania,RO,ROU,2021,Europe & Central Asia,High income,11546.3224998072,72.809756097561,19122059,83.5904,86.1970901489258,5.59,33.9
Romania,RO,ROU,2022,Europe & Central Asia,High income,12076.3033811896,75.1536585365854,19048502,85.5031,83.0334701538086,5.614,32.3
Romania,RO,ROU,2008,Europe & Central Asia,High income,8318.00342795388,72.5658536585366,20537875,32.42,94.5384063720703,5.787,36.4
Romania,RO,ROU,2009,Europe & Central Asia,High income,7924.87058070212,73.309756097561,20367487,36.6,103.393241882324,6.859,35.6
Romania,RO,ROU,2011,Europe & Central Asia,High income,8044.57194920892,74.409756097561,20147528,40.01,100.735900878906,7.177,35.9
Romania,RO,ROU,2012,Europe & Central Asia,High income,8234.28553425194,74.4121951219512,20058035,45.88,97.4503707885742,6.794,36.5
Romania,RO,ROU,2001,Europe & Central Asia,High income,4875.30310600635,71.1609756097561,22131970,4.53867,83.499382019043,6.561,29.4
Romania,RO,ROU,2014,Europe & Central Asia,High income,8661.47397274241,74.909756097561,19908979,54.0783,93.5339965820312,6.802,36
Romania,RO,ROU,2015,Europe & Central Asia,High income,8977.01748158196,74.9121951219512,19815616,55.7632,91.3377075195312,6.812,35.9
Romania,RO,ROU,2016,Europe & Central Asia,High income,9286.87678236598,75.209756097561,19702267,59.504,88.7795104980469,5.901,34.4
Romania,RO,ROU,2017,Europe & Central Asia,High income,10106.2269557253,75.209756097561,19588715,63.7473,88.3843231201172,4.927,36
Romania,RO,ROU,2018,Europe & Central Asia,High income,10714.1701157127,75.3585365853659,19473970,70.6813,86.5577163696289,4.187,35.8
Romania,RO,ROU,2019,Europe & Central Asia,High income,11197.3162915853,75.6073170731707,19371648,73.6575,86.4074096679688,3.912,34.8
Romania,RO,ROU,2006,Europe & Central Asia,High income,6876.77841417966,72.1634146341463,21193760,24.66,85.6820602416992,7.27,39.6
Romania,RO,ROU,2007,Europe & Central Asia,High income,7483.97375820611,72.5658536585366,20882982,28.3,84.2603607177734,6.413,37.5
Romania,RO,ROU,2013,Europe & Central Asia,High income,8287.95844089676,75.0634146341463,19983693,49.7645,95.6988983154297,7.096,36.9
Romania,RO,ROU,2005,Europe & Central Asia,High income,6328.09022324183,71.9121951219512,21319685,21.5,81.0594787597656,7.174,29.8
Russian Federation,RU,RUS,2001,Europe & Central Asia,High income,5618.95556640625,65.3834146341463,145976482,2.94437,NA,8.978,36.9
Russian Federation,RU,RUS,2003,Europe & Central Asia,High income,6370.45361328125,65.0275609756098,144648618,8.29886,94.6366500854492,8.21,40
Russian Federation,RU,RUS,2000,Europe & Central Asia,High income,5323.66650390625,65.4836585365854,146596869,1.97723,NA,10.581,37.1
Russian Federation,RU,RUS,2004,Europe & Central Asia,High income,6856.67822265625,65.4709756097561,144067316,12.8594,88.130989074707,7.763,40.3
Russian Federation,RU,RUS,2002,Europe & Central Asia,High income,5910.171875,65.1287804878049,145306497,4.12827,NA,7.875,37.3
Russian Federation,RU,RUS,2006,Europe & Central Asia,High income,7949.89697265625,66.7275609756098,143049637,18.0233,86.4854736328125,7.055,41
Russian Federation,RU,RUS,2007,Europe & Central Asia,High income,8640.40625,67.5868292682927,142805114,24.66,86.5527572631836,6.002,42.3
Russian Federation,RU,RUS,2008,Europe & Central Asia,High income,9093.7001953125,67.9492682926829,142742366,32,87.0486373901367,6.205,41.6
Russian Federation,RU,RUS,2005,Europe & Central Asia,High income,7323.38525390625,65.529756097561,143518814,15.2267,86.7092514038086,7.124,41.3
Russian Federation,RU,RUS,2010,Europe & Central Asia,High income,8755.1201171875,68.8412195121951,142849468,49,NA,7.407,39.5
Russian Federation,RU,RUS,2011,Europe & Central Asia,High income,9120.8203125,69.6839024390244,143018195,58,94.5758904929741,6.571,39.7
Russian Federation,RU,RUS,2012,Europe & Central Asia,High income,9464.0107421875,70.0721951219512,143378447,66,95.5384826756866,5.484,40.7
Russian Federation,RU,RUS,2013,Europe & Central Asia,High income,9601.537109375,70.5787804878049,143805638,67.97,95.9993761959632,5.513,40.9
Russian Federation,RU,RUS,2016,Europe & Central Asia,High income,9269.3193359375,71.6512195121951,145015460,73.0914,95.8434944997854,5.591,36.7
Russian Federation,RU,RUS,2017,Europe & Central Asia,High income,9418.9140625,72.4514634146342,145293260,76.0081,97.5206298303399,5.238,35.5
Russian Federation,RU,RUS,2014,Europe & Central Asia,High income,9493.8125,70.7436585365854,144237223,70.5176,95.6056322692131,5.212,36.9
Russian Federation,RU,RUS,2015,Europe & Central Asia,High income,9277.7138671875,71.1834146341463,144640716,70.0992,96.3292563031308,5.615,36.5
Russian Federation,RU,RUS,2009,Europe & Central Asia,High income,8381.8681640625,68.6846341463415,142785348,42.55,89.8769302368164,8.301,39.8
Russian Federation,RU,RUS,2020,Europe & Central Asia,High income,9632.3251953125,71.3387804878049,145245148,84.9947,91.5812884026933,5.62,33.7
Russian Federation,RU,RUS,2018,Europe & Central Asia,High income,9674.787109375,72.6621951219512,145398106,80.8647,99.1831046517789,4.871,35.3
Russian Federation,RU,RUS,2019,Europe & Central Asia,High income,9882.0244140625,73.0839024390244,145453291,82.6422,100.471744682473,4.513,35.7
Russian Federation,RU,RUS,2021,Europe & Central Asia,High income,10231.318359375,69.900243902439,144746762,88.2138,92.171155276901,4.749,35.1
Russian Federation,RU,RUS,2022,Europe & Central Asia,High income,10119.0625,72.5456097560976,144236933,90.418,92.7729443625069,3.867,33.9
Rwanda,RW,RWA,2019,Sub-Saharan Africa,Low income,874.639658935978,66.691,12776103,21.358,44.0779032495009,11.236,NA
Rwanda,RW,RWA,2020,Sub-Saharan Africa,Low income,826.391307701022,66.953,13065837,23.8,NA,11.829,NA
Rwanda,RW,RWA,2018,Sub-Saharan Africa,Low income,817.578437300032,66.354,12487996,19.2,41.1796940634956,10.759,NA
Rwanda,RW,RWA,2004,Sub-Saharan Africa,Low income,418.780997277457,55.52,8816844,0.430854,15.3283996582031,11.699,NA
Rwanda,RW,RWA,2005,Sub-Saharan Africa,Low income,446.029809636404,56.968,9054528,0.556041,16.4831008911133,11.842,52
Rwanda,RW,RWA,2021,Sub-Saharan Africa,Low income,896.271033574985,66.85,13355260,24.4416,44.1820840550314,15.775,NA
Rwanda,RW,RWA,2022,Sub-Saharan Africa,Low income,948.413686948024,67.528,13651030,31.2252,44.1547093958443,15.084,NA
Rwanda,RW,RWA,2008,Sub-Saharan Africa,Low income,538.325372065592,60.641,9804269,4.5,22.1014308929443,11.517,NA
Rwanda,RW,RWA,2009,Sub-Saharan Africa,Low income,557.397804859216,61.813,10060432,7.7,26.5538196563721,11.625,NA
Rwanda,RW,RWA,2010,Sub-Saharan Africa,Low income,583.371416419483,62.804,10317553,8,32.4029083251953,11.637,47.2
Rwanda,RW,RWA,2011,Sub-Saharan Africa,Low income,614.539650123021,63.476,10573733,7,36.6210098266602,11.756,NA
Rwanda,RW,RWA,2012,Sub-Saharan Africa,Low income,651.852818665834,64.189,10829901,8.02385,39.662769317627,11.671,NA
Rwanda,RW,RWA,2015,Sub-Saharan Africa,Low income,733.998629882494,65.419,11640022,12.5,39.4099042857311,11.831,NA
Rwanda,RW,RWA,2016,Sub-Saharan Africa,Low income,759.606288155109,65.733,11919183,14.6,38.506238583342,11.788,43.7
Rwanda,RW,RWA,2017,Sub-Saharan Africa,Low income,771.069237513582,66.14,12202060,17.2,39.6912128982215,11.875,NA
Rwanda,RW,RWA,2000,Sub-Saharan Africa,Low income,333.355090143084,47.798,8213931,0.0628315,NA,11.699,48.5
Rwanda,RW,RWA,2001,Sub-Saharan Africa,Low income,358.446058691452,49.49,8287094,0.240672,11.1507501602173,11.732,NA
Rwanda,RW,RWA,2002,Sub-Saharan Africa,Low income,400.270421264911,51.262,8400180,0.292785,12.1046600341797,11.432,NA
Rwanda,RW,RWA,2006,Sub-Saharan Africa,Low income,474.364599463307,58.342,9299246,NA,18.1992893218994,11.586,NA
Rwanda,RW,RWA,2007,Sub-Saharan Africa,Low income,497.171622130545,59.504,9549933,2.11539,20.3850002288818,11.58,NA
Rwanda,RW,RWA,2013,Sub-Saharan Africa,Low income,666.408788783175,64.651,11093340,9,30.2092864949597,11.768,45.1
Rwanda,RW,RWA,2014,Sub-Saharan Africa,Low income,690.610394944356,65.088,11364757,10.6,41.8218654918977,11.837,NA
Rwanda,RW,RWA,2003,Sub-Saharan Africa,Low income,400.191620648726,53.529,8586875,0.356918,13.584939956665,11.658,NA
Samoa,WS,WSM,2000,East Asia & Pacific,Lower middle income,2945.37217923198,70.791,181685,0.566393,77.3879165649414,4.733,NA
Samoa,WS,WSM,2004,East Asia & Pacific,Lower middle income,3535.73813824914,71.508,186249,3.07553,81.9052886962891,5.162,NA
Samoa,WS,WSM,2001,East Asia & Pacific,Lower middle income,3137.46403765812,71.028,183166,1.6899,78.0200500488281,4.96,NA
Samoa,WS,WSM,2002,East Asia & Pacific,Lower middle income,3291.3424477268,71.233,184471,2.24483,78.0871734619141,4.975,40.7
Samoa,WS,WSM,2003,East Asia & Pacific,Lower middle income,3444.99857743289,71.441,185430,2.79963,81.3155212402344,5.038,NA
Samoa,WS,WSM,2008,East Asia & Pacific,Lower middle income,3925.8743329936,71.531,190107,5.03162,NA,5.538,42
Samoa,WS,WSM,2009,East Asia & Pacific,Lower middle income,3875.94291686166,69.486,191513,6,82.5911865234375,5.646,NA
Samoa,WS,WSM,2010,East Asia & Pacific,Lower middle income,4081.15535978003,71.451,193023,7,84.0352967940982,5.621,NA
Samoa,WS,WSM,2007,East Asia & Pacific,Lower middle income,3818.25503804332,71.605,188753,4.74998,80.4865264892578,5.425,NA
Samoa,WS,WSM,2011,East Asia & Pacific,Lower middle income,4201.45663738908,71.393,194713,11,82.7630728993357,5.68,NA
Samoa,WS,WSM,2012,East Asia & Pacific,Lower middle income,4007.91092846814,71.159,196498,12.9225,82.3821348963746,8.752,NA
Samoa,WS,WSM,2013,East Asia & Pacific,Lower middle income,3976.39289268132,71.229,198268,15.3,NA,8.772,38.7
Samoa,WS,WSM,2014,East Asia & Pacific,Lower middle income,3967.23730470679,71.142,200037,21.2,87.4514117977902,8.72,NA
Samoa,WS,WSM,2015,East Asia & Pacific,Lower middle income,4084.36083819933,71.06,201782,25.407,87.5602107303153,8.901,NA
Samoa,WS,WSM,2016,East Asia & Pacific,Lower middle income,4373.23792440391,71.003,203499,31.7,87.3532286947715,9.063,NA
Samoa,WS,WSM,2005,East Asia & Pacific,Lower middle income,3755.78242822467,71.487,186978,3.35259,81.7751388549805,5.212,NA
Samoa,WS,WSM,2006,East Asia & Pacific,Lower middle income,3820.92239453139,71.62,187709,4.46917,81.539176940918,5.321,NA
Samoa,WS,WSM,2018,East Asia & Pacific,Lower middle income,4321.00518344962,71.052,207582,43.1336,NA,8.649,NA
Samoa,WS,WSM,2019,East Asia & Pacific,Lower middle income,4466.08075482035,70.269,209780,47.2211,NA,7.858,NA
Samoa,WS,WSM,2020,East Asia & Pacific,Lower middle income,4283.06392492734,70.727,211944,51.6959,NA,7.467,NA
Samoa,WS,WSM,2021,East Asia & Pacific,Lower middle income,4032.13733959294,71.096,213779,56.5947,NA,6.664,NA
Samoa,WS,WSM,2022,East Asia & Pacific,Lower middle income,4095.15868286688,71.55,215261,57.3288,NA,5.048,NA
Samoa,WS,WSM,2017,East Asia & Pacific,Lower middle income,4393.37316255965,70.991,205415,39.4,NA,9.4,NA
San Marino,SM,SMR,2015,Europe & Central Asia,High income,43146.8240435428,84.596,32897,NA,NA,NA,NA
San Marino,SM,SMR,2016,Europe & Central Asia,High income,43886.2146896896,84.775,33101,NA,NA,NA,NA
San Marino,SM,SMR,2017,Europe & Central Asia,High income,43057.7784775102,84.933,33825,60.1823,NA,NA,NA
San Marino,SM,SMR,2019,Europe & Central Asia,High income,43525.4225717352,85.257,34663,67.8507,61.0058309037901,NA,NA
San Marino,SM,SMR,2020,Europe & Central Asia,High income,40506.8521137898,82.65,34770,77.95,61.8604651162791,NA,NA
San Marino,SM,SMR,2021,Europe & Central Asia,High income,46834.1395065822,83.539,34252,81.67,61.0071942446043,NA,NA
San Marino,SM,SMR,2018,Europe & Central Asia,High income,42818.6962696679,85.095,34522,NA,60.3284671532847,NA,NA
San Marino,SM,SMR,2010,Europe & Central Asia,High income,49672.6977770842,83.464,33270,NA,66.6119766235352,NA,NA
San Marino,SM,SMR,2011,Europe & Central Asia,High income,46450.0251706982,83.713,32620,49.6,66.5597381591797,NA,NA
San Marino,SM,SMR,2012,Europe & Central Asia,High income,42082.5554467713,83.943,33469,NA,64.2154922485352,NA,NA
San Marino,SM,SMR,2013,Europe & Central Asia,High income,42293.4870685544,84.175,33041,NA,NA,NA,NA
San Marino,SM,SMR,2014,Europe & Central Asia,High income,42492.8509160139,84.394,32655,NA,NA,NA,NA
San Marino,SM,SMR,2001,Europe & Central Asia,High income,58173.2936031775,80.803,27143,50.3417,NA,NA,NA
San Marino,SM,SMR,2002,Europe & Central Asia,High income,57615.4100635074,81.061,27491,50.8348,NA,NA,NA
San Marino,SM,SMR,2003,Europe & Central Asia,High income,59090.2331058555,81.33,27843,50.0035,NA,NA,NA
San Marino,SM,SMR,2004,Europe & Central Asia,High income,58393.2236678918,81.592,29457,50.5663,NA,NA,NA
San Marino,SM,SMR,2005,Europe & Central Asia,High income,59049.5774485922,81.926,29836,50.2596,NA,NA,NA
San Marino,SM,SMR,2006,Europe & Central Asia,High income,60604.3508911242,82.258,30184,50.2087,NA,NA,NA
San Marino,SM,SMR,2007,Europe & Central Asia,High income,62776.9461598748,82.605,31211,50.3648,NA,NA,NA
San Marino,SM,SMR,2022,Europe & Central Asia,High income,51277.3460993917,85.708,33755,85.0607,61.6779239246356,NA,NA
San Marino,SM,SMR,2009,Europe & Central Asia,High income,52873.2681862909,83.224,33066,54.21,63.9632110595703,NA,NA
San Marino,SM,SMR,2000,Europe & Central Asia,High income,55806.9219720449,80.504,26799,48.7995,NA,NA,NA
San Marino,SM,SMR,2008,Europe & Central Asia,High income,61572.7435735639,82.894,31662,54.52,62.9629592895508,NA,NA
Sao Tome and Principe,ST,STP,2002,Sub-Saharan Africa,Lower middle income,982.32906557627,61.826,149922,7.58067,NA,17.63,NA
Sao Tome and Principe,ST,STP,2003,Sub-Saharan Africa,Lower middle income,1036.86196260207,62.158,153814,10.1618,36.1393585205078,16.36,NA
Sao Tome and Principe,ST,STP,2001,Sub-Saharan Africa,Lower middle income,973.424252100436,61.5,146375,6.31092,NA,15.73,NA
Sao Tome and Principe,ST,STP,2005,Sub-Saharan Africa,Lower middle income,1089.14778798762,62.434,161639,13.7595,43.0029182434082,16.47,NA
Sao Tome and Principe,ST,STP,2006,Sub-Saharan Africa,Lower middle income,1157.0861446542,63.041,165638,14.182,NA,16.65,NA
Sao Tome and Principe,ST,STP,2004,Sub-Saharan Africa,Lower middle income,1047.05796134884,62.56,157705,13.3229,39.6760902404785,16.12,NA
Sao Tome and Principe,ST,STP,2008,Sub-Saharan Africa,Lower middle income,1214.14114724792,63.448,173793,15.48,43.6149482727051,15.421,NA
Sao Tome and Principe,ST,STP,2009,Sub-Saharan Africa,Lower middle income,1225.60541902997,63.669,177853,16.41,49.2131805419922,15.136,NA
Sao Tome and Principe,ST,STP,2010,Sub-Saharan Africa,Lower middle income,1216.3502521663,63.867,181802,18.75,50.2788581848145,14.628,30.8
Sao Tome and Principe,ST,STP,2007,Sub-Saharan Africa,Lower middle income,1170.51612474435,63.336,169700,14.5905,46.4745101928711,16.021,NA
Sao Tome and Principe,ST,STP,2000,Sub-Saharan Africa,Lower middle income,959.938180991352,61.207,144018,4.63852,NA,14.4,32.1
Sao Tome and Principe,ST,STP,2013,Sub-Saharan Africa,Lower middle income,1263.70423995281,64.93,193148,23,63.3046607971191,12.476,NA
Sao Tome and Principe,ST,STP,2015,Sub-Saharan Africa,Lower middle income,1298.10946596396,66.023,200291,25.82,82.4009170532227,10.591,NA
Sao Tome and Principe,ST,STP,2011,Sub-Saharan Africa,Lower middle income,1214.96130276731,64.122,185649,20.1612,48.8370208740234,14.229,NA
Sao Tome and Principe,ST,STP,2012,Sub-Saharan Africa,Lower middle income,1225.6945255615,64.505,189439,21.5724,56.3386497497559,13.59,NA
Sao Tome and Principe,ST,STP,2018,Sub-Saharan Africa,Lower middle income,1413.84348618541,67.602,210187,38,NA,8.712,NA
Sao Tome and Principe,ST,STP,2019,Sub-Saharan Africa,Lower middle income,1420.66008316091,68.043,213392,44.3,NA,8.835,NA
Sao Tome and Principe,ST,STP,2016,Sub-Saharan Africa,Lower middle income,1342.533807689,66.563,203689,28,83.8791198730469,9.684,NA
Sao Tome and Principe,ST,STP,2017,Sub-Saharan Africa,Lower middle income,1375.59403284199,67.074,206970,32.6,90.4435729980469,8.808,40.7
Sao Tome and Principe,ST,STP,2022,Sub-Saharan Africa,Lower middle income,1403.23356704678,69.237,226305,61.5535,NA,8.964,NA
Sao Tome and Principe,ST,STP,2020,Sub-Saharan Africa,Lower middle income,1430.84119299096,67.979,217435,51.5547,NA,9.679,NA
Sao Tome and Principe,ST,STP,2021,Sub-Saharan Africa,Lower middle income,1428.28676097975,68.026,221961,61.5241,NA,9.563,NA
Sao Tome and Principe,ST,STP,2014,Sub-Saharan Africa,Lower middle income,1301.32146445028,65.478,196767,24.41,74.2815475463867,11.428,NA
Saudi Arabia,SA,SAU,2002,Middle East & North Africa,High income,20025.4319998275,73.296,17910910,6.38471,NA,5.265,NA
Saudi Arabia,SA,SAU,2001,Middle East & North Africa,High income,21193.0922894351,72.951,17041397,4.68105,NA,4.618,NA
Saudi Arabia,SA,SAU,2016,Middle East & North Africa,High income,22783.0328538685,78.354,30954198,74.8793,105.491550199825,5.6,NA
Saudi Arabia,SA,SAU,2003,Middle East & North Africa,High income,20765.9387688082,73.657,18786767,8.00158,NA,5.563,NA
Saudi Arabia,SA,SAU,2004,Middle East & North Africa,High income,21545.894988606,74.027,19669480,10.2345,NA,5.822,NA
Saudi Arabia,SA,SAU,2005,Middle East & North Africa,High income,21838.1915349374,74.4,20559890,12.705,87.1481628417969,6.051,NA
Saudi Arabia,SA,SAU,2017,Middle East & North Africa,High income,23035.1199977707,78.721,30977355,94.1756,106.244903966787,5.89,NA
Saudi Arabia,SA,SAU,2007,Middle East & North Africa,High income,21196.7926036633,75.066,22368313,30,91.6758117675781,5.734,NA
Saudi Arabia,SA,SAU,2008,Middle East & North Africa,High income,21629.8405734551,75.301,23287877,36,NA,5.085,NA
Saudi Arabia,SA,SAU,2011,Middle East & North Africa,High income,23314.5576023168,75.808,25091867,47.5,NA,5.77,NA
Saudi Arabia,SA,SAU,2012,Middle East & North Africa,High income,23643.0358324647,76.09,26168861,54,NA,5.622,NA
Saudi Arabia,SA,SAU,2013,Middle East & North Africa,High income,23057.3494468535,76.517,27624004,60.5,93.0168905157466,5.6,NA
Saudi Arabia,SA,SAU,2014,Middle East & North Africa,High income,23404.7306039825,77.116,28309273,64.7137,98.8496091524944,5.877,NA
Saudi Arabia,SA,SAU,2015,Middle East & North Africa,High income,23256.1549553531,77.776,29816382,69.6162,102.979200639837,5.6,NA
Saudi Arabia,SA,SAU,2000,Middle East & North Africa,High income,22247.8566987439,72.607,16177722,2.21069,NA,4.57,NA
Saudi Arabia,SA,SAU,2006,Middle East & North Africa,High income,21616.3355772516,74.762,21459144,19.4596,NA,6.254,NA
Saudi Arabia,SA,SAU,2018,Middle East & North Africa,High income,24393.5188306638,78.75,30196281,93.31,106.376211565111,6.029,NA
Saudi Arabia,SA,SAU,2019,Middle East & North Africa,High income,24905.6697428558,78.313,30063799,95.7247,104.048257824894,5.636,NA
Saudi Arabia,SA,SAU,2020,Middle East & North Africa,High income,22827.671935548,77.596,31552510,97.8623,104.411027399625,7.66,NA
Saudi Arabia,SA,SAU,2009,Middle East & North Africa,High income,20577.5453445336,75.447,24217654,38,99.7553787231445,5.377,NA
Saudi Arabia,SA,SAU,2021,Middle East & North Africa,High income,24922.6716948944,77.089,30784383,100,104.280975297041,6.621,NA
Saudi Arabia,SA,SAU,2022,Middle East & North Africa,High income,26706.917926066,77.31,32175224,100,122.158039993668,5.589,NA
Saudi Arabia,SA,SAU,2010,Middle East & North Africa,High income,21830.1424272816,75.616,23978487,41,NA,5.55,NA
Senegal,SN,SEN,2021,Sub-Saharan Africa,Lower middle income,1414.5395109385,66.868,17220867,57.2554,45.1726204964815,3.436,36.2
Senegal,SN,SEN,2000,Sub-Saharan Africa,Lower middle income,1048.37474052363,57.615,9968260,0.403967,15.2092504501343,2.638,NA
Senegal,SN,SEN,2011,Sub-Saharan Africa,Lower middle income,1139.74447892639,64.799,12958897,9.8,42.6368983156004,2.853,40.3
Senegal,SN,SEN,2003,Sub-Saharan Africa,Lower middle income,1074.38578467686,59.474,10721176,2.10144,NA,2.781,NA
Senegal,SN,SEN,2004,Sub-Saharan Africa,Lower middle income,1098.20064546027,60.308,10975704,4.38602,19.9657497406006,2.775,NA
Senegal,SN,SEN,2005,Sub-Saharan Africa,Lower middle income,1119.0505307548,60.98,11235472,4.78668,22.2482490539551,2.679,39.2
Senegal,SN,SEN,2022,Sub-Saharan Africa,Lower middle income,1433.1991875241,67.788,17651103,59.2246,45.3756792066535,2.837,NA
Senegal,SN,SEN,2006,Sub-Saharan Africa,Lower middle income,1118.7830430051,61.801,11500094,5.61174,24.2208805084229,2.755,NA
Senegal,SN,SEN,2007,Sub-Saharan Africa,Lower middle income,1123.99862153285,62.653,11770344,6.89,NA,2.8,NA
Senegal,SN,SEN,2008,Sub-Saharan Africa,Lower middle income,1138.66883930214,63.201,12048959,7.12,30.7020606994629,2.816,NA
Senegal,SN,SEN,2009,Sub-Saharan Africa,Lower middle income,1142.65317233964,63.751,12337389,7.5,NA,2.807,NA
Senegal,SN,SEN,2012,Sub-Saharan Africa,Lower middle income,1154.05677992367,65.229,13310495,10.8,46.4158677062967,3.896,NA
Senegal,SN,SEN,2013,Sub-Saharan Africa,Lower middle income,1147.3859217191,65.638,13710849,13.1,49.0776594909389,5.012,NA
Senegal,SN,SEN,2014,Sub-Saharan Africa,Lower middle income,1180.7987108505,66.001,14152102,17.7,50.546931380439,5.849,NA
Senegal,SN,SEN,2001,Sub-Saharan Africa,Lower middle income,1067.36886550595,58.158,10212942,0.983794,15.5517797470093,2.674,41.2
Senegal,SN,SEN,2002,Sub-Saharan Africa,Lower middle income,1042.25509944289,58.912,10466214,1.00645,16.9281692504883,2.82,NA
Senegal,SN,SEN,2017,Sub-Saharan Africa,Lower middle income,1312.10932776049,67.059,15475002,29.6431,NA,4.078,NA
Senegal,SN,SEN,2018,Sub-Saharan Africa,Lower middle income,1355.09610863712,67.379,15914498,35.3,NA,3.453,38.3
Senegal,SN,SEN,2019,Sub-Saharan Africa,Lower middle income,1379.60875249861,67.668,16352922,43.4,44.4624552560012,2.863,NA
Senegal,SN,SEN,2020,Sub-Saharan Africa,Lower middle income,1361.79143748646,67.496,16789219,53.3088,44.7866297761573,3.432,NA
Senegal,SN,SEN,2010,Sub-Saharan Africa,Lower middle income,1153.53431121583,64.221,12635413,8,37.1267013549805,2.795,NA
Senegal,SN,SEN,2015,Sub-Saharan Africa,Lower middle income,1218.00613555438,66.451,14593331,21.7,50.5380516052246,6.757,NA
Senegal,SN,SEN,2016,Sub-Saharan Africa,Lower middle income,1257.40906915928,66.724,15034521,25.6648,NA,4.455,NA
Serbia,RS,SRB,2001,Europe & Central Asia,Upper middle income,3788.98233947399,72.2341463414634,7503433,NA,89.7503128051758,12.8,NA
Serbia,RS,SRB,2002,Europe & Central Asia,Upper middle income,4038.65251197442,72.2853658536585,7500031,NA,88.7098770141602,13.8,32.7
Serbia,RS,SRB,2005,Europe & Central Asia,Upper middle income,4809.1384076488,72.8341463414634,7440769,26.3,88.5904083251953,20.85,36.5
Serbia,RS,SRB,2006,Europe & Central Asia,Upper middle income,5016.41289322251,73.3853658536585,7411569,27.2,88.9565811157227,20.85,29.7
Serbia,RS,SRB,2003,Europe & Central Asia,Upper middle income,4233.77644906089,72.4365853658537,7480591,NA,88.2943801879883,15.2,32.8
Serbia,RS,SRB,2000,Europe & Central Asia,Upper middle income,3542.35365914848,71.5829268292683,7516346,NA,91.1882629394531,12.6,NA
Serbia,RS,SRB,2009,Europe & Central Asia,Upper middle income,5578.0119741931,73.9853658536585,7320807,38.1,91.4844589233398,16.116,28
Serbia,RS,SRB,2010,Europe & Central Asia,Upper middle income,5690.70327182682,74.3365853658537,7291436,40.9,91.4276275634766,19.204,29
Serbia,RS,SRB,2011,Europe & Central Asia,Upper middle income,5737.00120175811,74.5365853658537,7236519,42.2,93.6310501098633,22.959,NA
Serbia,RS,SRB,2012,Europe & Central Asia,Upper middle income,5739.3075023532,74.8365853658537,7201497,48.1,94.1696166992188,24,39.9
Serbia,RS,SRB,2013,Europe & Central Asia,Upper middle income,5793.33614525565,75.1853658536585,7166553,53.4504,94.4092102050781,22.154,39.4
Serbia,RS,SRB,2014,Europe & Central Asia,Upper middle income,5716.54047153506,75.3365853658537,7131787,62.0751,94.3444137573242,19.223,40.4
Serbia,RS,SRB,2015,Europe & Central Asia,Upper middle income,5820.3215576888,75.2878048780488,7095383,65.317,96.6696090698242,17.66,40.5
Serbia,RS,SRB,2016,Europe & Central Asia,Upper middle income,6024.95754653784,75.6878048780488,7058322,67.0568,96.234733581543,15.257,38.8
Serbia,RS,SRB,2004,Europe & Central Asia,Upper middle income,4527.43498659451,72.6829268292683,7463157,23.5,88.1681365966797,18.5,35.5
Serbia,RS,SRB,2017,Europe & Central Asia,Upper middle income,6200.26118592152,75.5390243902439,7020858,70.3308,95.4950866699219,13.477,36.1
Serbia,RS,SRB,2018,Europe & Central Asia,Upper middle income,6524.08029755191,75.890243902439,6982604,73.3607,95.0872421264648,12.733,35
Serbia,RS,SRB,2019,Europe & Central Asia,Upper middle income,6870.75810896296,75.9365853658537,6945235,77.4168,94.4721908569336,10.395,34.5
Serbia,RS,SRB,2007,Europe & Central Asia,Upper middle income,5431.27887426624,73.6317073170732,7381579,33.15,89.437370300293,18.06,28.7
Serbia,RS,SRB,2008,Europe & Central Asia,Upper middle income,5735.94772695749,73.8853658536585,7350222,35.6,90.4638137817383,13.67,27.6
Serbia,RS,SRB,2022,Europe & Central Asia,Upper middle income,7862.95387364846,75.2365853658537,6664449,83.5383,91.9540023803711,8.439,32.8
Serbia,RS,SRB,2020,Europe & Central Asia,Upper middle income,6850.96742168834,74.4780487804878,6899126,78.368,92.2411727905273,9.011,35
Serbia,RS,SRB,2021,Europe & Central Asia,Upper middle income,7465.67601077148,72.780487804878,6834326,81.1659,92.3795013427734,9.843,33.1
Seychelles,SC,SYC,2000,Sub-Saharan Africa,High income,11703.7535246117,72.7780487804878,81131,7.39563,76.5603332519531,NA,NA
Seychelles,SC,SYC,2001,Sub-Saharan Africa,High income,11427.9413083015,73.2536585365854,81202,11.0151,70.1063613891602,NA,NA
Seychelles,SC,SYC,2018,Sub-Saharan Africa,High income,18628.1862276696,72.8414634146341,96762,69.2,108.274060095805,NA,32.1
Seychelles,SC,SYC,2019,Sub-Saharan Africa,High income,19481.6461053742,74.0463414634146,97625,76.6,100.825877494838,NA,NA
Seychelles,SC,SYC,2016,Sub-Saharan Africa,High income,16962.6753972731,74.309756097561,94677,56.5147,101.712798026857,NA,NA
Seychelles,SC,SYC,2017,Sub-Saharan Africa,High income,17921.5731976918,74.3,95843,62.6,112.311212814645,NA,NA
Seychelles,SC,SYC,2022,Sub-Saharan Africa,High income,15869.6738782504,73.7024390243903,119878,87.0353,76.8818747010999,NA,NA
Seychelles,SC,SYC,2009,Sub-Saharan Africa,High income,12116.3783687977,73.0829268292683,87298,NA,72.2663497924805,NA,NA
Seychelles,SC,SYC,2020,Sub-Saharan Africa,High income,17048.361729788,77.2365853658537,98462,84.8223,102.18818380744,NA,NA
Seychelles,SC,SYC,2021,Sub-Saharan Africa,High income,17005.0422063679,73.3975609756097,99258,87.3383,102.952278242114,NA,NA
Seychelles,SC,SYC,2012,Sub-Saharan Africa,High income,14135.0010570653,74.2756097560976,88303,47.076,72.6763229370117,NA,NA
Seychelles,SC,SYC,2013,Sub-Saharan Africa,High income,14050.3135581314,73.119512195122,89949,50.4,84.6974263853466,NA,46.8
Seychelles,SC,SYC,2014,Sub-Saharan Africa,High income,14395.6158118771,73.2292682926829,91359,51.2547,89.3980343980344,NA,NA
Seychelles,SC,SYC,2015,Sub-Saharan Africa,High income,15333.1051727105,74.2951219512195,93419,54.2596,92.0911695105244,NA,NA
Seychelles,SC,SYC,2002,Sub-Saharan Africa,High income,11218.2606464315,71.0878048780488,83723,14.3042,73.3114776611328,NA,NA
Seychelles,SC,SYC,2003,Sub-Saharan Africa,High income,10677.9692081272,71.0292682926829,82781,14.5925,75.9402694702148,NA,NA
Seychelles,SC,SYC,2004,Sub-Saharan Africa,High income,10412.0868936027,72.6609756097561,82475,24.2721,73.7837066650391,NA,NA
Seychelles,SC,SYC,2005,Sub-Saharan Africa,High income,11297.3118190493,72.1317073170732,82858,25.4133,78.7421264648438,NA,NA
Seychelles,SC,SYC,2007,Sub-Saharan Africa,High income,13112.8210098816,73.1439024390244,85033,38.38,75.9018402099609,NA,NA
Seychelles,SC,SYC,2008,Sub-Saharan Africa,High income,12473.2921769121,73.1634146341463,86956,40.44,72.8721389770508,NA,NA
Seychelles,SC,SYC,2010,Sub-Saharan Africa,High income,12313.5566919249,73.1975609756098,89770,41,70.6972427368164,NA,NA
Seychelles,SC,SYC,2011,Sub-Saharan Africa,High income,13843.7116081878,72.7243902439024,87441,43.164,74.46608040201,NA,NA
Seychelles,SC,SYC,2006,Sub-Saharan Africa,High income,12105.4475265558,72.2170731707317,84600,34.952,72.1399536132812,NA,42.8
Sierra Leone,SL,SLE,2000,Sub-Saharan Africa,Low income,727.240914632596,44.834,4423611,0.118254,NA,4.137,NA
Sierra Leone,SL,SLE,2004,Sub-Saharan Africa,Low income,829.759768928304,47.485,5355717,0.203008,NA,3.42,NA
Sierra Leone,SL,SLE,2005,Sub-Saharan Africa,Low income,842.906030904902,48.306,5501712,0.215392,NA,3.734,NA
Sierra Leone,SL,SLE,2006,Sub-Saharan Africa,Low income,859.824260714965,49.547,5624466,0.227669,NA,3.89,NA
Sierra Leone,SL,SLE,2003,Sub-Saharan Africa,Low income,806.066489012144,46.784,5177687,0.190173,NA,3.879,40.2
Sierra Leone,SL,SLE,2008,Sub-Saharan Africa,Low income,882.54147817868,50.693,5894722,0.25,NA,4.132,NA
Sierra Leone,SL,SLE,2009,Sub-Saharan Africa,Low income,872.23959352481,51.312,6055646,0.26,NA,4.268,NA
Sierra Leone,SL,SLE,2010,Sub-Saharan Africa,Low income,902.769891411394,51.927,6222714,0.58,NA,4.34,NA
Sierra Leone,SL,SLE,2007,Sub-Saharan Africa,Low income,872.68836234614,50.024,5749352,0.239835,NA,4.022,NA
Sierra Leone,SL,SLE,2011,Sub-Saharan Africa,Low income,950.760763054593,52.594,6387251,0.9,40.4235687255859,4.388,34
Sierra Leone,SL,SLE,2012,Sub-Saharan Africa,Low income,1025.04366004502,53.159,6551080,2.5,44.5522918701172,4.378,NA
Sierra Leone,SL,SLE,2013,Sub-Saharan Africa,Low income,1146.81973456475,54.051,6714051,4,39.2237892150879,4.376,NA
Sierra Leone,SL,SLE,2001,Sub-Saharan Africa,Low income,642.036645844304,45.448,4692716,0.160264,25.5431499481201,4.235,NA
Sierra Leone,SL,SLE,2002,Sub-Saharan Africa,Low income,766.788693742901,46.174,4971435,0.176199,NA,3.909,NA
Sierra Leone,SL,SLE,2016,Sub-Saharan Africa,Low income,1002.77862282013,56.937,7205328,11.7732,42.1386795043945,4.182,NA
Sierra Leone,SL,SLE,2017,Sub-Saharan Africa,Low income,1010.54694071207,57.761,7379299,13.2369,41.5312194824219,3.656,NA
Sierra Leone,SL,SLE,2018,Sub-Saharan Africa,Low income,1015.6678297205,59.059,7554563,14.4223,43.119270324707,3.192,35.7
Sierra Leone,SL,SLE,2021,Sub-Saharan Africa,Low income,1045.7661615758,60.26,8094602,18.6539,73.4251403808594,3.551,NA
Sierra Leone,SL,SLE,2022,Sub-Saharan Africa,Low income,1077.08884538507,61.275,8276807,19.2287,NA,3.137,NA
Sierra Leone,SL,SLE,2019,Sub-Saharan Africa,Low income,1046.96778078594,59.593,7731991,15.7137,61.1980781555176,3.204,NA
Sierra Leone,SL,SLE,2020,Sub-Saharan Africa,Low income,1010.25294614757,59.694,7912558,17.1208,62.5606803894043,3.509,NA
Sierra Leone,SL,SLE,2014,Sub-Saharan Africa,Low income,1032.23789355905,54.281,6876385,6.0573,NA,4.678,NA
Sierra Leone,SL,SLE,2015,Sub-Saharan Africa,Low income,964.575980888989,55.454,7037655,6.34442,39.8463706970215,4.483,NA
Singapore,SG,SGP,2015,East Asia & Pacific,High income,55645.6068614606,82.7439024390244,5535002,79.013,NA,3.79,NA
Singapore,SG,SGP,2016,East Asia & Pacific,High income,56986.7853102911,82.8463414634146,5607283,84.4523,107.745868589242,4.08,NA
Singapore,SG,SGP,2009,East Asia & Pacific,High income,43331.8746638962,81.2414634146342,4987573,69,NA,5.86,NA
Singapore,SG,SGP,2010,East Asia & Pacific,High income,48752.0515441859,81.5414634146342,5076732,71,NA,4.12,NA
Singapore,SG,SGP,2019,East Asia & Pacific,High income,61345.5291820062,83.5951219512195,5703569,88.9493,104.621987875083,3.1,NA
Singapore,SG,SGP,2020,East Asia & Pacific,High income,59189.70385743,83.5439024390244,5685807,92.0043,103.115839213946,4.1,NA
Singapore,SG,SGP,2021,East Asia & Pacific,High income,67731.2610711717,83.0926829268293,5453566,96.9247,102.951274385922,4.64,NA
Singapore,SG,SGP,2022,East Asia & Pacific,High income,68218.805333562,82.8951219512195,5637022,95.9539,103.009804103267,3.591,NA
Singapore,SG,SGP,2014,East Asia & Pacific,High income,54681.9336458253,82.4951219512195,5469724,79.0292,NA,3.74,NA
Singapore,SG,SGP,2011,East Asia & Pacific,High income,50713.5326393594,81.7439024390244,5183688,71,NA,3.89,NA
Singapore,SG,SGP,2012,East Asia & Pacific,High income,51679.352717333,81.9951219512195,5312437,72,NA,3.72,NA
Singapore,SG,SGP,2013,East Asia & Pacific,High income,53298.9728558286,82.2463414634147,5399162,80.9021,NA,3.86,NA
Singapore,SG,SGP,2004,East Asia & Pacific,High income,39856.6356222613,79.490243902439,4166664,62,NA,5.84,NA
Singapore,SG,SGP,2001,East Asia & Pacific,High income,33597.8690808226,78.2512195121951,4138012,41.6704,NA,3.76,NA
Singapore,SG,SGP,2002,East Asia & Pacific,High income,34598.8267483781,78.5512195121951,4175950,47,NA,5.65,NA
Singapore,SG,SGP,2003,East Asia & Pacific,High income,36709.7965038255,79.0390243902439,4114826,53.8379,NA,5.93,NA
Singapore,SG,SGP,2008,East Asia & Pacific,High income,44601.5799302699,80.790243902439,4839396,69,NA,3.96,NA
Singapore,SG,SGP,2005,East Asia & Pacific,High income,41798.4880834671,79.990243902439,4265762,61,NA,5.59,NA
Singapore,SG,SGP,2006,East Asia & Pacific,High income,44159.4101820552,80.1414634146341,4401365,59,NA,4.48,NA
Singapore,SG,SGP,2007,East Asia & Pacific,High income,46178.8139470199,80.4414634146342,4588599,69.9,NA,3.9,NA
Singapore,SG,SGP,2000,East Asia & Pacific,High income,34890.0811365168,77.9512195121951,4027887,36,NA,3.7,NA
Singapore,SG,SGP,2017,East Asia & Pacific,High income,59485.3015873921,83.0951219512195,5612253,84.4523,107.472873863465,4.2,NA
Singapore,SG,SGP,2018,East Asia & Pacific,High income,61250.3476672302,83.2975609756098,5638676,88.1656,105.745250914262,3.613,NA
Sint Maarten (Dutch part),SX,SXM,2000,Latin America & Caribbean,High income,NA,74.409,30773,NA,NA,NA,NA
Sint Maarten (Dutch part),SX,SXM,2003,Latin America & Caribbean,High income,NA,74.588,31327,NA,NA,NA,NA
Sint Maarten (Dutch part),SX,SXM,2010,Latin America & Caribbean,High income,38403.0705201664,74.821,33794,NA,NA,NA,NA
Sint Maarten (Dutch part),SX,SXM,2001,Latin America & Caribbean,High income,NA,74.525,30726,NA,NA,NA,NA
Sint Maarten (Dutch part),SX,SXM,2002,Latin America & Caribbean,High income,NA,74.585,30960,NA,NA,NA,NA
Sint Maarten (Dutch part),SX,SXM,2004,Latin America & Caribbean,High income,NA,74.618,31690,NA,NA,NA,NA
Sint Maarten (Dutch part),SX,SXM,2005,Latin America & Caribbean,High income,NA,74.681,32057,NA,NA,NA,NA
Sint Maarten (Dutch part),SX,SXM,2016,Latin America & Caribbean,High income,37428.7027557069,75.952,38249,NA,NA,NA,NA
Sint Maarten (Dutch part),SX,SXM,2017,Latin America & Caribbean,High income,33945.4185182499,75.455,38996,NA,NA,NA,NA
Sint Maarten (Dutch part),SX,SXM,2008,Latin America & Caribbean,High income,NA,74.852,33145,NA,NA,NA,NA
Sint Maarten (Dutch part),SX,SXM,2009,Latin America & Caribbean,High income,37548.9474627441,74.796,33491,NA,NA,NA,NA
Sint Maarten (Dutch part),SX,SXM,2013,Latin America & Caribbean,High income,38889.7715088035,75.391,35854,NA,NA,NA,NA
Sint Maarten (Dutch part),SX,SXM,2014,Latin America & Caribbean,High income,38623.1999405819,75.735,36672,NA,111.371100164204,NA,NA
Sint Maarten (Dutch part),SX,SXM,2011,Latin America & Caribbean,High income,39615.1371367338,74.868,34267,NA,NA,NA,NA
Sint Maarten (Dutch part),SX,SXM,2012,Latin America & Caribbean,High income,39298.9873567827,75.125,35023,NA,118.293650793651,NA,NA
Sint Maarten (Dutch part),SX,SXM,2019,Latin America & Caribbean,High income,33877.976645467,75.68,40385,NA,NA,NA,NA
Sint Maarten (Dutch part),SX,SXM,2006,Latin America & Caribbean,High income,NA,74.779,32428,NA,NA,NA,NA
Sint Maarten (Dutch part),SX,SXM,2015,Latin America & Caribbean,High income,37839.6283815163,75.899,37471,NA,NA,NA,NA
Sint Maarten (Dutch part),SX,SXM,2018,Latin America & Caribbean,High income,31047.7241050626,75.693,39712,NA,NA,NA,NA
Sint Maarten (Dutch part),SX,SXM,2007,Latin America & Caribbean,High income,NA,74.812,32791,NA,NA,NA,NA
Sint Maarten (Dutch part),SX,SXM,2022,Latin America & Caribbean,High income,33523.6038330075,76.18,42139,NA,NA,NA,NA
Sint Maarten (Dutch part),SX,SXM,2020,Latin America & Caribbean,High income,28920.3773007159,75.002,41008,NA,NA,NA,NA
Sint Maarten (Dutch part),SX,SXM,2021,Latin America & Caribbean,High income,29834.6350068383,74.505,41571,NA,NA,NA,NA
Slovak Republic,SK,SVK,2004,Europe & Central Asia,High income,10718.2101858841,73.9585365853659,5372280,52.89,93.7951812744141,18.206,27.1
Slovak Republic,SK,SVK,2005,Europe & Central Asia,High income,11412.1593630008,73.9048780487805,5372807,55.19,95.3483963012695,16.276,29.3
Slovak Republic,SK,SVK,2016,Europe & Central Asia,High income,16740.7413996428,77.1658536585366,5430798,80.4759,91.4534378051758,9.679,25.2
Slovak Republic,SK,SVK,2017,Europe & Central Asia,High income,17195.2888721963,77.1658536585366,5439232,81.6257,91.2535934448242,8.142,23.2
Slovak Republic,SK,SVK,2007,Europe & Central Asia,High income,13770.9602691527,74.2073170731707,5374622,61.8,95.3289337158203,11.16,24.7
Slovak Republic,SK,SVK,2008,Europe & Central Asia,High income,14497.1114407172,74.7048780487805,5379233,66.05,94.7546234130859,9.514,26
Slovak Republic,SK,SVK,2018,Europe & Central Asia,High income,17869.0149173679,77.2658536585366,5446771,80.4489,91.7815399169922,6.544,25
Slovak Republic,SK,SVK,2006,Europe & Central Asia,High income,12430.2015488557,74.2048780487805,5373054,56.08,95.5382995605469,13.395,25.8
Slovak Republic,SK,SVK,2011,Europe & Central Asia,High income,14950.8735178599,75.9585365853659,5398384,74.44,94.9994125366211,13.634,26.5
Slovak Republic,SK,SVK,2012,Europe & Central Asia,High income,15159.657042000401,76.109756097561,5407579,76.71,95.0492630004883,13.966,26.1
Slovak Republic,SK,SVK,2009,Europe & Central Asia,High income,13680.7537106597,74.909756097561,5386406,70,94.39501953125,12.023,27.2
Slovak Republic,SK,SVK,2010,Europe & Central Asia,High income,14596.1477776887,75.1121951219512,5391428,75.71,94.7793426513672,14.387,27.3
Slovak Republic,SK,SVK,2015,Europe & Central Asia,High income,16442.0760860018,76.5634146341463,5423801,77.6347,91.8957290649414,11.492,26.5
Slovak Republic,SK,SVK,2000,Europe & Central Asia,High income,8997.21199594319,73.0512195121951,5388720,9.4268,87.4875564575195,18.546,NA
Slovak Republic,SK,SVK,2001,Europe & Central Asia,High income,9277.35808851002,73.4024390243903,5378867,12.5283,87.4630432128906,19.148,NA
Slovak Republic,SK,SVK,2002,Europe & Central Asia,High income,9690.68468262889,73.6048780487805,5376912,40.14,88.5775680541992,18.541,NA
Slovak Republic,SK,SVK,2019,Europe & Central Asia,High income,18250.9802475637,77.6658536585366,5454147,82.8537,91.3246917724609,5.761,23.2
Slovak Republic,SK,SVK,2020,Europe & Central Asia,High income,17763.8563847352,76.8658536585366,5458827,89.9209,90.813346862793,6.719,24.2
Slovak Republic,SK,SVK,2021,Europe & Central Asia,High income,18808.4540496595,74.6146341463415,5447247,88.9256,91.0899124145508,6.894,24.1
Slovak Republic,SK,SVK,2022,Europe & Central Asia,High income,18964.8298400624,76.9658536585366,5431752,89.0677,92.2043075561523,6.143,24.1
Slovak Republic,SK,SVK,2013,Europe & Central Asia,High income,15249.8824513785,76.4121951219512,5413393,77.8826,93.529670715332,14.226,28.1
Slovak Republic,SK,SVK,2014,Europe & Central Asia,High income,15647.6491763517,76.8121951219512,5418649,79.9843,92.7571029663086,11.536,26.1
Slovak Republic,SK,SVK,2003,Europe & Central Asia,High income,10168.02256533,73.6048780487805,5373374,43.04,91.0334014892578,17.549,NA
Slovenia,SI,SVN,2001,Europe & Central Asia,High income,16576.7158840406,75.7585365853659,1992060,30.1759,108.754692077637,5.682,NA
Slovenia,SI,SVN,2002,Europe & Central Asia,High income,17099.658209132,76.0073170731707,1994530,27.8389,109.761543273926,5.922,29.1
Slovenia,SI,SVN,2000,Europe & Central Asia,High income,16146.1216848394,75.4121951219512,1988925,15.1103,102.752769470215,6.918,NA
Slovenia,SI,SVN,2005,Europe & Central Asia,High income,19102.2776603905,77.6121951219512,2000474,46.81,98.4314880371094,6.506,24.6
Slovenia,SI,SVN,2006,Europe & Central Asia,High income,20166.5323431214,78.0865853658537,2006868,54.01,97.2324523925781,5.95,24.4
Slovenia,SI,SVN,2007,Europe & Central Asia,High income,21485.780992381,78.5609756097561,2018122,56.74,99.2364883422852,4.818,24.4
Slovenia,SI,SVN,2013,Europe & Central Asia,High income,19704.2186005128,80.3219512195122,2059953,72.6756,110.558929443359,10.103,26.2
Slovenia,SI,SVN,2022,Europe & Central Asia,High income,25275.715967757,81.2829268292683,2112076,88.9125,107.874809265137,4.011,24.3
Slovenia,SI,SVN,2009,Europe & Central Asia,High income,20307.6188322273,78.9707317073171,2039669,64,98.9675598144531,5.858,24.8
Slovenia,SI,SVN,2010,Europe & Central Asia,High income,20444.1201295876,79.4219512195122,2048583,70,98.5378189086914,7.236,24.9
Slovenia,SI,SVN,2011,Europe & Central Asia,High income,20535.4155754108,79.9707317073171,2052843,67.34,98.4782180786133,8.166,24.9
Slovenia,SI,SVN,2012,Europe & Central Asia,High income,19894.8697964548,80.1243902439024,2057159,68.35,98.1137313842773,8.841,25.6
Slovenia,SI,SVN,2014,Europe & Central Asia,High income,20228.7081986391,81.0780487804878,2061980,71.5863,110.182746887207,9.668,25.7
Slovenia,SI,SVN,2015,Europe & Central Asia,High income,20697.2748530619,80.7756097560976,2063531,73.0987,109.655220031738,8.962,25.4
Slovenia,SI,SVN,2003,Europe & Central Asia,High income,17635.3608581831,76.8585365853659,1995733,31.8548,111.062507629395,6.479,30.9
Slovenia,SI,SVN,2004,Europe & Central Asia,High income,18425.2601213581,77.2073170731707,1997012,40.81,98.896858215332,6.012,24.8
Slovenia,SI,SVN,2018,Europe & Central Asia,High income,23293.966665323,81.3780487804878,2073894,79.75,113.556167602539,5.108,24.6
Slovenia,SI,SVN,2019,Europe & Central Asia,High income,23943.1800949889,81.5292682926829,2088385,83.1084,111.369567871094,4.446,24.4
Slovenia,SI,SVN,2020,Europe & Central Asia,High income,22811.8050540778,80.5317073170732,2102419,86.6013,110.359169006348,4.971,24
Slovenia,SI,SVN,2021,Europe & Central Asia,High income,24665.4410464026,80.6756097560976,2108079,89.004,108.17887878418,4.744,24.3
Slovenia,SI,SVN,2008,Europe & Central Asia,High income,22175.2369557321,78.7658536585366,2021316,58,99.93359375,4.371,23.7
Slovenia,SI,SVN,2016,Europe & Central Asia,High income,21309.7122138949,81.1756097560976,2065042,75.4985,115.216941833496,8,24.8
Slovenia,SI,SVN,2017,Europe & Central Asia,High income,22397.7634988337,81.0292682926829,2066388,78.8854,114.595596313477,6.564,24.2
Solomon Islands,SB,SLB,2000,East Asia & Pacific,Lower middle income,1747.71796168688,67.116,440469,0.481297,19.1796207427979,2.446,NA
Solomon Islands,SB,SLB,2001,East Asia & Pacific,Lower middle income,1577.65519452251,67.237,449125,0.468552,23.1048603057861,2.642,NA
Solomon Islands,SB,SLB,2017,East Asia & Pacific,Lower middle income,2075.36705302305,69.652,685672,15.1,NA,0.727,NA
Solomon Islands,SB,SLB,2018,East Asia & Pacific,Lower middle income,2061.8996970669,69.806,709101,20.9,NA,0.722,NA
Solomon Islands,SB,SLB,2020,East Asia & Pacific,Lower middle income,1930.65510307199,69.258,744498,33.1974,NA,0.868,NA
Solomon Islands,SB,SLB,2016,East Asia & Pacific,Lower middle income,2084.24845745225,69.501,662379,11.0009,NA,0.736,NA
Solomon Islands,SB,SLB,2021,East Asia & Pacific,Lower middle income,1880.5519827183,68.89,762591,41.8392,NA,0.879,NA
Solomon Islands,SB,SLB,2022,East Asia & Pacific,Lower middle income,1788.61727922057,70.409,781066,42.094,NA,1.475,NA
Solomon Islands,SB,SLB,2019,East Asia & Pacific,Lower middle income,2043.09139778307,69.981,728147,26.3406,NA,0.746,NA
Solomon Islands,SB,SLB,2006,East Asia & Pacific,Lower middle income,1796.71439810674,67.968,491594,1.64635,35.7089614868164,1.916,NA
Solomon Islands,SB,SLB,2011,East Asia & Pacific,Lower middle income,2132.02844199392,68.824,552945,6,49.3238906860352,1.292,NA
Solomon Islands,SB,SLB,2012,East Asia & Pacific,Lower middle income,2105.91423758379,68.961,573606,6.9974,49.0498504638672,0.984,37.1
Solomon Islands,SB,SLB,2013,East Asia & Pacific,Lower middle income,2136.72116177034,69.007,594945,8,NA,0.694,NA
Solomon Islands,SB,SLB,2014,East Asia & Pacific,Lower middle income,2085.16067273086,68.984,616908,9,NA,0.73,NA
Solomon Islands,SB,SLB,2015,East Asia & Pacific,Lower middle income,2045.47721526649,69.323,639415,10.0005,NA,0.736,NA
Solomon Islands,SB,SLB,2002,East Asia & Pacific,Lower middle income,1504.8467296693,67.35,457671,0.50192,30.1493606567383,2.698,NA
Solomon Islands,SB,SLB,2003,East Asia & Pacific,Lower middle income,1573.84348435767,67.479,466154,0.55561,NA,2.286,NA
Solomon Islands,SB,SLB,2004,East Asia & Pacific,Lower middle income,1664.57315979072,67.628,474611,0.649673,NA,2.026,NA
Solomon Islands,SB,SLB,2005,East Asia & Pacific,Lower middle income,1755.74082446273,67.79,483080,0.844308,30.6725997924805,1.879,46.1
Solomon Islands,SB,SLB,2007,East Asia & Pacific,Lower middle income,1830.23321405807,67.845,500156,2,36.7365608215332,1.978,NA
Solomon Islands,SB,SLB,2008,East Asia & Pacific,Lower middle income,1911.18969015528,68.336,508790,3,NA,1.998,NA
Solomon Islands,SB,SLB,2009,East Asia & Pacific,Lower middle income,1930.46287614922,68.397,518141,4,NA,2.02,NA
Solomon Islands,SB,SLB,2010,East Asia & Pacific,Lower middle income,2058.95691648883,68.669,532968,5,50.952808380127,1.617,NA
South Africa,ZA,ZAF,2020,Sub-Saharan Africa,Upper middle income,5569.58483319272,65.15,60562381,72.1128,103.501178102472,29.217,NA
South Africa,ZA,ZAF,2021,Sub-Saharan Africa,Upper middle income,5750.90937479584,62.01,61502603,74.9686,106.443303990911,34.007,NA
South Africa,ZA,ZAF,2022,Sub-Saharan Africa,Upper middle income,5786.86505344736,65.454,62378410,75.4556,104.535066506498,33.268,NA
South Africa,ZA,ZAF,2007,Sub-Saharan Africa,Upper middle income,5891.42069421698,54.948,50528584,8.06538,85.5366287231445,22.26,NA
South Africa,ZA,ZAF,2008,Sub-Saharan Africa,Upper middle income,6009.71963138635,55.982,51114599,8.43,84.0473480224609,22.407,63
South Africa,ZA,ZAF,2011,Sub-Saharan Africa,Upper middle income,6067.12482726885,60.602,52995205,33.97,88.9442291259766,24.639,NA
South Africa,ZA,ZAF,2012,Sub-Saharan Africa,Upper middle income,6121.55783860713,61.737,53782567,41,92.1625137329102,24.727,NA
South Africa,ZA,ZAF,2013,Sub-Saharan Africa,Upper middle income,6170.87670863373,62.388,54678791,46.5,NA,24.561,NA
South Africa,ZA,ZAF,2014,Sub-Saharan Africa,Upper middle income,6155.00589462516,63.184,55594838,49,101.163200378418,24.89,63
South Africa,ZA,ZAF,2015,Sub-Saharan Africa,Upper middle income,6112.27382485974,64.053,56723537,51.9191,104.622812990742,25.149,NA
South Africa,ZA,ZAF,2016,Sub-Saharan Africa,Upper middle income,6095.295060428,64.749,57259551,54,103.855987548828,26.536,NA
South Africa,ZA,ZAF,2017,Sub-Saharan Africa,Upper middle income,6125.6920507497,65.422,57635162,56.1674,105.623168945312,27.035,NA
South Africa,ZA,ZAF,2018,Sub-Saharan Africa,Upper middle income,6117.2701406047,65.726,58613001,62.4,101.399612936693,26.906,NA
South Africa,ZA,ZAF,2019,Sub-Saharan Africa,Upper middle income,6032.82972598668,66.071,59587885,69.6969,103.78912033531,28.468,NA
South Africa,ZA,ZAF,2005,Sub-Saharan Africa,Upper middle income,5406.07581377638,53.914,49490033,7.48854,80.4203414916992,22.472,64.8
South Africa,ZA,ZAF,2006,Sub-Saharan Africa,Upper middle income,5650.9883176549,54.22,49998277,7.60714,83.7833480834961,22.304,NA
South Africa,ZA,ZAF,2002,Sub-Saharan Africa,Upper middle income,4916.81498068625,55.58,48019415,6.71032,74.4450225830078,22.579,NA
South Africa,ZA,ZAF,2003,Sub-Saharan Africa,Upper middle income,5011.62223150169,54.245,48500348,7.00769,75.5357818603516,22.679,NA
South Africa,ZA,ZAF,2009,Sub-Saharan Africa,Upper middle income,5847.05811084505,57.413,51728516,10,85.9605407714844,23.523,NA
South Africa,ZA,ZAF,2010,Sub-Saharan Africa,Upper middle income,5953.94506512821,58.886,52344051,24,86.5922045596808,24.683,63.4
South Africa,ZA,ZAF,2000,Sub-Saharan Africa,Upper middle income,4700.87555500704,58.368,47159719,5.34856,74.3193817138672,22.788,57.8
South Africa,ZA,ZAF,2001,Sub-Saharan Africa,Upper middle income,4786.482450463,57.161,47566800,6.34662,73.9493103027344,22.652,NA
South Africa,ZA,ZAF,2004,Sub-Saharan Africa,Upper middle income,5187.35683424034,53.963,48991421,8.42512,78.2966613769531,22.567,NA
South Sudan,SS,SSD,2006,Sub-Saharan Africa,Low income,NA,54.653,7976526,NA,NA,12.268,NA
South Sudan,SS,SSD,2007,Sub-Saharan Africa,Low income,NA,55.425,8388788,NA,NA,12.266,NA
South Sudan,SS,SSD,2004,Sub-Saharan Africa,Low income,NA,53.052,7233041,NA,NA,12.256,NA
South Sudan,SS,SSD,2005,Sub-Saharan Africa,Low income,NA,53.965,7590143,NA,NA,12.266,NA
South Sudan,SS,SSD,2021,Sub-Saharan Africa,Low income,NA,57.047,10865780,NA,NA,13.95,NA
South Sudan,SS,SSD,2022,Sub-Saharan Africa,Low income,NA,57.203,11021177,NA,NA,12.475,NA
South Sudan,SS,SSD,2009,Sub-Saharan Africa,Low income,2293.80166888543,56.848,9243556,NA,NA,12.438,46.3
South Sudan,SS,SSD,2000,Sub-Saharan Africa,Low income,NA,47.591,6032267,NA,NA,12.309,NA
South Sudan,SS,SSD,2001,Sub-Saharan Africa,Low income,NA,48.55,6308391,NA,NA,12.278,NA
South Sudan,SS,SSD,2002,Sub-Saharan Africa,Low income,NA,49.394,6596806,NA,NA,12.235,NA
South Sudan,SS,SSD,2003,Sub-Saharan Africa,Low income,NA,52.324,6903127,NA,NA,12.234,NA
South Sudan,SS,SSD,2014,Sub-Saharan Africa,Low income,1197.09491969479,45.625,11235073,2.6,NA,12.561,NA
South Sudan,SS,SSD,2015,Sub-Saharan Africa,Low income,1080.14718624765,39.757,11107561,3,11.5348100662231,12.464,NA
South Sudan,SS,SSD,2016,Sub-Saharan Africa,Low income,NA,36.72,10830102,3.5,NA,12.854,44
South Sudan,SS,SSD,2017,Sub-Saharan Africa,Low income,NA,35.351,10259154,4.1,NA,12.983,NA
South Sudan,SS,SSD,2018,Sub-Saharan Africa,Low income,NA,51.905,10122977,4.8,NA,12.853,NA
South Sudan,SS,SSD,2019,Sub-Saharan Africa,Low income,NA,58.129,10423384,6.7,NA,12.656,NA
South Sudan,SS,SSD,2020,Sub-Saharan Africa,Low income,NA,57.648,10698467,9.27123,NA,14.246,NA
South Sudan,SS,SSD,2008,Sub-Saharan Africa,Low income,2289.18415375563,56.28,8817647,NA,NA,12.298,NA
South Sudan,SS,SSD,2013,Sub-Saharan Africa,Low income,1165.16202707495,58.285,11166275,2.2,NA,12.665,NA
South Sudan,SS,SSD,2010,Sub-Saharan Africa,Low income,2295.07026096006,57.485,9745953,NA,NA,12.473,NA
South Sudan,SS,SSD,2011,Sub-Saharan Africa,Low income,2073.23981819145,57.674,10288109,NA,10.8023195266724,12.585,NA
South Sudan,SS,SSD,2012,Sub-Saharan Africa,Low income,1069.19619080938,58.241,10756240,NA,NA,12.803,NA
Spain,ES,ESP,2016,Europe & Central Asia,High income,26719.2442268615,83.3292682926829,46458139,80.5613,123.269889831543,19.635,35.8
Spain,ES,ESP,2008,Europe & Central Asia,High income,27112.526293889,81.1756097560976,45954106,59.6,117.210586547852,11.254,34.2
Spain,ES,ESP,2009,Europe & Central Asia,High income,25860.8142592652,81.4756097560976,46362946,62.4,117.357116699219,17.857,34.9
Spain,ES,ESP,2010,Europe & Central Asia,High income,25766.2515825743,81.6268292682927,46576897,65.8,122.622512817383,19.86,35.2
Spain,ES,ESP,2011,Europe & Central Asia,High income,25510.5579678829,82.4756097560976,46742697,67.09,126.152786254883,21.39,35.7
Spain,ES,ESP,2012,Europe & Central Asia,High income,24763.568274484,82.4268292682927,46773055,69.81,127.786712646484,24.789,35.4
Spain,ES,ESP,2013,Europe & Central Asia,High income,24498.5559507945,83.0780487804878,46604197,71.635,126.716270446777,26.094,36.2
Spain,ES,ESP,2014,Europe & Central Asia,High income,24947.8512505913,83.2292682926829,46460733,76.1867,125.335800170898,24.441,36.1
Spain,ES,ESP,2015,Europe & Central Asia,High income,25982.4416197775,82.8317073170732,46422303,78.6896,124.85466003418,22.057,36.2
Spain,ES,ESP,2000,Europe & Central Asia,High income,24106.8818529374,78.9658536585366,40567864,13.625,113.414573669434,13.785,34.1
Spain,ES,ESP,2001,Europe & Central Asia,High income,24878.3784543991,79.3682926829268,40850412,18.1487,115.331329345703,10.348,NA
Spain,ES,ESP,2002,Europe & Central Asia,High income,25205.3154769045,79.5682926829268,41431558,20.39,115.286270141602,11.146,NA
Spain,ES,ESP,2003,Europe & Central Asia,High income,25481.1653690112,79.619512195122,42187645,39.93,114.452789306641,11.283,31.8
Spain,ES,ESP,2004,Europe & Central Asia,High income,25825.3106463315,79.8707317073171,42921895,44.01,115.084503173828,11.09,33.3
Spain,ES,ESP,2005,Europe & Central Asia,High income,26294.447384391,80.1707317073171,43653155,47.88,117.570930480957,9.146,32.4
Spain,ES,ESP,2006,Europe & Central Asia,High income,26899.0921497113,80.8219512195122,44397319,50.37,117.273666381836,8.452,33.5
Spain,ES,ESP,2007,Europe & Central Asia,High income,27338.79541774,80.8731707317073,45226803,55.11,117.488693237305,8.232,34.1
Spain,ES,ESP,2022,Europe & Central Asia,High income,28203.1093419474,83.1341463414634,47786102,94.4855,119.015510559082,13.033,33.6
Spain,ES,ESP,2018,Europe & Central Asia,High income,27956.7225466484,83.4317073170732,46782011,86.1072,119.430198669434,15.255,34.7
Spain,ES,ESP,2019,Europe & Central Asia,High income,28301.4393949563,83.8317073170732,47118501,90.7187,118.524719238281,14.104,34.3
Spain,ES,ESP,2020,Europe & Central Asia,High income,25077.019882928,82.2317073170732,47359424,93.2056,117.367767333984,15.532,34.9
Spain,ES,ESP,2017,Europe & Central Asia,High income,27426.281015093,83.2829268292683,46571232,84.6022,120.555923461914,17.224,34.7
Spain,ES,ESP,2021,Europe & Central Asia,High income,26705.3629138959,83.1780487804878,47443821,93.8975,119.114921569824,14.914,33.9
Sri Lanka,LK,LKA,2000,South Asia,Lower middle income,1956.93310381072,71.179,19293054,0.64741,NA,7.74,NA
Sri Lanka,LK,LKA,2001,South Asia,Lower middle income,1896.48251734068,71.804,19600362,0.793822,NA,7.9,NA
Sri Lanka,LK,LKA,2002,South Asia,Lower middle income,1951.22522777045,72.271,19805752,1.05042,NA,8.76,40.2
Sri Lanka,LK,LKA,2018,South Asia,Lower middle income,4493.03575444544,76.485,21670000,28.3,95.9107331693991,4.318,NA
Sri Lanka,LK,LKA,2019,South Asia,Lower middle income,4455.78189608267,76.698,21803000,32,NA,4.67,37.7
Sri Lanka,LK,LKA,2020,South Asia,Lower middle income,4227.23315306594,76.928,21919000,36.1847,NA,5.364,NA
Sri Lanka,LK,LKA,2017,South Asia,Lower middle income,4436.00789945768,76.239,21453000,25.1,94.0418660922689,4.046,NA
Sri Lanka,LK,LKA,2011,South Asia,Lower middle income,3232.37350382301,74.74,21009048,NA,94.108642578125,4.118,NA
Sri Lanka,LK,LKA,2012,South Asia,Lower middle income,3484.79049033884,75.187,21169458,NA,94.6744689941406,3.88,38.7
Sri Lanka,LK,LKA,2013,South Asia,Lower middle income,3728.93586647848,75.546,20585000,NA,95.1442636196356,4.186,NA
Sri Lanka,LK,LKA,2014,South Asia,Lower middle income,3929.92062032185,75.757,20778000,10.5,93.4926277980089,4.157,NA
Sri Lanka,LK,LKA,2015,South Asia,Lower middle income,4057.7158346231,75.99,20970000,15.26,94.4516928962286,4.519,NA
Sri Lanka,LK,LKA,2003,South Asia,Lower middle income,2052.03045078787,72.442,19951521,1.45858,NA,8.22,NA
Sri Lanka,LK,LKA,2004,South Asia,Lower middle income,2149.10628588002,68.022,20087605,1.44616,NA,8.38,NA
Sri Lanka,LK,LKA,2005,South Asia,Lower middle income,2268.6880127005,73.073,20216524,1.79205,NA,7.67,NA
Sri Lanka,LK,LKA,2021,South Asia,Lower middle income,4357.97225779491,76.278,22156000,44.4531,89.8339685558794,4.981,NA
Sri Lanka,LK,LKA,2022,South Asia,Lower middle income,4033.14561476298,77.3,22181000,48.3,88.1918156520303,4.528,NA
Sri Lanka,LK,LKA,2008,South Asia,Lower middle income,2708.58594222506,72.556,20629378,NA,NA,5.22,NA
Sri Lanka,LK,LKA,2009,South Asia,Lower middle income,2787.27350976338,70.298,20756435,NA,NA,5.85,36.1
Sri Lanka,LK,LKA,2010,South Asia,Lower middle income,2993.01411511147,74.463,20879089,NA,92.3497085571289,4.784,NA
Sri Lanka,LK,LKA,2006,South Asia,Lower middle income,2426.34873273046,72.825,20352411,2.53757,NA,6.5,39.7
Sri Lanka,LK,LKA,2016,South Asia,Lower middle income,4214.74117992085,76.136,21209000,22.19,93.9037221276375,4.242,39.3
Sri Lanka,LK,LKA,2007,South Asia,Lower middle income,2573.54362192705,72.983,20492545,3.88,NA,5.97,NA
St. Kitts and Nevis,KN,KNA,2006,Latin America & Caribbean,High income,16457.8622372067,71.356,46569,38.5,NA,NA,NA
St. Kitts and Nevis,KN,KNA,2007,Latin America & Caribbean,High income,16508.1437081315,71.437,46706,43.5,110.051109313965,NA,NA
St. Kitts and Nevis,KN,KNA,2004,Latin America & Caribbean,High income,14619.795111247,70.92,46315,24.7377,86.9458694458008,NA,NA
St. Kitts and Nevis,KN,KNA,2010,Latin America & Caribbean,High income,17688.0690103409,71.452,46846,63,109.923469543457,NA,NA
St. Kitts and Nevis,KN,KNA,2011,Latin America & Caribbean,High income,17958.6813977053,71.4,46886,63.2,109.116302490234,NA,NA
St. Kitts and Nevis,KN,KNA,2008,Latin America & Caribbean,High income,18325.7612670282,71.479,46835,49.2,109.900001525879,NA,NA
St. Kitts and Nevis,KN,KNA,2005,Latin America & Caribbean,High income,16000.5658929826,71.151,46437,34,90.2405471801758,NA,NA
St. Kitts and Nevis,KN,KNA,2000,Latin America & Caribbean,High income,14039.0281125333,69.249,45248,5.86281,105.416763305664,NA,NA
St. Kitts and Nevis,KN,KNA,2001,Latin America & Caribbean,High income,14610.9099610508,69.767,45761,7.71473,94.4978179931641,NA,NA
St. Kitts and Nevis,KN,KNA,2002,Latin America & Caribbean,High income,14727.3908829316,70.194,46020,21.1524,92.0138931274414,NA,NA
St. Kitts and Nevis,KN,KNA,2003,Latin America & Caribbean,High income,14100.3067967234,70.614,46176,22.9698,89.5737686157227,NA,NA
St. Kitts and Nevis,KN,KNA,2017,Latin America & Caribbean,High income,21191.6047083703,71.284,47050,67.8,119.603784742756,NA,NA
St. Kitts and Nevis,KN,KNA,2018,Latin America & Caribbean,High income,21635.4972146482,71.336,47008,68.6,116.923551171393,NA,NA
St. Kitts and Nevis,KN,KNA,2019,Latin America & Caribbean,High income,22297.7644995701,71.54,46952,69.4,118.920614998431,NA,NA
St. Kitts and Nevis,KN,KNA,2020,Latin America & Caribbean,High income,18918.8263456611,71.181,46870,70.2753,111.195206559445,NA,NA
St. Kitts and Nevis,KN,KNA,2009,Latin America & Caribbean,High income,17671.2547069735,71.488,46916,55.7,108.54093170166,NA,NA
St. Kitts and Nevis,KN,KNA,2021,Latin America & Caribbean,High income,19031.8211910603,69.271,46763,74.3716,123.94677734375,NA,NA
St. Kitts and Nevis,KN,KNA,2022,Latin America & Caribbean,High income,21050.758653729,70.313,46709,75.5566,119.88360814743,NA,NA
St. Kitts and Nevis,KN,KNA,2015,Latin America & Caribbean,High income,20328.8003530109,71.211,47087,66.2,115.485420227051,NA,NA
St. Kitts and Nevis,KN,KNA,2012,Latin America & Caribbean,High income,17770.4963640576,71.362,47033,64,92.2169189453125,NA,NA
St. Kitts and Nevis,KN,KNA,2013,Latin America & Caribbean,High income,18773.8926898397,71.29,47069,64.6,121.377906799316,NA,NA
St. Kitts and Nevis,KN,KNA,2014,Latin America & Caribbean,High income,20187.8061975481,71.228,47089,65.4,113.12451171875,NA,NA
St. Kitts and Nevis,KN,KNA,2016,Latin America & Caribbean,High income,21133.6575914414,71.227,47075,67,116.914031982422,NA,NA
St. Lucia,LC,LCA,2014,Latin America & Caribbean,Upper middle income,10369.9382566513,72.676,174138,53.2,90.7485504150391,21.583,NA
St. Lucia,LC,LCA,2021,Latin America & Caribbean,Upper middle income,9336.92127417129,69.119,178522,63.0633,NA,20.514,NA
St. Lucia,LC,LCA,2022,Latin America & Caribbean,Upper middle income,11224.2899455738,72.67,178781,65.3544,87.6844863891602,15.934,NA
St. Lucia,LC,LCA,2008,Latin America & Caribbean,Upper middle income,10583.4310172598,72.963,168808,30,94.5392303466797,12.72,NA
St. Lucia,LC,LCA,2009,Latin America & Caribbean,Upper middle income,10219.8024011561,72.946,169869,31,96.8615798950195,15.37,NA
St. Lucia,LC,LCA,2010,Latin America & Caribbean,Upper middle income,10191.3146827694,72.768,170906,32.5,97.0315628051758,17.118,NA
St. Lucia,LC,LCA,2012,Latin America & Caribbean,Upper middle income,10517.2777635533,72.86,172587,45.865,93.3481292724609,19.06,NA
St. Lucia,LC,LCA,2013,Latin America & Caribbean,Upper middle income,10279.4155096001,72.687,173369,49.4,91.4860382080078,22.21,NA
St. Lucia,LC,LCA,2000,Latin America & Caribbean,Upper middle income,9198.93894352203,70.779,158616,5.09048,70.9955215454102,16.49,NA
St. Lucia,LC,LCA,2015,Latin America & Caribbean,Upper middle income,10334.9860823918,72.932,174905,57.3,90.9497604370117,20.84,43.7
St. Lucia,LC,LCA,2016,Latin America & Caribbean,Upper middle income,10644.1612913407,72.552,175646,58.2226,89.6722183227539,19.932,NA
St. Lucia,LC,LCA,2017,Latin America & Caribbean,Upper middle income,10960.4843512477,72.522,176342,59.1601,88.9026336669922,19.136,NA
St. Lucia,LC,LCA,2018,Latin America & Caribbean,Upper middle income,11233.8883578457,72.655,177017,60.1126,88.7150192260742,19.329,NA
St. Lucia,LC,LCA,2019,Latin America & Caribbean,Upper middle income,11114.7785940338,72.249,177661,61.0805,88.3461303710938,15.613,NA
St. Lucia,LC,LCA,2020,Latin America & Caribbean,Upper middle income,8379.27495097388,72.308,178250,62.064,88.7376327514648,25.224,NA
St. Lucia,LC,LCA,2007,Latin America & Caribbean,Upper middle income,10147.4432459936,72.86,167758,27.9,88.3509292602539,14,NA
St. Lucia,LC,LCA,2003,Latin America & Caribbean,Upper middle income,9054.06778374517,72.188,162976,20.9825,75.6025085449219,22.18,NA
St. Lucia,LC,LCA,2004,Latin America & Caribbean,Upper middle income,9637.37801390276,72.453,164239,21.3952,74.9941787719727,20.97,NA
St. Lucia,LC,LCA,2001,Latin America & Caribbean,Upper middle income,8795.54582090658,71.367,160237,8.18186,73.2953567504883,18.538,NA
St. Lucia,LC,LCA,2011,Latin America & Caribbean,Upper middle income,10576.8979743596,72.962,171801,34,96.6020889282227,18.86,NA
St. Lucia,LC,LCA,2005,Latin America & Caribbean,Upper middle income,9527.58469430542,72.544,165450,21.5676,79.0845108032227,18.7,NA
St. Lucia,LC,LCA,2002,Latin America & Caribbean,Upper middle income,8755.45939353129,71.707,161641,14.6418,73.8339385986328,20.39,NA
St. Lucia,LC,LCA,2006,Latin America & Caribbean,Upper middle income,10045.6504032593,72.794,166639,24.5,83.6699066162109,16,NA
St. Martin (French part),MF,MAF,2000,Latin America & Caribbean,High income,NA,76.793,29996,NA,NA,NA,NA
St. Martin (French part),MF,MAF,2001,Latin America & Caribbean,High income,NA,77.009,30803,NA,NA,NA,NA
St. Martin (French part),MF,MAF,2004,Latin America & Caribbean,High income,NA,77.612,33171,NA,NA,NA,NA
St. Martin (French part),MF,MAF,2005,Latin America & Caribbean,High income,NA,77.802,33928,NA,NA,NA,NA
St. Martin (French part),MF,MAF,2002,Latin America & Caribbean,High income,NA,77.219,31604,NA,NA,NA,NA
St. Martin (French part),MF,MAF,2011,Latin America & Caribbean,High income,NA,79.016,37069,NA,NA,NA,NA
St. Martin (French part),MF,MAF,2012,Latin America & Caribbean,High income,NA,79.302,37276,NA,NA,NA,NA
St. Martin (French part),MF,MAF,2013,Latin America & Caribbean,High income,NA,79.528,37419,NA,NA,NA,NA
St. Martin (French part),MF,MAF,2014,Latin America & Caribbean,High income,NA,79.727,37450,NA,NA,NA,NA
St. Martin (French part),MF,MAF,2003,Latin America & Caribbean,High income,NA,77.419,32395,NA,NA,NA,NA
St. Martin (French part),MF,MAF,2007,Latin America & Caribbean,High income,NA,78.16,35337,NA,NA,NA,NA
St. Martin (French part),MF,MAF,2015,Latin America & Caribbean,High income,NA,79.829,37369,NA,NA,NA,NA
St. Martin (French part),MF,MAF,2016,Latin America & Caribbean,High income,NA,79.885,37175,NA,NA,NA,NA
St. Martin (French part),MF,MAF,2006,Latin America & Caribbean,High income,NA,77.989,34658,NA,NA,NA,NA
St. Martin (French part),MF,MAF,2022,Latin America & Caribbean,High income,NA,80.236,28870,NA,NA,NA,NA
St. Martin (French part),MF,MAF,2008,Latin America & Caribbean,High income,NA,78.326,35958,NA,NA,NA,NA
St. Martin (French part),MF,MAF,2009,Latin America & Caribbean,High income,NA,78.513,36502,NA,NA,NA,NA
St. Martin (French part),MF,MAF,2010,Latin America & Caribbean,High income,NA,78.752,36856,NA,NA,NA,NA
St. Martin (French part),MF,MAF,2017,Latin America & Caribbean,High income,NA,78.762,36837,NA,NA,NA,NA
St. Martin (French part),MF,MAF,2018,Latin America & Caribbean,High income,NA,80.029,36012,NA,NA,NA,NA
St. Martin (French part),MF,MAF,2019,Latin America & Caribbean,High income,NA,80.078,34267,NA,NA,NA,NA
St. Martin (French part),MF,MAF,2020,Latin America & Caribbean,High income,NA,80.085,31786,NA,NA,NA,NA
St. Martin (French part),MF,MAF,2021,Latin America & Caribbean,High income,NA,80.206,29961,NA,NA,NA,NA
St. Vincent and the Grenadines,VC,VCT,2016,Latin America & Caribbean,Upper middle income,7702.8942635647,70.7,106349,51.5,NA,19.029,NA
St. Vincent and the Grenadines,VC,VCT,2017,Latin America & Caribbean,Upper middle income,7872.92690537077,71.013,105663,53.7,NA,19.024,NA
St. Vincent and the Grenadines,VC,VCT,2018,Latin America & Caribbean,Upper middle income,8179.99598957084,71.017,104926,56,NA,19.005,NA
St. Vincent and the Grenadines,VC,VCT,2020,Latin America & Caribbean,Upper middle income,7989.74651933597,69.605,103526,63.381,NA,20.635,NA
St. Vincent and the Grenadines,VC,VCT,2005,Latin America & Caribbean,Upper middle income,6244.35953746008,70.454,112450,9.19828,89.9227676391602,19.461,NA
St. Vincent and the Grenadines,VC,VCT,2021,Latin America & Caribbean,Upper middle income,8211.33588012942,69.132,102841,67.4287,NA,20.356,NA
St. Vincent and the Grenadines,VC,VCT,2022,Latin America & Caribbean,Upper middle income,8532.7381341339,71.191,102046,71.7226,NA,19.277,NA
St. Vincent and the Grenadines,VC,VCT,2019,Latin America & Caribbean,Upper middle income,8294.67434486665,70.994,104167,59.5763,NA,19.248,NA
St. Vincent and the Grenadines,VC,VCT,2015,Latin America & Caribbean,Upper middle income,7353.73556054184,70.463,106960,49.4,114.022842407227,19.135,NA
St. Vincent and the Grenadines,VC,VCT,2014,Latin America & Caribbean,Upper middle income,7116.22071347207,70.355,107535,47.4,111.371963500977,19.237,NA
St. Vincent and the Grenadines,VC,VCT,2001,Latin America & Caribbean,Upper middle income,5158.56617678847,70.382,113501,5.09481,NA,21.1,NA
St. Vincent and the Grenadines,VC,VCT,2002,Latin America & Caribbean,Upper middle income,5441.52648867536,70.658,113347,5.54959,85.5541229248047,20.623,NA
St. Vincent and the Grenadines,VC,VCT,2003,Latin America & Caribbean,Upper middle income,5816.20788359407,70.43,113141,6.46227,85.5010681152344,19.985,NA
St. Vincent and the Grenadines,VC,VCT,2004,Latin America & Caribbean,Upper middle income,6071.94945269221,70.445,112835,7.37117,94.3642807006836,19.545,NA
St. Vincent and the Grenadines,VC,VCT,2006,Latin America & Caribbean,Upper middle income,6707.27875985734,70.434,112014,12,NA,19.162,NA
St. Vincent and the Grenadines,VC,VCT,2007,Latin America & Caribbean,Upper middle income,6960.17151500732,70.446,111531,16,104.393867492676,18.934,NA
St. Vincent and the Grenadines,VC,VCT,2008,Latin America & Caribbean,Upper middle income,7019.9950843874,70.611,111028,21,108.906349182129,18.79,NA
St. Vincent and the Grenadines,VC,VCT,2009,Latin America & Caribbean,Upper middle income,6955.82358345268,70.712,110508,31,111.075256347656,19.365,NA
St. Vincent and the Grenadines,VC,VCT,2010,Latin America & Caribbean,Upper middle income,6678.04200697308,70.66,109959,33.7,110.652717590332,19.924,NA
St. Vincent and the Grenadines,VC,VCT,2011,Latin America & Caribbean,Upper middle income,6674.58198966102,70.609,109349,36.7,108.306083679199,20.006,NA
St. Vincent and the Grenadines,VC,VCT,2012,Latin America & Caribbean,Upper middle income,6790.68325958275,70.539,108736,40,105.851867675781,19.833,NA
St. Vincent and the Grenadines,VC,VCT,2013,Latin America & Caribbean,Upper middle income,6996.57386151332,70.091,108135,43.5,108.723846435547,19.356,NA
St. Vincent and the Grenadines,VC,VCT,2000,Latin America & Caribbean,Upper middle income,5067.96739467376,70.35,113545,3.24504,78.9735565185547,20.8,NA
Sudan,SD,SDN,2006,Sub-Saharan Africa,Low income,1336.1240234375,60.4,31992435,NA,34.6569290161133,15.542,NA
Sudan,SD,SDN,2007,Sub-Saharan Africa,Low income,1372.10961914063,61.442,32764135,8.66,33.9691314697266,15.534,NA
Sudan,SD,SDN,2004,Sub-Saharan Africa,Low income,1255.67114257813,56.773,30556637,0.791562,36.5913009643555,15.538,NA
Sudan,SD,SDN,2005,Sub-Saharan Africa,Low income,1290.24438476563,57.226,31262444,1.29204,36.3686599731445,15.545,NA
Sudan,SD,SDN,2014,Sub-Saharan Africa,Low income,1307.3896484375,63.99,38823318,NA,42.046989440918,15.41,34.2
Sudan,SD,SDN,2015,Sub-Saharan Africa,Low income,1292.37963867188,64.375,40024431,NA,42.5230712890625,14.39,NA
Sudan,SD,SDN,2016,Sub-Saharan Africa,Low income,1297.15454101563,64.677,41259892,14.1,40.9556007385254,13.656,NA
Sudan,SD,SDN,2017,Sub-Saharan Africa,Low income,1261.87353515625,65.146,42714306,18.6,43.0903282165527,13,NA
Sudan,SD,SDN,2018,Sub-Saharan Africa,Low income,1185.94445800781,65.501,44230596,24.6,42.1366996765137,12.347,NA
Sudan,SD,SDN,2019,Sub-Saharan Africa,Low income,1126.55297851563,65.803,45548175,25.9,43.5378608703613,11.697,NA
Sudan,SD,SDN,2020,Sub-Saharan Africa,Low income,1056.86474609375,65.124,46789231,26.4383,NA,11.995,NA
Sudan,SD,SDN,2008,Sub-Saharan Africa,Low income,1381.62561035156,61.261,33623980,NA,35.8935012817383,15.566,NA
Sudan,SD,SDN,2009,Sub-Saharan Africa,Low income,1301.34729003906,62.676,34569113,NA,39.4921493530273,13,35.4
Sudan,SD,SDN,2010,Sub-Saharan Africa,Low income,1311.22314453125,62.979,35414399,NA,39.6667785644531,15.168,NA
Sudan,SD,SDN,2011,Sub-Saharan Africa,Low income,1388.21813964844,63.181,36140806,NA,35.2129783630371,17.44,NA
Sudan,SD,SDN,2012,Sub-Saharan Africa,Low income,1288.25854492188,63.427,36923178,NA,38.7272605895996,16.973,NA
Sudan,SD,SDN,2013,Sub-Saharan Africa,Low income,1283.45922851563,63.443,37785849,NA,40.9434089660645,16.273,NA
Sudan,SD,SDN,2000,Sub-Saharan Africa,Low income,1111.11865234375,58.946,27816745,0.025785,NA,15.595,NA
Sudan,SD,SDN,2001,Sub-Saharan Africa,Low income,1150.17626953125,59.264,28516770,0.140185,32.2981796264648,15.56,NA
Sudan,SD,SDN,2002,Sub-Saharan Africa,Low income,1185.21533203125,59.308,29228727,0.439478,32.1063385009766,15.514,NA
Sudan,SD,SDN,2003,Sub-Saharan Africa,Low income,1226.42077636719,58.319,29896035,0.538472,33.3529090881348,15.515,NA
Sudan,SD,SDN,2021,Sub-Saharan Africa,Low income,1009.54888916016,64.46,48066924,NA,NA,11.087,NA
Sudan,SD,SDN,2022,Sub-Saharan Africa,Low income,973.225280761719,65.695,49383346,NA,NA,7.53,NA
Suriname,SR,SUR,2021,Latin America & Caribbean,Upper middle income,6973.89941868115,68.943,617896,76.572,65.6294708251953,8.706,NA
Suriname,SR,SUR,2009,Latin America & Caribbean,Upper middle income,8276.69079768793,69.323,543568,31.36,68.5604400634766,8.72,NA
Suriname,SR,SUR,2010,Latin America & Caribbean,Upper middle income,8603.90786745855,69.626,549923,31.59,71.4902572631836,7.15,NA
Suriname,SR,SUR,2022,Latin America & Caribbean,Upper middle income,7081.33357325783,73.254,623164,77.6494,77.7318215623084,7.973,39.2
Suriname,SR,SUR,2008,Latin America & Caribbean,Upper middle income,8129.11464659446,68.873,537245,21.06,70.8968505859375,8.854,NA
Suriname,SR,SUR,2000,Latin America & Caribbean,Upper middle income,6128.31602380553,64.409,476643,2.50641,NA,12.873,NA
Suriname,SR,SUR,2001,Latin America & Caribbean,Upper middle income,6255.55274185687,64.82,486560,3.06445,69.0101776123047,12.047,NA
Suriname,SR,SUR,2002,Latin America & Caribbean,Upper middle income,6301.31731043167,65.274,496551,4.16157,70.4287109375,11.187,NA
Suriname,SR,SUR,2003,Latin America & Caribbean,Upper middle income,6567.84309876847,65.778,506414,4.71988,NA,10.336,NA
Suriname,SR,SUR,2004,Latin America & Caribbean,Upper middle income,7021.98919924338,66.362,513923,6.07605,NA,9.49,NA
Suriname,SR,SUR,2005,Latin America & Caribbean,Upper middle income,7261.8171350196,66.997,519313,6.40309,68.3932418823242,9.302,NA
Suriname,SR,SUR,2006,Latin America & Caribbean,Upper middle income,7599.35696921481,67.643,524997,9.49963,69.8493118286133,9.142,NA
Suriname,SR,SUR,2007,Latin America & Caribbean,Upper middle income,7897.25648915828,68.307,531016,14.11,70.2995910644531,9.017,NA
Suriname,SR,SUR,2012,Latin America & Caribbean,Upper middle income,9140.92898611536,69.957,562633,34.6812,69.1272811889648,8.1,NA
Suriname,SR,SUR,2013,Latin America & Caribbean,Upper middle income,9303.46008775809,70.11,569020,37.4,69.1293334960938,6.6,NA
Suriname,SR,SUR,2014,Latin America & Caribbean,Upper middle income,9224.24378410547,70.33,575373,40.08,67.3043899536133,6.94,NA
Suriname,SR,SUR,2011,Latin America & Caribbean,Upper middle income,9003.28597674886,69.82,556269,32,69.0407867431641,7.54,NA
Suriname,SR,SUR,2016,Latin America & Caribbean,Upper middle income,8293.31553031406,70.979,587757,45.4,NA,7.917,NA
Suriname,SR,SUR,2017,Latin America & Caribbean,Upper middle income,8338.69235401862,71.247,593713,48.9452,NA,7.905,NA
Suriname,SR,SUR,2018,Latin America & Caribbean,Upper middle income,8666.64870697797,71.468,599513,55.1,74.745979309082,7.817,NA
Suriname,SR,SUR,2015,Latin America & Caribbean,Upper middle income,8813.61705392067,70.567,581627,42.7638,70.1560287475586,7.22,NA
Suriname,SR,SUR,2020,Latin America & Caribbean,Upper middle income,7213.10766669943,72.321,612317,69.8369,73.11669921875,8.973,NA
Suriname,SR,SUR,2019,Latin America & Caribbean,Upper middle income,8677.30522021731,71.773,605768,62,NA,7.755,NA
Sweden,SE,SWE,2001,Europe & Central Asia,High income,42014.4022302506,79.7951219512195,8895960,51.7657,147.903442382812,4.73,26.5
Sweden,SE,SWE,2002,Europe & Central Asia,High income,42831.7584103774,79.8463414634146,8924958,70.57,144.218505859375,4.965,26.2
Sweden,SE,SWE,2000,Europe & Central Asia,High income,41561.7747635857,79.6439024390244,8872109,45.6877,151.756378173828,5.466,27
Sweden,SE,SWE,2013,Europe & Central Asia,High income,48928.4994141291,81.9560975609756,9600379,94.7836,132.713500976562,8.052,28.8
Sweden,SE,SWE,2014,Europe & Central Asia,High income,49557.6183647959,82.2536585365854,9696110,92.5236,133.660247802734,7.954,28.4
Sweden,SE,SWE,2015,Europe & Central Asia,High income,51188.1652120493,82.2048780487805,9799186,90.6102,137.462966918945,7.432,29.2
Sweden,SE,SWE,2003,Europe & Central Asia,High income,43475.3655433221,80.0951219512195,8958229,79.13,136.474304199219,5.555,25.3
Sweden,SE,SWE,2004,Europe & Central Asia,High income,45114.6701230708,80.4975609756098,8993531,83.89,101.425491333008,6.693,26.1
Sweden,SE,SWE,2005,Europe & Central Asia,High income,46189.6828420555,80.5463414634146,9029572,84.83,101.482162475586,7.81,26.8
Sweden,SE,SWE,2006,Europe & Central Asia,High income,48078.3520110084,80.7487804878049,9080505,87.76,101.204086303711,7.066,26.4
Sweden,SE,SWE,2007,Europe & Central Asia,High income,49262.152916545,80.9,9148092,82.01,100.998710632324,6.161,27.1
Sweden,SE,SWE,2008,Europe & Central Asia,High income,48428.6587081751,81.1,9219637,90,101.521087646484,6.235,28.1
Sweden,SE,SWE,2009,Europe & Central Asia,High income,45974.3911151254,81.3512195121951,9298515,91,101.434310913086,8.351,27.3
Sweden,SE,SWE,2010,Europe & Central Asia,High income,48205.5492512742,81.4512195121951,9378126,90,102.25106048584,8.61,27.7
Sweden,SE,SWE,2011,Europe & Central Asia,High income,49356.5905257047,81.8024390243903,9449213,92.77,102.14037322998,7.804,27.6
Sweden,SE,SWE,2012,Europe & Central Asia,High income,48789.7906883637,81.7048780487805,9519374,93.18,103.106872558594,7.976,27.6
Sweden,SE,SWE,2016,Europe & Central Asia,High income,51626.3235312369,82.3073170731707,9923085,89.6509,137.561157226562,6.99,29.6
Sweden,SE,SWE,2017,Europe & Central Asia,High income,51894.3748177808,82.409756097561,10057698,93.0063,142.641586303711,6.718,28.8
Sweden,SE,SWE,2018,Europe & Central Asia,High income,52203.0872589761,82.5585365853659,10175214,89.247,140.821746826172,6.365,30
Sweden,SE,SWE,2019,Europe & Central Asia,High income,53024.4099494317,83.109756097561,10278887,94.4934,136.641006469727,6.833,29.3
Sweden,SE,SWE,2020,Europe & Central Asia,High income,51624.5811789573,82.3560975609756,10353442,94.5394,136.426132202148,8.291,28.9
Sweden,SE,SWE,2021,Europe & Central Asia,High income,53997.1337068799,83.0560975609756,10415811,94.6703,138.688186645508,8.803,29.8
Sweden,SE,SWE,2022,Europe & Central Asia,High income,54304.1877501033,83.0585365853659,10486941,95.0097,139.406524658203,7.417,31.6
Switzerland,CH,CHE,2019,Europe & Central Asia,High income,87123.6604234257,83.9048780487805,8575280,93.1461,104.071113586426,4.394,34
Switzerland,CH,CHE,2016,Europe & Central Asia,High income,84611.0998672721,83.6024390243903,8373338,89.1347,104.09513092041,4.918,33
Switzerland,CH,CHE,2017,Europe & Central Asia,High income,84967.5886498224,83.5512195121951,8451840,89.6861,103.900062561035,4.797,32.7
Switzerland,CH,CHE,2018,Europe & Central Asia,High income,86756.6022327472,83.7536585365854,8514329,91.8,104.188026428223,4.713,33.1
Switzerland,CH,CHE,2000,Europe & Central Asia,High income,73749.9389517966,79.6804878048781,7184250,47.1,94.5499114990234,2.658,33.4
Switzerland,CH,CHE,2001,Europe & Central Asia,High income,74439.4637644735,80.1804878048781,7229854,55.1,94.758171081543,2.49,NA
Switzerland,CH,CHE,2002,Europe & Central Asia,High income,73824.3849167809,80.3853658536585,7284753,61.4,93.588623046875,2.924,31.7
Switzerland,CH,CHE,2003,Europe & Central Asia,High income,73254.9529864219,80.5365853658537,7339001,65.1,93.3511962890625,4.117,NA
Switzerland,CH,CHE,2004,Europe & Central Asia,High income,74718.6836260364,81.0878048780488,7389625,67.8,93.2228698730469,4.316,31.6
Switzerland,CH,CHE,2005,Europe & Central Asia,High income,76282.9840696619,81.2365853658537,7437115,70.1,93.8099594116211,4.437,NA
Switzerland,CH,CHE,2020,Europe & Central Asia,High income,84637.0132935333,83,8638167,94.3499,104.211616516113,4.817,33.7
Switzerland,CH,CHE,2021,Europe & Central Asia,High income,88661.2029776281,83.7512195121951,8704546,95.5694,103.605186462402,5.013,33.8
Switzerland,CH,CHE,2022,Europe & Central Asia,High income,90605.019427268,83.6048780487805,8777088,96.4528,103.392356872559,4.122,33.8
Switzerland,CH,CHE,2009,Europe & Central Asia,High income,79585.5216989959,82.0439024390244,7743831,81.3,95.8478317260742,4.109,32.9
Switzerland,CH,CHE,2010,Europe & Central Asia,High income,81315.4228307049,82.2463414634147,7824909,83.9,96.6068572998047,4.808,32.6
Switzerland,CH,CHE,2011,Europe & Central Asia,High income,81874.3362425008,82.6951219512195,7912398,85.193,97.1951599121094,4.409,31.7
Switzerland,CH,CHE,2012,Europe & Central Asia,High income,81964.8864937809,82.6975609756098,7996861,85.2,98.3727416992188,4.491,31.6
Switzerland,CH,CHE,2013,Europe & Central Asia,High income,82479.9215677304,82.7975609756098,8089346,86.34,101.221382141113,4.747,32.5
Switzerland,CH,CHE,2014,Europe & Central Asia,High income,83394.3712888211,83.1975609756098,8188649,83.6173,NA,4.826,32.5
Switzerland,CH,CHE,2015,Europe & Central Asia,High income,83806.4476003837,82.8975609756098,8282396,87.4791,103.913391113281,4.801,32.3
Switzerland,CH,CHE,2007,Europe & Central Asia,High income,81254.1701015272,81.7414634146342,7551117,77.2,95.0716171264648,3.641,34.3
Switzerland,CH,CHE,2008,Europe & Central Asia,High income,82481.0680560935,81.9926829268293,7647675,79.2,95.5135726928711,3.35,33.8
Switzerland,CH,CHE,2006,Europe & Central Asia,High income,78893.8078199046,81.490243902439,7483934,75.7,94.1694793701172,3.995,33.9
Syrian Arab Republic,SY,SYR,2009,Middle East & North Africa,Low income,1484.40523742854,73.496,21976969,17.3,69.7070083618164,8.14,40.4
Syrian Arab Republic,SY,SYR,2007,Middle East & North Africa,Low income,1411.6899137524,73.256,20884125,11.5,68.0717620849609,8.42,NA
Syrian Arab Republic,SY,SYR,2008,Middle East & North Africa,Low income,1423.59559425951,73.368,21636564,14,68.490966796875,10.94,NA
Syrian Arab Republic,SY,SYR,2000,Middle East & North Africa,Low income,1248.38488334216,70.856,16637888,0.181699,43.7118301391602,9.587,NA
Syrian Arab Republic,SY,SYR,2001,Middle East & North Africa,Low income,1230.87200021533,71.296,17051338,0.353759,44.8389511108398,11.63,NA
Syrian Arab Republic,SY,SYR,2002,Middle East & North Africa,Low income,1249.00621359351,71.742,17468332,2.0931,46.175178527832,10.94,NA
Syrian Arab Republic,SY,SYR,2003,Middle East & North Africa,Low income,1307.4814585452,72.188,17889296,3.39797,60.3702812194824,10.28,37.5
Syrian Arab Republic,SY,SYR,2004,Middle East & North Africa,Low income,1363.61946683869,72.494,18336875,4.32159,63.2146301269531,9.513,NA
Syrian Arab Republic,SY,SYR,2005,Middle East & North Africa,Low income,1411.63184941498,72.797,18814091,5.64811,66.2456588745117,8.81,NA
Syrian Arab Republic,SY,SYR,2006,Middle East & North Africa,Low income,1420.72293121298,73.04,19637022,7.83255,67.4928436279297,8.17,40.1
Syrian Arab Republic,SY,SYR,2019,Middle East & North Africa,Low income,771.518695271305,70.97,20353534,34.65,NA,13.369,NA
Syrian Arab Republic,SY,SYR,2020,Middle East & North Africa,Low income,740.811397013438,71.944,21049429,NA,39.0727806091309,15.179,NA
Syrian Arab Republic,SY,SYR,2021,Middle East & North Africa,Low income,734.334236323426,72.418,21628839,NA,39.4595794677734,14.887,NA
Syrian Arab Republic,SY,SYR,2022,Middle East & North Africa,Low income,712.272278200037,72.79,22462173,NA,39.6268081665039,13.245,26.6
Syrian Arab Republic,SY,SYR,2010,Middle East & North Africa,Low income,1526.36894402751,73.542,22482421,20.7,70.8321380615234,8.61,NA
Syrian Arab Republic,SY,SYR,2011,Middle East & North Africa,Low income,1542.71957174916,72.259,22878098,22.5,72.3000030517578,8.626,NA
Syrian Arab Republic,SY,SYR,2012,Middle East & North Africa,Low income,1142.29080150598,66.206,22759763,24.3001,73.1369705200195,13.8,NA
Syrian Arab Republic,SY,SYR,2013,Middle East & North Africa,Low income,884.329813332104,65.146,21666917,26.2,47.5814208984375,14.5,NA
Syrian Arab Republic,SY,SYR,2014,Middle East & North Africa,Low income,847.659877206276,65.492,20273659,28.09,NA,14.782,NA
Syrian Arab Republic,SY,SYR,2015,Middle East & North Africa,Low income,847.731631942565,63.265,19424618,29.9798,NA,14.244,NA
Syrian Arab Republic,SY,SYR,2016,Middle East & North Africa,Low income,802.969498335502,65.19,19193834,31.8696,NA,13.798,NA
Syrian Arab Republic,SY,SYR,2017,Middle East & North Africa,Low income,795.883216970859,65.651,19224668,32.7,NA,13.603,NA
Syrian Arab Republic,SY,SYR,2018,Middle East & North Africa,Low income,792.413811698757,67.371,19577845,33.77,NA,13.505,NA
Tajikistan,TJ,TJK,2010,Europe & Central Asia,Lower middle income,770.604105393791,68.37,7652141,11.55,83.9114990234375,7.037,NA
Tajikistan,TJ,TJK,2011,Europe & Central Asia,Lower middle income,809.368229154093,68.698,7824785,13.03,85.0206298828125,7.04,NA
Tajikistan,TJ,TJK,2012,Europe & Central Asia,Lower middle income,849.519080831738,69.13,8014084,14.51,86.3469314575195,7.022,NA
Tajikistan,TJ,TJK,2013,Europe & Central Asia,Lower middle income,889.882383099979,69.579,8216724,16,86.9873504638672,7.019,NA
Tajikistan,TJ,TJK,2014,Europe & Central Asia,Lower middle income,925.970961482804,69.697,8425552,17.49,NA,7.024,NA
Tajikistan,TJ,TJK,2015,Europe & Central Asia,Lower middle income,956.916310930656,69.665,8643840,18.98,NA,7.033,34
Tajikistan,TJ,TJK,2016,Europe & Central Asia,Lower middle income,997.352614556708,69.982,8865631,20.47,NA,7.036,NA
Tajikistan,TJ,TJK,2017,Europe & Central Asia,Lower middle income,1042.26391757642,70.524,9085946,21.96,NA,7.035,NA
Tajikistan,TJ,TJK,2018,Europe & Central Asia,Lower middle income,1094.8002018221,70.737,9307333,NA,NA,7.028,NA
Tajikistan,TJ,TJK,2019,Europe & Central Asia,Lower middle income,1148.34676712493,70.962,9529966,NA,NA,7.026,NA
Tajikistan,TJ,TJK,2020,Europe & Central Asia,Lower middle income,1171.90127480359,68.605,9749310,27.5441,90.9012072790342,7.576,NA
Tajikistan,TJ,TJK,2021,Europe & Central Asia,Lower middle income,1254.06999592306,69.594,9966908,49.8409,91.2751683038557,7.687,32.4
Tajikistan,TJ,TJK,2022,Europe & Central Asia,Lower middle income,1325.75545290849,71.562,10182222,53.1078,90.888637681585,7.051,39.5
Tajikistan,TJ,TJK,2009,Europe & Central Asia,Lower middle income,739.212878526331,68.248,7490230,10.07,83.1336364746094,7.028,30.8
Tajikistan,TJ,TJK,2001,Europe & Central Asia,Lower middle income,461.681195760256,64.197,6407377,0.0512591,73.8529586791992,3.75,NA
Tajikistan,TJ,TJK,2002,Europe & Central Asia,Lower middle income,501.80856647117,64.898,6531669,0.0554628,75.8080596923828,3.95,NA
Tajikistan,TJ,TJK,2003,Europe & Central Asia,Lower middle income,546.391479808684,65.874,6658575,0.0645838,78.0805816650391,3.85,32.7
Tajikistan,TJ,TJK,2000,Europe & Central Asia,Lower middle income,429.537300984643,63.542,6284735,0.0485996,71.9670562744141,4.15,NA
Tajikistan,TJ,TJK,2005,Europe & Central Asia,Lower middle income,618.333702588577,66.531,6924720,0.29869,79.9551315307617,3.45,NA
Tajikistan,TJ,TJK,2006,Europe & Central Asia,Lower middle income,649.163328755334,66.997,7057566,3.77241,80.7600173950195,3.65,NA
Tajikistan,TJ,TJK,2007,Europe & Central Asia,Lower middle income,686.48090192413,67.405,7194477,7.19762,81.424560546875,2.874,32.2
Tajikistan,TJ,TJK,2004,Europe & Central Asia,Lower middle income,590.957111385699,66.604,6790547,0.0774799,79.29443359375,3.45,33.6
Tajikistan,TJ,TJK,2008,Europe & Central Asia,Lower middle income,726.185491338269,67.924,7338403,8.78,82.2941436767578,4.942,NA
Tanzania,TZ,TZA,2001,Sub-Saharan Africa,Lower middle income,573.400146484375,54.124,35198299,0.1713,NA,2.994,NA
Tanzania,TZ,TZA,2002,Sub-Saharan Africa,Lower middle income,598.421569824219,54.94,36121304,0.222484,NA,3.023,NA
Tanzania,TZ,TZA,2003,Sub-Saharan Africa,Lower middle income,621.720703125,55.929,37089555,0.676963,NA,3.053,NA
Tanzania,TZ,TZA,2000,Sub-Saharan Africa,Lower middle income,555.348083496094,53.244,34260139,0.117194,NA,3.129,37.3
Tanzania,TZ,TZA,2011,Sub-Saharan Africa,Lower middle income,838.999267578125,61.618,46029367,3.2,NA,3.47,37.8
Tanzania,TZ,TZA,2012,Sub-Saharan Africa,Lower middle income,851.910705566406,62.286,47374260,3.95,NA,3.223,NA
Tanzania,TZ,TZA,2013,Sub-Saharan Africa,Lower middle income,882.8115234375,62.788,48824128,4.4,32.3857446198788,2.93,NA
Tanzania,TZ,TZA,2014,Sub-Saharan Africa,Lower middle income,913.811218261719,63.364,50351512,7,29.6310806274414,2.125,NA
Tanzania,TZ,TZA,2015,Sub-Saharan Africa,Lower middle income,939.127319335938,63.928,52020962,10,26.090669631958,2.009,NA
Tanzania,TZ,TZA,2016,Sub-Saharan Africa,Lower middle income,970.156127929688,64.404,53824013,13.5042,25.6429992626308,1.931,NA
Tanzania,TZ,TZA,2004,Sub-Saharan Africa,Lower middle income,650.516540527344,56.836,38109668,0.877575,NA,3.105,NA
Tanzania,TZ,TZA,2005,Sub-Saharan Africa,Lower middle income,680.051208496094,57.675,39182076,1.1,NA,3.193,NA
Tanzania,TZ,TZA,2006,Sub-Saharan Africa,Lower middle income,704.502746582031,58.512,40294902,1.3,NA,3.299,NA
Tanzania,TZ,TZA,2007,Sub-Saharan Africa,Lower middle income,731.52001953125,59.26,41435512,1.6,NA,3.023,40.3
Tanzania,TZ,TZA,2008,Sub-Saharan Africa,Lower middle income,752.540466308594,59.896,42570728,1.9,NA,2.775,NA
Tanzania,TZ,TZA,2009,Sub-Saharan Africa,Lower middle income,772.929565429688,60.494,43633982,2.4,NA,2.5,NA
Tanzania,TZ,TZA,2010,Sub-Saharan Africa,Lower middle income,801.29931640625,61.127,44758488,2.9,31.8920497894287,3.03,NA
Tanzania,TZ,TZA,2019,Sub-Saharan Africa,Lower middle income,1051.7666015625,66.007,59174891,16.5909,30.1824263288684,1.735,NA
Tanzania,TZ,TZA,2020,Sub-Saharan Africa,Lower middle income,1041.25964355469,66.771,60972798,17.7693,30.9205938581875,1.792,NA
Tanzania,TZ,TZA,2017,Sub-Saharan Africa,Lower middle income,1001.55895996094,64.963,55652890,14.4634,26.3711632016128,1.854,NA
Tanzania,TZ,TZA,2018,Sub-Saharan Africa,Lower middle income,1024.01525878906,65.488,57437145,15.4907,28.5933897410534,1.792,40.5
Tanzania,TZ,TZA,2021,Sub-Saharan Africa,Lower middle income,1054.31726074219,66.131,62830412,19.0314,28.231330871582,1.876,NA
Tanzania,TZ,TZA,2022,Sub-Saharan Africa,Lower middle income,1070.58532714844,66.879,64711821,22.101,NA,1.573,NA
Thailand,TH,THA,2004,East Asia & Pacific,Upper middle income,4232.77157261934,72.1,65452047,10.6773,67.444221496582,1.51,42.5
Thailand,TH,THA,2005,East Asia & Pacific,Upper middle income,4372.25730206261,72.894,66017420,15.026,71.8262786865234,1.35,NA
Thailand,TH,THA,2008,East Asia & Pacific,Upper middle income,4805.76393990836,74.221,67619830,18.2,75.2078475952148,1.18,40.3
Thailand,TH,THA,2009,East Asia & Pacific,Upper middle income,4737.45679763314,74.669,68121080,20.1,76.6007080078125,1.49,39.6
Thailand,TH,THA,2006,East Asia & Pacific,Upper middle income,4551.5250018314,73.341,66567687,17.1607,71.6298599243164,1.22,41.8
Thailand,TH,THA,2007,East Asia & Pacific,Upper middle income,4760.66708464831,73.779,67102394,20.03,75.7808074951172,1.18,39.8
Thailand,TH,THA,2016,East Asia & Pacific,Upper middle income,5857.78052935926,76.769,70859841,47.505,122.563217163086,0.688,36.7
Thailand,TH,THA,2017,East Asia & Pacific,Upper middle income,6076.74307700082,76.989,71160187,52.8919,79.5062371844027,0.83,36.4
Thailand,TH,THA,2018,East Asia & Pacific,Upper middle income,6314.19948412043,77.19,71376079,56.8175,80.6045305135668,0.765,36.4
Thailand,TH,THA,2019,East Asia & Pacific,Upper middle income,6434.53770518034,77.197,71522271,66.6524,81.7206425877734,0.716,34.9
Thailand,TH,THA,2020,East Asia & Pacific,Upper middle income,6035.18627737077,77.331,71641484,77.8437,82.3668560969625,1.099,35
Thailand,TH,THA,2021,East Asia & Pacific,Upper middle income,6121.52696529713,77.606,71727332,85.2696,84.6644528199547,1.215,34.9
Thailand,TH,THA,2022,East Asia & Pacific,Upper middle income,6278.7855138276,75.291,71735329,87.9772,88.0661686868399,0.94,34.3
Thailand,TH,THA,2010,East Asia & Pacific,Upper middle income,5059.35747831657,75.012,68579447,22.4,78.3943786621094,0.622,39.4
Thailand,TH,THA,2011,East Asia & Pacific,Upper middle income,5070.23740191942,75.302,69007208,23.6699,86.9894790649414,0.66,37.5
Thailand,TH,THA,2012,East Asia & Pacific,Upper middle income,5403.87846036273,75.59,69436098,26.46,85.5365295410156,0.58,39.3
Thailand,TH,THA,2013,East Asia & Pacific,Upper middle income,5516.61164164135,75.96,69845114,28.94,83.854850769043,0.249,37.8
Thailand,TH,THA,2014,East Asia & Pacific,Upper middle income,5541.46599361845,76.279,70216367,34.8861,123.525459289551,0.576,37
Thailand,TH,THA,2015,East Asia & Pacific,Upper middle income,5688.85335397884,76.563,70540795,39.3161,124.330596923828,0.597,36
Thailand,TH,THA,2000,East Asia & Pacific,Upper middle income,3514.71662970608,71.205,63007815,3.68904,NA,2.389,42.8
Thailand,TH,THA,2001,East Asia & Pacific,Upper middle income,3599.02524877358,71.52,63651141,5.55633,64.0281982421875,2.6,NA
Thailand,TH,THA,2002,East Asia & Pacific,Upper middle income,3783.75422073266,71.775,64266437,7.53125,65.5458221435547,1.82,41.9
Thailand,TH,THA,2003,East Asia & Pacific,Upper middle income,4018.15538187068,72.101,64868166,9.29903,NA,1.54,NA
Timor-Leste,TL,TLS,2009,East Asia & Pacific,Lower middle income,1120.09693594876,63.265,1058782,2,67.0938568115234,3.289,NA
Timor-Leste,TL,TLS,2010,East Asia & Pacific,Lower middle income,1195.38066079604,63.66,1084679,3,68.3026309590313,3.301,NA
Timor-Leste,TL,TLS,2011,East Asia & Pacific,Lower middle income,1237.48380284894,64.022,1110207,4,70.1640602638495,3.385,NA
Timor-Leste,TL,TLS,2012,East Asia & Pacific,Lower middle income,1269.41625561248,64.384,1134885,7,70.0278421982138,3.47,NA
Timor-Leste,TL,TLS,2000,East Asia & Pacific,Lower middle income,1117.56432347244,58.097,745088,NA,NA,3.529,NA
Timor-Leste,TL,TLS,2001,East Asia & Pacific,Lower middle income,1192.74796357529,58.772,812249,NA,41.3206901550293,3.386,35.9
Timor-Leste,TL,TLS,2002,East Asia & Pacific,Lower middle income,1028.13194386616,59.477,879159,0,44.7095603942871,3.371,NA
Timor-Leste,TL,TLS,2003,East Asia & Pacific,Lower middle income,964.322543048225,60.13,916878,NA,46.5835189819336,3.54,NA
Timor-Leste,TL,TLS,2004,East Asia & Pacific,Lower middle income,955.470489028291,60.743,929074,NA,57.962100982666,3.668,NA
Timor-Leste,TL,TLS,2005,East Asia & Pacific,Lower middle income,964.026656178075,61.272,948311,0.0990318,59.4707984924316,3.611,NA
Timor-Leste,TL,TLS,2006,East Asia & Pacific,Lower middle income,897.573801807644,61.881,976597,0.5,NA,3.634,NA
Timor-Leste,TL,TLS,2007,East Asia & Pacific,Lower middle income,961.848415522858,62.396,1004889,1,NA,3.523,27.8
Timor-Leste,TL,TLS,2008,East Asia & Pacific,Lower middle income,1042.86833768293,62.858,1032429,1.5,57.0646095275879,3.434,NA
Timor-Leste,TL,TLS,2022,East Asia & Pacific,Lower middle income,1579.71085276403,67.368,1369295,34.5102,NA,1.537,NA
Timor-Leste,TL,TLS,2014,East Asia & Pacific,Lower middle income,1312.96494988639,65.027,1181903,17.5,69.3739464182596,3.618,28.7
Timor-Leste,TL,TLS,2015,East Asia & Pacific,Lower middle income,1319.59295003154,65.326,1205131,18.6,72.9840325557506,3.678,NA
Timor-Leste,TL,TLS,2016,East Asia & Pacific,Lower middle income,1333.65856117568,65.61,1228312,21.2,77.3856943732818,4.657,NA
Timor-Leste,TL,TLS,2013,East Asia & Pacific,Lower middle income,1281.92864043187,64.719,1158695,11,67.8276665960217,3.57,NA
Timor-Leste,TL,TLS,2018,East Asia & Pacific,Lower middle income,1237.2006590123,66.204,1275959,27.6,83.0952419040915,3.765,NA
Timor-Leste,TL,TLS,2019,East Asia & Pacific,Lower middle income,1507.24743550088,66.496,1300945,28.0046,85.1248242560832,3.148,NA
Timor-Leste,TL,TLS,2020,East Asia & Pacific,Lower middle income,1947.83992943521,66.919,1326053,32.0127,84.7410404382553,2.808,NA
Timor-Leste,TL,TLS,2017,East Asia & Pacific,Lower middle income,1267.08661597675,65.898,1251703,24.2,81.1665700933061,4.254,NA
Timor-Leste,TL,TLS,2021,East Asia & Pacific,Lower middle income,2015.82035757039,66.199,1350139,35.042,NA,2.344,NA
Togo,TG,TGO,2001,Sub-Saharan Africa,Low income,667.298334712527,54.746,5277382,0.9,34.4402694702148,4.108,NA
Togo,TG,TGO,2002,Sub-Saharan Africa,Low income,675.440797960321,55.032,5413274,1,38.4870300292969,4.087,NA
Togo,TG,TGO,2003,Sub-Saharan Africa,Low income,702.799255960869,55.299,5552167,1.2,40.5968894958496,3.957,NA
Togo,TG,TGO,2000,Sub-Saharan Africa,Low income,679.533421599502,54.577,5140037,0.8,31.6074600219727,4.162,NA
Togo,TG,TGO,2014,Sub-Saharan Africa,Low income,730.291049611232,58.766,7472450,5.7,NA,2.141,NA
Togo,TG,TGO,2015,Sub-Saharan Africa,Low income,751.051987587248,59.22,7663195,7.12,NA,2.204,43
Togo,TG,TGO,2016,Sub-Saharan Africa,Low income,763.276185353302,59.669,7858289,11.31,NA,2.968,NA
Togo,TG,TGO,2004,Sub-Saharan Africa,Low income,678.28759996017,55.594,5696508,1.5,41.9863700866699,3.992,NA
Togo,TG,TGO,2005,Sub-Saharan Africa,Low income,630.248678309054,55.916,5844631,1.8,44.2280082702637,4.149,NA
Togo,TG,TGO,2006,Sub-Saharan Africa,Low income,629.079905835563,56.142,6010668,2,46.0299682617188,4.229,42.2
Togo,TG,TGO,2007,Sub-Saharan Africa,Low income,603.83784338967,56.382,6188344,2.2,42.7597885131836,3.822,NA
Togo,TG,TGO,2008,Sub-Saharan Africa,Low income,610.405413708475,56.651,6368812,2.4,NA,3.279,NA
Togo,TG,TGO,2009,Sub-Saharan Africa,Low income,625.711511370434,56.927,6551865,2.6,NA,2.847,NA
Togo,TG,TGO,2010,Sub-Saharan Africa,Low income,644.5632812645,57.227,6732590,3,NA,2.379,NA
Togo,TG,TGO,2011,Sub-Saharan Africa,Low income,663.96334052788,57.612,6916474,3.5,52.7706298828125,1.982,46
Togo,TG,TGO,2012,Sub-Saharan Africa,Low income,687.495464571464,57.94,7100736,4,NA,2.029,NA
Togo,TG,TGO,2013,Sub-Saharan Africa,Low income,709.09186114976,58.345,7285442,4.5,NA,2.084,NA
Togo,TG,TGO,2017,Sub-Saharan Africa,Low income,774.274897347436,60.135,8057140,12.3602,60.769472220228,3.744,NA
Togo,TG,TGO,2018,Sub-Saharan Africa,Low income,791.592405216309,60.601,8258778,15.5,NA,2.9,42.5
Togo,TG,TGO,2019,Sub-Saharan Africa,Low income,810.512262603518,61.055,8463068,20.7273,NA,2.036,NA
Togo,TG,TGO,2020,Sub-Saharan Africa,Low income,808.300697079208,61.123,8669720,29.0237,NA,2.231,NA
Togo,TG,TGO,2021,Sub-Saharan Africa,Low income,829.786700130989,61.328,8878379,30.3384,63.0669365853803,2.344,37.9
Togo,TG,TGO,2022,Sub-Saharan Africa,Low income,861.508010803054,62.29,9089738,35.5105,NA,1.965,NA
Tonga,TO,TON,2019,East Asia & Pacific,Upper middle income,4566.07497816235,72.292,105669,NA,96.0933090863485,2.165,NA
Tonga,TO,TON,2020,East Asia & Pacific,Upper middle income,4647.0076512901,72.379,105704,NA,90.4639980016237,2.712,NA
Tonga,TO,TON,2017,East Asia & Pacific,Upper middle income,4568.62468668733,72.066,105356,46.2,NA,2.137,NA
Tonga,TO,TON,2018,East Asia & Pacific,Upper middle income,4583.5594849415,72.169,105567,NA,NA,2.248,NA
Tonga,TO,TON,2000,East Asia & Pacific,Upper middle income,3866.68574867282,69.635,102677,2.4344,100.165519714355,3.966,37.7
Tonga,TO,TON,2001,East Asia & Pacific,Upper middle income,3901.18055446166,69.8,103288,2.82537,97.5217514038086,4.368,NA
Tonga,TO,TON,2002,East Asia & Pacific,Upper middle income,4050.98945082432,70.03,103874,2.9073,101.04744720459,4.683,NA
Tonga,TO,TON,2003,East Asia & Pacific,Upper middle income,4030.19673410072,70.228,104464,2.98582,109.53938293457,5.18,NA
Tonga,TO,TON,2004,East Asia & Pacific,Upper middle income,3928.06014016386,70.433,105071,3.95237,97.9341201782227,3.878,NA
Tonga,TO,TON,2005,East Asia & Pacific,Upper middle income,3880.07037654517,70.56,105671,4.90778,NA,2.542,NA
Tonga,TO,TON,2006,East Asia & Pacific,Upper middle income,3775.24832512712,70.71,106253,5.85394,97.8654708862305,1.09,NA
Tonga,TO,TON,2021,East Asia & Pacific,Upper middle income,4612.90046969933,72.13,105490,57.5486,106.143896523848,2.111,27.1
Tonga,TO,TON,2022,East Asia & Pacific,Upper middle income,4533.96790206106,72.635,105042,57.7181,96.996718063038,2.002,NA
Tonga,TO,TON,2009,East Asia & Pacific,Upper middle income,3630.76081551536,70.949,107203,10,104.440650939941,1.419,37.5
Tonga,TO,TON,2010,East Asia & Pacific,Upper middle income,3653.97801722796,71.319,107400,16,105.640548706055,1.501,NA
Tonga,TO,TON,2011,East Asia & Pacific,Upper middle income,3892.76791192676,71.437,107570,25,107.053398132324,1.594,NA
Tonga,TO,TON,2012,East Asia & Pacific,Upper middle income,3932.59350453286,71.546,107460,30,94.5147705078125,1.638,NA
Tonga,TO,TON,2013,East Asia & Pacific,Upper middle income,3962.16964095596,71.65,107078,32.754,95.4586410522461,1.75,NA
Tonga,TO,TON,2014,East Asia & Pacific,Upper middle income,4058.815614369,71.721,106609,35.9544,96.7714748784441,1.914,NA
Tonga,TO,TON,2015,East Asia & Pacific,Upper middle income,4123.90323993332,71.851,106095,38.6513,103.261224756552,2.022,33.5
Tonga,TO,TON,2016,East Asia & Pacific,Upper middle income,4419.81472868939,71.951,105524,39.95,NA,2.048,NA
Tonga,TO,TON,2008,East Asia & Pacific,Upper middle income,3833.60152751942,71.041,107020,8.11077,103.846702575684,1.279,NA
Tonga,TO,TON,2007,East Asia & Pacific,Upper middle income,3665.89534379299,70.887,106726,7.17987,102.244041442871,1.21,NA
Trinidad and Tobago,TT,TTO,2009,Latin America & Caribbean,High income,17461.9640940055,71.404,1310106,44.3,NA,5.28,NA
Trinidad and Tobago,TT,TTO,2010,Latin America & Caribbean,High income,17938.0949459463,71.809,1317714,48.5,NA,4.033,NA
Trinidad and Tobago,TT,TTO,2008,Latin America & Caribbean,High income,18285.2735441992,71.117,1308587,34.8,NA,4.63,NA
Trinidad and Tobago,TT,TTO,2000,Latin America & Caribbean,High income,10023.0206669207,68.629,1319774,7.72141,NA,12.1,NA
Trinidad and Tobago,TT,TTO,2001,Latin America & Caribbean,High income,10395.2041042218,68.874,1325567,15.3846,NA,10.88,NA
Trinidad and Tobago,TT,TTO,2002,Latin America & Caribbean,High income,11165.960015838,69.232,1332011,21.9987,NA,10.39,NA
Trinidad and Tobago,TT,TTO,2003,Latin America & Caribbean,High income,12714.5004334846,69.454,1338709,25.971800000000002,NA,10.48,NA
Trinidad and Tobago,TT,TTO,2004,Latin America & Caribbean,High income,13657.2534995604,69.879,1345380,27.0243,84.2731094360352,8.33,NA
Trinidad and Tobago,TT,TTO,2005,Latin America & Caribbean,High income,15075.4179709902,70.185,1294494,28.9767,NA,7.95,NA
Trinidad and Tobago,TT,TTO,2006,Latin America & Caribbean,High income,17021.2241679562,70.437,1297944,30.0037,NA,6.27,NA
Trinidad and Tobago,TT,TTO,2007,Latin America & Caribbean,High income,17758.6995224652,70.797,1303188,32.3,NA,5.54,NA
Trinidad and Tobago,TT,TTO,2019,Latin America & Caribbean,High income,17225.361633712,72.836,1363985,75,NA,3.523,NA
Trinidad and Tobago,TT,TTO,2020,Latin America & Caribbean,High income,15679.9611486825,72.645,1366725,77.2813,NA,4.206,NA
Trinidad and Tobago,TT,TTO,2021,Latin America & Caribbean,High income,15558.0940536829,71.111,1367558,84.3658,NA,4.446,NA
Trinidad and Tobago,TT,TTO,2022,Latin America & Caribbean,High income,15712.230497272,73.331,1365805,84.4957,NA,4.383,NA
Trinidad and Tobago,TT,TTO,2014,Latin America & Caribbean,High income,20032.5402001718,72.898,1345343,62.4,NA,2.477,NA
Trinidad and Tobago,TT,TTO,2011,Latin America & Caribbean,High income,17746.509252615,72.232,1328019,55.2,NA,3.425,NA
Trinidad and Tobago,TT,TTO,2012,Latin America & Caribbean,High income,18835.6674122954,72.513,1335194,57.5,NA,3.718,NA
Trinidad and Tobago,TT,TTO,2013,Latin America & Caribbean,High income,19392.1974593783,72.785,1340557,59.9,NA,2.683,NA
Trinidad and Tobago,TT,TTO,2018,Latin America & Caribbean,High income,17205.615135339,72.658,1359193,72.8,NA,3.497,NA
Trinidad and Tobago,TT,TTO,2015,Latin America & Caribbean,High income,19887.2327716498,72.882,1349667,65.1,NA,2.428,NA
Trinidad and Tobago,TT,TTO,2016,Latin America & Caribbean,High income,18331.034459758,72.935,1353895,67.8,NA,3.207,NA
Trinidad and Tobago,TT,TTO,2017,Latin America & Caribbean,High income,17402.6155328454,72.984,1356633,70.6,NA,3.389,NA
Tunisia,TN,TUN,2015,Middle East & North Africa,Lower middle income,4014.94773686432,74.875,11402264,46.5,85.7816009521484,15.159,32.8
Tunisia,TN,TUN,2011,Middle East & North Africa,Lower middle income,3784.7412903401,74.471,10886035,39.1,89.3414688110352,18.334,NA
Tunisia,TN,TUN,2012,Middle East & North Africa,Lower middle income,3900.04620132702,74.599,11009647,41.4416,NA,17.63,NA
Tunisia,TN,TUN,2013,Middle East & North Africa,Lower middle income,3947.58763533174,74.674,11141361,43.8,87.2357025146484,15.934,NA
Tunisia,TN,TUN,2014,Middle East & North Africa,Lower middle income,4021.59954703591,74.784,11274288,46.16,84.9663467407227,14.259,NA
Tunisia,TN,TUN,2000,Middle East & North Africa,Lower middle income,2864.54703666618,72.604,9764935,2.75074,72.4827117919922,14.94,40.8
Tunisia,TN,TUN,2016,Middle East & North Africa,Lower middle income,4015.28893802703,75.007,11528674,49.6,90.3264236450195,15.557,NA
Tunisia,TN,TUN,2017,Middle East & North Africa,Lower middle income,4062.80606534519,75.177,11650498,55.5002,NA,15.33,NA
Tunisia,TN,TUN,2018,Middle East & North Africa,Lower middle income,4127.97005697994,75.37,11765514,64.1908,NA,15.459,NA
Tunisia,TN,TUN,2019,Middle East & North Africa,Lower middle income,4153.27978615515,75.599,11875081,66.7,NA,17.153,NA
Tunisia,TN,TUN,2020,Middle East & North Africa,Lower middle income,3749.26841452928,75.004,11974057,68.5564,NA,17.651,NA
Tunisia,TN,TUN,2021,Middle East & North Africa,Lower middle income,3902.53322990199,72.893,12048622,68.3155,NA,16.632,33.7
Tunisia,TN,TUN,2022,Middle East & North Africa,Lower middle income,3986.54558325666,76.05,12119334,70.5532,NA,15.3,NA
Tunisia,TN,TUN,2008,Middle East & North Africa,Lower middle income,3760.11828478704,74.192,10542635,27.53,91.0540390014648,12.444,NA
Tunisia,TN,TUN,2009,Middle East & North Africa,Lower middle income,3835.25011939301,74.32,10650681,34.07,88.8368377685547,13.29,NA
Tunisia,TN,TUN,2010,Middle East & North Africa,Lower middle income,3906.90625867605,74.438,10765980,36.8,88.1112289428711,13.049,38.5
Tunisia,TN,TUN,2002,Middle East & North Africa,Lower middle income,2950.20410959054,73.07,9971515,5.25289,76.4910736083984,14.55,NA
Tunisia,TN,TUN,2003,Middle East & North Africa,Lower middle income,3058.22895827842,73.304,10071632,6.49085,76.0593566894531,14.51,NA
Tunisia,TN,TUN,2004,Middle East & North Africa,Lower middle income,3218.72320748457,73.519,10166163,8.52882,80.0033264160156,14.23,NA
Tunisia,TN,TUN,2001,Middle East & North Africa,Lower middle income,2941.73893592906,72.822,9869677,4.29797,74.8093338012695,14.4,NA
Tunisia,TN,TUN,2006,Middle East & North Africa,Lower middle income,3444.5513526091,73.888,10346410,12.9864,85.9542694091797,12.51,NA
Tunisia,TN,TUN,2007,Middle East & North Africa,Lower middle income,3642.11977444786,74.039,10441702,17.1,89.6093063354492,12.365,NA
Tunisia,TN,TUN,2005,Middle East & North Africa,Lower middle income,3301.93817216029,73.712,10255472,9.65509,83.4392318725586,12.872,37.7
Turkiye,TR,TUR,2005,Europe & Central Asia,Upper middle income,7623.14640948457,73.51,69329557,15.46,84.943717956543,10.636,42.6
Turkiye,TR,TUR,2003,Europe & Central Asia,Upper middle income,6496.07277294612,72.906,67831730,12.33,91.8227310180664,10.542,42.2
Turkiye,TR,TUR,2004,Europe & Central Asia,Upper middle income,7061.62219794984,73.223,68592617,14.58,88.3136901855469,10.838,41.3
Turkiye,TR,TUR,2000,Europe & Central Asia,Upper middle income,6326.25746472488,71.931,65425961,3.76169,74.5879898071289,6.495,NA
Turkiye,TR,TUR,2001,Europe & Central Asia,Upper middle income,5906.92348536699,72.271,66245128,5.18948,85.3136215209961,8.381,NA
Turkiye,TR,TUR,2002,Europe & Central Asia,Upper middle income,6211.70542960394,72.605,67048795,11.38,90.1109924316406,10.358,41.4
Turkiye,TR,TUR,2015,Europe & Central Asia,Upper middle income,11064.6494504662,76.539,78218479,53.745,107.243186950684,10.304,42.9
Turkiye,TR,TUR,2016,Europe & Central Asia,Upper middle income,11279.6169531569,76.595,79277962,58.3477,108.547561645508,10.899,41.9
Turkiye,TR,TUR,2017,Europe & Central Asia,Upper middle income,12005.6459824832,77.037,80312698,64.6846,112.977333068848,10.919,43.5
Turkiye,TR,TUR,2018,Europe & Central Asia,Upper middle income,12255.0082146169,77.454,81407204,71.0428,112.115409851074,10.956,42.4
Turkiye,TR,TUR,2006,Europe & Central Asia,Upper middle income,8078.5153787571,73.804,70045349,18.24,88.5527877807617,10.227,39.6
Turkiye,TR,TUR,2007,Europe & Central Asia,Upper middle income,8477.53328393352,74.129,70158112,28.63,90.7344512939453,10.285,38.4
Turkiye,TR,TUR,2008,Europe & Central Asia,Upper middle income,8447.93976396947,74.38,71051678,34.37,89.0569686889648,10.965,39
Turkiye,TR,TUR,2009,Europe & Central Asia,Upper middle income,7925.30110421185,74.679,72039206,36.4,80.1907424926758,14.026,39
Turkiye,TR,TUR,2010,Europe & Central Asia,Upper middle income,8472.57809050119,74.964,73142150,39.82,84.2024002075195,11.879,38.8
Turkiye,TR,TUR,2011,Europe & Central Asia,Upper middle income,9265.85910238578,74.823,74223629,43.0657,87.80322265625,9.789,40
Turkiye,TR,TUR,2012,Europe & Central Asia,Upper middle income,9588.32066531438,75.552,75175827,45.13,85.0204315185547,9.21,40.2
Turkiye,TR,TUR,2013,Europe & Central Asia,Upper middle income,10269.4489140773,76.171,76147624,46.25,102.209701538086,9.713,40.2
Turkiye,TR,TUR,2014,Europe & Central Asia,Upper middle income,10597.9801881716,76.452,77181884,51.0374,105.97550201416,9.901,41.2
Turkiye,TR,TUR,2019,Europe & Central Asia,Upper middle income,12238.2950220128,77.737,82579440,73.9767,111.910400390625,13.73,43.8
Turkiye,TR,TUR,2020,Europe & Central Asia,Upper middle income,12338.643833135,76.525,83384680,77.6696,112.527458190918,13.148,43
Turkiye,TR,TUR,2021,Europe & Central Asia,Upper middle income,13670.938029516,75.722,84147318,81.4084,114.147331237793,11.969,44.4
Turkiye,TR,TUR,2022,Europe & Central Asia,Upper middle income,14273.5747654873,77.591,84979913,83.4372,116.040176391602,10.465,44.5
Turkmenistan,TM,TKM,2006,Europe & Central Asia,Upper middle income,2856.77457038028,66.574,5147105,1.31957,NA,6.601,NA
Turkmenistan,TM,TKM,2007,Europe & Central Asia,Upper middle income,3114.06330033038,67.02,5244046,1.40636,NA,5.719,NA
Turkmenistan,TM,TKM,2008,Europe & Central Asia,Upper middle income,3504.34843278483,67.584,5345029,1.75,NA,4.852,NA
Turkmenistan,TM,TKM,2009,Europe & Central Asia,Upper middle income,3645.43522420841,68.155,5451592,1.95,NA,4,NA
Turkmenistan,TM,TKM,2014,Europe & Central Asia,Upper middle income,5533.03528846527,69.001,6075283,12.2,NA,4.005,NA
Turkmenistan,TM,TKM,2015,Europe & Central Asia,Upper middle income,5759.497903834,69.061,6215770,14.9968,NA,4.016,NA
Turkmenistan,TM,TKM,2016,Europe & Central Asia,Upper middle income,5977.83828113854,69.142,6360041,17.9903,NA,4.026,NA
Turkmenistan,TM,TKM,2017,Europe & Central Asia,Upper middle income,6222.55590558882,69.19,6507061,21.251,NA,4.035,NA
Turkmenistan,TM,TKM,2018,Europe & Central Asia,Upper middle income,6460.94356849428,69.272,6655524,NA,NA,4.036,NA
Turkmenistan,TM,TKM,2019,Europe & Central Asia,Upper middle income,6718.16608056274,69.405,6803944,NA,84.1078318050495,4.035,NA
Turkmenistan,TM,TKM,2020,Europe & Central Asia,Upper middle income,6965.11226889286,68.846,6949912,NA,86.8120225282998,4.489,NA
Turkmenistan,TM,TKM,2021,Europe & Central Asia,Upper middle income,7248.70763225719,69.353,7092043,NA,89.9339065551758,4.458,NA
Turkmenistan,TM,TKM,2022,Europe & Central Asia,Upper middle income,7551.03650143157,69.913,7230193,NA,92.451789855957,4.017,NA
Turkmenistan,TM,TKM,2010,Europe & Central Asia,Upper middle income,3900.14237925855,68.608,5564356,3,NA,4,NA
Turkmenistan,TM,TKM,2011,Europe & Central Asia,Upper middle income,4379.74943394339,68.87,5683417,5,NA,4.003,NA
Turkmenistan,TM,TKM,2012,Europe & Central Asia,Upper middle income,4761.0792759807,68.961,5808546,7.1958,NA,3.994,NA
Turkmenistan,TM,TKM,2013,Europe & Central Asia,Upper middle income,5131.16736462999,68.968,5939341,9.6,NA,3.993,NA
Turkmenistan,TM,TKM,2000,Europe & Central Asia,Upper middle income,2255.01496788934,64.931,4582677,0.133282,NA,11.73,NA
Turkmenistan,TM,TKM,2001,Europe & Central Asia,Upper middle income,2306.30057631688,65.325,4675409,0.17521,NA,10.898,NA
Turkmenistan,TM,TKM,2002,Europe & Central Asia,Upper middle income,2266.6336625636,65.593,4769465,0.302132,NA,10.141,NA
Turkmenistan,TM,TKM,2003,Europe & Central Asia,Upper middle income,2295.29620574541,65.854,4863865,0.425183,NA,9.289,NA
Turkmenistan,TM,TKM,2004,Europe & Central Asia,Upper middle income,2364.26725156856,66.055,4958093,0.754054,NA,8.419,NA
Turkmenistan,TM,TKM,2005,Europe & Central Asia,Upper middle income,2622.61796328876,66.275,5052257,0.997257,NA,7.495,NA
Turks and Caicos Islands,TC,TCA,2009,Latin America & Caribbean,High income,29988.5997375172,76.672,28588,NA,108.944358825684,NA,NA
Turks and Caicos Islands,TC,TCA,2010,Latin America & Caribbean,High income,29111.8729223189,76.784,29739,NA,NA,NA,NA
Turks and Caicos Islands,TC,TCA,2011,Latin America & Caribbean,High income,29363.9475927366,76.87,30846,NA,NA,NA,NA
Turks and Caicos Islands,TC,TCA,2012,Latin America & Caribbean,High income,27441.3335987017,76.969,32127,NA,NA,NA,NA
Turks and Caicos Islands,TC,TCA,2000,Latin America & Caribbean,High income,NA,73.972,18730,NA,79.0275802612305,NA,NA
Turks and Caicos Islands,TC,TCA,2001,Latin America & Caribbean,High income,NA,74.409,19576,NA,NA,NA,NA
Turks and Caicos Islands,TC,TCA,2002,Latin America & Caribbean,High income,NA,74.843,20597,NA,NA,NA,NA
Turks and Caicos Islands,TC,TCA,2003,Latin America & Caribbean,High income,NA,75.262,21727,NA,78.9801025390625,NA,NA
Turks and Caicos Islands,TC,TCA,2004,Latin America & Caribbean,High income,NA,75.63,22856,NA,84.770637512207,NA,NA
Turks and Caicos Islands,TC,TCA,2005,Latin America & Caribbean,High income,NA,75.954,23988,NA,95.0579605102539,NA,NA
Turks and Caicos Islands,TC,TCA,2006,Latin America & Caribbean,High income,NA,76.197,25123,NA,NA,NA,NA
Turks and Caicos Islands,TC,TCA,2007,Latin America & Caribbean,High income,37466.1822614725,76.427,26270,NA,NA,NA,NA
Turks and Caicos Islands,TC,TCA,2008,Latin America & Caribbean,High income,38854.1075698814,76.084,27427,NA,NA,NA,NA
Turks and Caicos Islands,TC,TCA,2022,Latin America & Caribbean,High income,48307.3079245499,77.918,45847,NA,105.9765625,NA,NA
Turks and Caicos Islands,TC,TCA,2014,Latin America & Caribbean,High income,27636.8210228067,77.212,35050,NA,72.6863226863227,NA,NA
Turks and Caicos Islands,TC,TCA,2015,Latin America & Caribbean,High income,29457.0140691162,77.321,36605,NA,81.0204081632653,NA,NA
Turks and Caicos Islands,TC,TCA,2016,Latin America & Caribbean,High income,30183.000294988102,77.437,38315,NA,73.9748274462038,NA,NA
Turks and Caicos Islands,TC,TCA,2013,Latin America & Caribbean,High income,26477.5410719582,77.1,33653,NA,NA,NA,NA
Turks and Caicos Islands,TC,TCA,2018,Latin America & Caribbean,High income,51863.1830309332,77.596,41559,NA,95.5051546391753,NA,NA
Turks and Caicos Islands,TC,TCA,2019,Latin America & Caribbean,High income,52419.8862128617,77.691,43166,NA,91.2056151940545,NA,NA
Turks and Caicos Islands,TC,TCA,2020,Latin America & Caribbean,High income,33739.4253991739,77.499,44386,NA,91.187270501836,NA,NA
Turks and Caicos Islands,TC,TCA,2017,Latin America & Caribbean,High income,50586.1032335151,77.505,39913,NA,85.01841997544,NA,NA
Turks and Caicos Islands,TC,TCA,2021,Latin America & Caribbean,High income,42907.7492465912,77.234,45243,NA,98.0016021728516,NA,NA
Tuvalu,TV,TUV,2001,East Asia & Pacific,Upper middle income,3043.15907920605,63.709,9586,5.7,72.7853164672852,NA,NA
Tuvalu,TV,TUV,2002,East Asia & Pacific,Upper middle income,3320.16858154912,63.825,9623,6.3,NA,NA,NA
Tuvalu,TV,TUV,2003,East Asia & Pacific,Upper middle income,3152.22822039796,63.897,9695,6.9,NA,NA,NA
Tuvalu,TV,TUV,2000,East Asia & Pacific,Upper middle income,3056.55101983122,63.536,9544,5.24164,NA,NA,NA
Tuvalu,TV,TUV,2014,East Asia & Pacific,Upper middle income,3035.24325598472,65.278,10984,24.1,79.6419067382812,NA,NA
Tuvalu,TV,TUV,2015,East Asia & Pacific,Upper middle income,3357.83417700071,65.365,10963,27.3,87.6274566650391,NA,NA
Tuvalu,TV,TUV,2016,East Asia & Pacific,Upper middle income,3558.61212970652,65.51,10930,31,77.9319915771484,NA,NA
Tuvalu,TV,TUV,2004,East Asia & Pacific,Upper middle income,3042.6128529965,63.989,9816,7.6,NA,NA,NA
Tuvalu,TV,TUV,2005,East Asia & Pacific,Upper middle income,2864.90524160208,64.096,9940,8.3,NA,NA,NA
Tuvalu,TV,TUV,2006,East Asia & Pacific,Upper middle income,2900.92710155819,64.247,10056,9.1,NA,NA,NA
Tuvalu,TV,TUV,2007,East Asia & Pacific,Upper middle income,3069.67368184077,64.402,10182,10,NA,NA,NA
Tuvalu,TV,TUV,2008,East Asia & Pacific,Upper middle income,3230.22109521715,64.516,10321,11.2,NA,NA,NA
Tuvalu,TV,TUV,2009,East Asia & Pacific,Upper middle income,2987.80397939993,64.693,10461,12.8,NA,NA,NA
Tuvalu,TV,TUV,2010,East Asia & Pacific,Upper middle income,2879.29645720352,64.834,10614,14.6,NA,NA,39.1
Tuvalu,TV,TUV,2011,East Asia & Pacific,Upper middle income,3028.2511217061,64.96,10780,16.5,NA,NA,NA
Tuvalu,TV,TUV,2012,East Asia & Pacific,Upper middle income,2922.07629963849,65.079,10934,18.7,NA,NA,NA
Tuvalu,TV,TUV,2013,East Asia & Pacific,Upper middle income,3030.55285189857,65.171,11001,21.2,NA,NA,NA
Tuvalu,TV,TUV,2020,East Asia & Pacific,Upper middle income,4233.0183205634,66.357,10399,61.0265,77.0771513353116,NA,NA
Tuvalu,TV,TUV,2017,East Asia & Pacific,Upper middle income,3666.20189700038,65.683,10869,35.2,NA,NA,NA
Tuvalu,TV,TUV,2018,East Asia & Pacific,Upper middle income,3757.85997284742,65.871,10751,42.2865,78.7418670654297,NA,NA
Tuvalu,TV,TUV,2019,East Asia & Pacific,Upper middle income,4345.99606453315,66.109,10581,50.7996,80.2197799682617,NA,NA
Tuvalu,TV,TUV,2021,East Asia & Pacific,Upper middle income,4396.04894488478,65.824,10194,73.3124,88.8804841149773,NA,NA
Tuvalu,TV,TUV,2022,East Asia & Pacific,Upper middle income,4515.29701517492,66.852,9992,73.5846,92.0868890612878,NA,NA
Uganda,UG,UGA,2017,Sub-Saharan Africa,Low income,871.093880017151,65.174,40177388,NA,NA,3.428,NA
Uganda,UG,UGA,2020,Sub-Saharan Africa,Low income,917.0350317644,66.41,44457152,7.4,NA,3.819,NA
Uganda,UG,UGA,2021,Sub-Saharan Africa,Low income,919.401675217265,66.45,45910930,10,NA,3.416,NA
Uganda,UG,UGA,2018,Sub-Saharan Africa,Low income,895.07512785438,65.775,41565831,NA,NA,3.249,NA
Uganda,UG,UGA,2019,Sub-Saharan Africa,Low income,920.939101515671,66.354,42999637,NA,NA,3.057,42.7
Uganda,UG,UGA,2000,Sub-Saharan Africa,Low income,509.19755319016,49.64,24000150,0.163714,NA,3.531,NA
Uganda,UG,UGA,2001,Sub-Saharan Africa,Low income,519.456547890884,50.576,24745676,0.237945,NA,3.522,NA
Uganda,UG,UGA,2002,Sub-Saharan Africa,Low income,547.405338919875,51.443,25532870,0.384094,NA,3.5,45.2
Uganda,UG,UGA,2003,Sub-Saharan Africa,Low income,564.720539196569,52.414,26352124,0.46485,NA,3.6,NA
Uganda,UG,UGA,2004,Sub-Saharan Africa,Low income,585.339489080616,53.699,27154515,0.719971,19.1225490570068,2.699,NA
Uganda,UG,UGA,2005,Sub-Saharan Africa,Low income,604.404813057618,54.926,27963289,1.74221,NA,1.9,42.9
Uganda,UG,UGA,2006,Sub-Saharan Africa,Low income,650.270540867444,56.118,28794003,2.52936,NA,2.264,NA
Uganda,UG,UGA,2022,Sub-Saharan Africa,Low income,933.094056370423,67.675,47312719,11.1246,NA,2.885,NA
Uganda,UG,UGA,2008,Sub-Saharan Africa,Low income,722.565167003452,58.253,30539553,3.88,NA,3.035,NA
Uganda,UG,UGA,2009,Sub-Saharan Africa,Low income,749.342865535423,59.157,31451151,4.1,NA,3.6,44.2
Uganda,UG,UGA,2010,Sub-Saharan Africa,Low income,768.624091660131,59.959,32390802,4.3,NA,3.623,NA
Uganda,UG,UGA,2011,Sub-Saharan Africa,Low income,816.516366587228,60.791,33354543,4.6,NA,3.523,NA
Uganda,UG,UGA,2012,Sub-Saharan Africa,Low income,823.580468285493,61.579,34337438,4.8,NA,3.551,41
Uganda,UG,UGA,2013,Sub-Saharan Africa,Low income,828.988669729986,62.353,35337042,5.1,NA,1.91,NA
Uganda,UG,UGA,2014,Sub-Saharan Africa,Low income,845.978664791099,63.057,36395539,5.4,NA,2.357,NA
Uganda,UG,UGA,2015,Sub-Saharan Africa,Low income,862.934610355811,63.831,37531446,5.8,NA,2.681,NA
Uganda,UG,UGA,2016,Sub-Saharan Africa,Low income,874.648370639216,64.494,38799152,5.9,NA,3.002,42.8
Uganda,UG,UGA,2007,Sub-Saharan Africa,Low income,684.542241787248,57.248,29653430,3.67197,24.0911102294922,2.667,NA
Ukraine,UA,UKR,2009,Europe & Central Asia,Upper middle income,2188.17016601563,69.159,46623731,17.9,97.3778762817383,8.84,25.3
Ukraine,UA,UKR,2010,Europe & Central Asia,Upper middle income,2285.93383789063,70.188,46456003,23.3,98.1416817681323,8.1,24.8
Ukraine,UA,UKR,2011,Europe & Central Asia,Upper middle income,2418.12084960938,70.711,46307853,28.7083,96.1171826388401,7.851,24.6
Ukraine,UA,UKR,2000,Europe & Central Asia,Upper middle income,1409.22265625,67.786,49556660,0.716184,97.8325805664062,11.707,NA
Ukraine,UA,UKR,2001,Europe & Central Asia,Upper middle income,1547.2783203125,67.675,49106855,1.23876,99.4165725708008,11.061,NA
Ukraine,UA,UKR,2002,Europe & Central Asia,Upper middle income,1644.28125,67.699,48677281,1.87389,100.038528442383,10.136,29
Ukraine,UA,UKR,2003,Europe & Central Asia,Upper middle income,1814.25854492188,67.638,48315136,3.14813,101.250122070312,9.057,28.7
Ukraine,UA,UKR,2004,Europe & Central Asia,Upper middle income,2042.44494628906,67.472,47979507,3.48948,98.8390197753906,8.59,28.9
Ukraine,UA,UKR,2005,Europe & Central Asia,Upper middle income,2122.6015625,67.517,47585556,3.74976,95.1181106567383,7.18,29
Ukraine,UA,UKR,2006,Europe & Central Asia,Upper middle income,2298.13232421875,67.49,47278694,4.50612,97.1627883911133,6.81,29.8
Ukraine,UA,UKR,2007,Europe & Central Asia,Upper middle income,2498.35205078125,67.715,47062798,6.55,97.6914291381836,6.351,27
Ukraine,UA,UKR,2008,Europe & Central Asia,Upper middle income,2567.69409179688,68.262,46819175,11,97.740348815918,6.363,26.6
Ukraine,UA,UKR,2021,Europe & Central Asia,Upper middle income,2426.6123046875,71.631,44298640,79.2183,84.6516335033103,9.834,NA
Ukraine,UA,UKR,2022,Europe & Central Asia,Upper middle income,1874.66296386719,72.658,41048766,82.6753,NA,NA,NA
Ukraine,UA,UKR,2014,Europe & Central Asia,Upper middle income,2308.6435546875,71.803,45972380,46.236,98.2963249258606,9.27,24
Ukraine,UA,UKR,2015,Europe & Central Asia,Upper middle income,2094.47387695313,72.686,45784896,48.8846,90.502896110392,9.14,25.5
Ukraine,UA,UKR,2012,Europe & Central Asia,Upper middle income,2426.92944335938,71.09,46210056,35.27,99.4775493061556,7.529,24.7
Ukraine,UA,UKR,2013,Europe & Central Asia,Upper middle income,2432.41625976563,71.474,46126770,40.9541,99.4303801060075,7.17,24.6
Ukraine,UA,UKR,2018,Europe & Central Asia,Upper middle income,2308.6669921875,73.569,45208907,62.5532,85.8331876808318,8.799,26.1
Ukraine,UA,UKR,2019,Europe & Central Asia,Upper middle income,2398.07836914063,73.92,44957458,70.1248,84.4568283620119,8.194,26.6
Ukraine,UA,UKR,2016,Europe & Central Asia,Upper middle income,2156.0830078125,73.389,45616832,53.001,88.5457508688536,9.35,25
Ukraine,UA,UKR,2017,Europe & Central Asia,Upper middle income,2217.7529296875,73.993,45436041,58.8895,86.788702271804,9.5,26
Ukraine,UA,UKR,2020,Europe & Central Asia,Upper middle income,2324.107421875,73.283,44680014,75.0379,84.4283338575221,9.475,25.6
United Arab Emirates,AE,ARE,2014,Middle East & North Africa,High income,44257.6514761082,81.99,8059440,90.4,NA,1.999,NA
United Arab Emirates,AE,ARE,2015,Middle East & North Africa,High income,44910.334995523,82.076,8505237,90.5,NA,1.793,NA
United Arab Emirates,AE,ARE,2012,Middle East & North Africa,High income,43958.5681120856,81.913,7391448,85,NA,2.323,NA
United Arab Emirates,AE,ARE,2013,Middle East & North Africa,High income,44312.6337162614,81.95,7693031,88,NA,2.125,32.5
United Arab Emirates,AE,ARE,2000,Middle East & North Africa,High income,56939.2701807931,76.347,3493575,23.6253,NA,2.25,NA
United Arab Emirates,AE,ARE,2001,Middle East & North Africa,High income,54169.4153530236,77.621,3723590,26.2718,NA,2.443,NA
United Arab Emirates,AE,ARE,2016,Middle East & North Africa,High income,45168.4982473243,82.195,8935095,90.6,NA,1.64,NA
United Arab Emirates,AE,ARE,2017,Middle East & North Africa,High income,43293.0203824801,82.388,9223225,94.8199,NA,2.462,NA
United Arab Emirates,AE,ARE,2018,Middle East & North Africa,High income,43377.7858697225,82.449,9346701,98.45,102.184448242188,2.236,26.4
United Arab Emirates,AE,ARE,2019,Middle East & North Africa,High income,43468.4586811918,82.596,9445785,99.15,101.747344264722,2.331,NA
United Arab Emirates,AE,ARE,2020,Middle East & North Africa,High income,39878.474427695,81.936,9401038,100,99.1635400791877,4.294,NA
United Arab Emirates,AE,ARE,2021,Middle East & North Africa,High income,40935.8936567784,79.083,9575152,100,103.210663324826,3.105,NA
United Arab Emirates,AE,ARE,2022,Middle East & North Africa,High income,41828.5553298104,80.487,10074977,100,102.380981445312,2.872,NA
United Arab Emirates,AE,ARE,2009,Middle East & North Africa,High income,42672.1987890808,81.679,6707058,64,NA,2.932,NA
United Arab Emirates,AE,ARE,2010,Middle East & North Africa,High income,42328.8508165469,81.886,6869838,68,NA,2.798,NA
United Arab Emirates,AE,ARE,2011,Middle East & North Africa,High income,43687.7782783233,81.898,7104538,78,NA,2.587,NA
United Arab Emirates,AE,ARE,2003,Middle East & North Africa,High income,53619.1925678774,79.6,4192457,29.478,NA,2.903,NA
United Arab Emirates,AE,ARE,2004,Middle East & North Africa,High income,55611.419401142,80.272,4428967,30.1313,NA,2.965,NA
United Arab Emirates,AE,ARE,2005,Middle East & North Africa,High income,55363.5661047143,80.779,4664790,40,NA,3.12,NA
United Arab Emirates,AE,ARE,2002,Middle East & North Africa,High income,52216.8753217152,78.721,3956826,28.3165,NA,2.659,NA
United Arab Emirates,AE,ARE,2007,Middle East & North Africa,High income,52038.6159567932,81.438,5624635,61,NA,2.934,NA
United Arab Emirates,AE,ARE,2008,Middle East & North Africa,High income,47922.6988207823,81.591,6302664,63,NA,2.818,NA
United Arab Emirates,AE,ARE,2006,Middle East & North Africa,High income,56629.9761392644,81.155,5009100,52,NA,2.964,NA
United Kingdom,GB,GBR,2005,Europe & Central Asia,High income,43320.5628684438,79.0487804878049,60401206,70,105.705039978027,4.884,35.5
United Kingdom,GB,GBR,2003,Europe & Central Asia,High income,41706.8303930126,78.4463414634146,59647577,64.82,102.157051086426,4.807,34.9
United Kingdom,GB,GBR,2004,Europe & Central Asia,High income,42434.8209023638,78.7463414634146,59987905,65.61,104.942932128906,4.594,34.8
United Kingdom,GB,GBR,2000,Europe & Central Asia,High income,39297.1366317267,77.7414634146342,58892514,26.8218,101.204376220703,5.558,38.8
United Kingdom,GB,GBR,2001,Europe & Central Asia,High income,40082.1359356822,77.9926829268293,59119673,33.4811,101.229789733887,4.696,37.1
United Kingdom,GB,GBR,2002,Europe & Central Asia,High income,40594.932929345,78.1439024390244,59370479,56.48,102.614517211914,5.037,35.1
United Kingdom,GB,GBR,2015,Europe & Central Asia,High income,45255.3449216209,80.9560975609756,65088000,92.0003,125.97688293457,5.552,33.3
United Kingdom,GB,GBR,2016,Europe & Central Asia,High income,45888.0105130748,81.1560975609756,65607000,94.7758,NA,4.909,33.1
United Kingdom,GB,GBR,2017,Europe & Central Asia,High income,47018.0254757676,81.2560975609756,65966000,90.4246,125.511840820312,4.501,32.6
United Kingdom,GB,GBR,2018,Europe & Central Asia,High income,47514.7763693453,81.2560975609756,66289000,90.692,119.994140625,4.145,33.7
United Kingdom,GB,GBR,2006,Europe & Central Asia,High income,43944.9985799069,79.2487804878049,60846820,68.82,98.46826171875,5.472,35.9
United Kingdom,GB,GBR,2007,Europe & Central Asia,High income,44882.141312304,79.4487804878049,61322463,75.09,97.7785110473633,5.399,34.4
United Kingdom,GB,GBR,2008,Europe & Central Asia,High income,44508.2874631479,79.6,61806995,78.39,98.8159027099609,5.748,35.4
United Kingdom,GB,GBR,2009,Europe & Central Asia,High income,42146.5095879962,80.0512195121951,62276270,83.56,100.634742736816,7.683,35.1
United Kingdom,GB,GBR,2010,Europe & Central Asia,High income,42762.720840223,80.4024390243902,62766365,85,103.46118927002,7.973,33.7
United Kingdom,GB,GBR,2011,Europe & Central Asia,High income,42791.0934313474,80.9512195121951,63258810,85.38,94.1645431518555,8.195,33.2
United Kingdom,GB,GBR,2012,Europe & Central Asia,High income,43136.7006795996,80.9048780487805,63711000,87.48,92.5110778808594,8.279,33.1
United Kingdom,GB,GBR,2013,Europe & Central Asia,High income,43585.1936238647,81.0048780487805,64139000,89.8441,125.997467041016,7.752,32.7
United Kingdom,GB,GBR,2014,Europe & Central Asia,High income,44627.8818268644,81.3048780487805,64620000,91.6133,128.713027954102,6.398,33.1
United Kingdom,GB,GBR,2019,Europe & Central Asia,High income,47864.7588712634,81.3691219512195,66631000,92.5166,117.085289001465,3.657,32.8
United Kingdom,GB,GBR,2020,Europe & Central Asia,High income,42982.4631007642,80.331756097561,66744000,94.8182,114.566833496094,4.472,32.6
United Kingdom,GB,GBR,2021,Europe & Central Asia,High income,46487.3424706549,80.6473170731707,66984000,96.1965,113.681282043457,4.864,32.4
United Kingdom,GB,GBR,2022,Europe & Central Asia,High income,48433.009835767,81.0112195121951,67604000,96.2989,113.257041931152,3.768,NA
United States,US,USA,2006,North America,High income,53335.5896950225,77.6878048780488,298379912,68.9312,NA,4.623,41.7
United States,US,USA,2007,North America,High income,53889.3964951775,77.9878048780488,301231207,75,NA,4.622,41.1
United States,US,USA,2008,North America,High income,53442.7136899777,78.0390243902439,304093966,74,NA,5.784,41.1
United States,US,USA,2009,North America,High income,51611.3217087719,78.390243902439,306771529,71,NA,9.254,40.8
United States,US,USA,2014,North America,High income,55394.4510435329,78.8414634146341,319257560,73,96.9245376586914,6.168,41.7
United States,US,USA,2015,North America,High income,56572.9188996063,78.690243902439,321815121,74.5542,97.6525497436523,5.28,41.5
United States,US,USA,2016,North America,High income,57151.4708448372,78.5390243902439,324353340,85.5444,98.7699279785156,4.869,41.3
United States,US,USA,2017,North America,High income,58151.7021391854,78.5390243902439,326608609,87.2749,98.9523391723633,4.355,41.4
United States,US,USA,2018,North America,High income,59526.665698712,78.6390243902439,328529577,88.4989,99.2755813598633,3.896,41.8
United States,US,USA,2019,North America,High income,60750.9898621637,78.7878048780488,330226227,89.4303,100.063430786133,3.669,41.9
United States,US,USA,2020,North America,High income,59194.6665172031,76.9804878048781,331577720,90.3447,100.509819030762,8.055,40
United States,US,USA,2021,North America,High income,62680.2503585805,76.3292682926829,332099760,91.2684,101.192489624023,5.349,39.7
United States,US,USA,2022,North America,High income,63886.1317069841,77.4341463414634,334017321,92.2016,97.4734878540039,3.65,41.7
United States,US,USA,2010,North America,High income,52555.7695134023,78.5414634146342,309378227,71.69,NA,9.633,40.2
United States,US,USA,2011,North America,High income,52956.6630340962,78.6414634146341,311839461,69.7295,NA,8.949,41.2
United States,US,USA,2012,North America,High income,53738.1476714593,78.7414634146342,314339099,74.7,NA,8.069,41.2
United States,US,USA,2013,North America,High income,54462.6252412407,78.7414634146342,316726282,71.4,96.1864929199219,7.375,40.9
United States,US,USA,2000,North America,High income,48379.7551705781,76.6365853658537,282162411,43.0792,NA,3.992,40.1
United States,US,USA,2001,North America,High income,48361.0167607073,76.8365853658537,284968955,49.0808,NA,4.731,40.6
United States,US,USA,2002,North America,High income,48729.1586442625,76.9365853658537,287625193,58.7854,NA,5.783,40.4
United States,US,USA,2003,North America,High income,49662.7520549839,77.0365853658537,290107933,61.6971,NA,5.989,40.8
United States,US,USA,2004,North America,High income,51098.5573007417,77.4878048780488,292805298,64.7583,NA,5.529,40.5
United States,US,USA,2005,North America,High income,52393.4513113092,77.4878048780488,295516599,67.9681,95.0524826049805,5.084,41.3
Uruguay,UY,URY,2000,Latin America & Caribbean,High income,11096.3309569487,74.693,3266206,10.5391,96.8511276245117,12.627,43.4
Uruguay,UY,URY,2001,Latin America & Caribbean,High income,10643.5574019273,74.987,3274251,11.1214,100.673240661621,15.052,45
Uruguay,UY,URY,2002,Latin America & Caribbean,High income,9806.7713064359,74.979,3278867,11.4195,105.918418884277,16.648,45.5
Uruguay,UY,URY,2003,Latin America & Caribbean,High income,9878.75684344081,75.086,3281186,15.9371,109.803192138672,16.661,45
Uruguay,UY,URY,2004,Latin America & Caribbean,High income,10366.9067382871,75.319,3283148,17.0631,108.258857727051,12.98,45.9
Uruguay,UY,URY,2005,Latin America & Caribbean,High income,11131.3984890038,75.829,3285771,20.0882,102.750953674316,12.009,44.7
Uruguay,UY,URY,2006,Latin America & Caribbean,High income,11574.470540231,75.888,3289506,29.4,102.318283081055,10.844,45.9
Uruguay,UY,URY,2007,Latin America & Caribbean,High income,12310.482735502,76.15,3295153,34,92.9150619506836,9.403,46.4
Uruguay,UY,URY,2008,Latin America & Caribbean,High income,13165.83628166,76.275,3302177,39.3,88.0473403930664,8.025,45.1
Uruguay,UY,URY,2009,Latin America & Caribbean,High income,13691.71420689,76.67,3310091,41.8,89.2928771972656,7.74,45.5
Uruguay,UY,URY,2010,Latin America & Caribbean,High income,14722.3780081191,76.691,3318580,46.4,98.6642990112305,7.158,44.5
Uruguay,UY,URY,2011,Latin America & Caribbean,High income,15443.9961926395,76.614,3326825,51.4047,101.560180664062,6.307,42.2
Uruguay,UY,URY,2012,Latin America & Caribbean,High income,15949.3176985435,76.691,3335401,54.4538,102.977226257324,6.451,39.9
Uruguay,UY,URY,2013,Latin America & Caribbean,High income,16639.4054750651,76.953,3345337,57.69,104.664520263672,6.444,40.5
Uruguay,UY,URY,2014,Latin America & Caribbean,High income,17122.0364563225,77.194,3356334,61.4625,106.469367980957,6.547,40.1
Uruguay,UY,URY,2015,Latin America & Caribbean,High income,17125.9016800298,77.285,3368017,64.5708,108.043296813965,7.488,40.1
Uruguay,UY,URY,2016,Latin America & Caribbean,High income,17357.2349992841,77.351,3379283,66.4,112.032577514648,7.841,39.7
Uruguay,UY,URY,2017,Latin America & Caribbean,High income,17611.6036701032,77.618,3388438,70.3224,116.472846984863,7.89,39.5
Uruguay,UY,URY,2018,Latin America & Caribbean,High income,17608.9441195037,77.527,3394534,80.7268,117.769058227539,8.336,39.7
Uruguay,UY,URY,2019,Latin America & Caribbean,High income,17758.4384372986,77.503,3397206,83.3515,119.848533190039,8.836,39.7
Uruguay,UY,URY,2020,Latin America & Caribbean,High income,16443.3635000843,78.381,3398968,85.471,116.991828918457,10.413,40.2
Uruguay,UY,URY,2021,Latin America & Caribbean,High income,17416.0052208869,75.434,3396695,87.6444,119.826342137062,9.328,40.8
Uruguay,UY,URY,2022,Latin America & Caribbean,High income,18228.3558443761,76.468,3390913,89.873,121.137930191204,7.877,40.6
Uzbekistan,UZ,UZB,2000,Europe & Central Asia,Lower middle income,1269.72137546219,65.456,24787054,0.484347,85.3468933105469,12.301,35.9
Uzbekistan,UZ,UZB,2001,Europe & Central Asia,Lower middle income,1306.60633175114,65.853,25090283,0.597568,NA,11.279,NA
Uzbekistan,UZ,UZB,2002,Europe & Central Asia,Lower middle income,1341.95995981671,66.376,25399980,1.08194,NA,10.256,33
Uzbekistan,UZ,UZB,2003,Europe & Central Asia,Lower middle income,1381.8257280882,66.852,25711259,1.9126,95.4466171264648,9.22,35.2
Uzbekistan,UZ,UZB,2004,Europe & Central Asia,Lower middle income,1466.6134889113,67.203,26029350,2.59373,96.2950973510742,8.152,NA
Uzbekistan,UZ,UZB,2005,Europe & Central Asia,Lower middle income,1549.04577531643,67.481,26356975,3.34351,87.8653335571289,7.092,NA
Uzbekistan,UZ,UZB,2006,Europe & Central Asia,Lower middle income,1643.14645619601,67.905,26699043,6.38832,88.7272109985352,6.035,NA
Uzbekistan,UZ,UZB,2007,Europe & Central Asia,Lower middle income,1773.75803693248,68.483,27076008,7.4906,89.7682189941406,4.99,NA
Uzbekistan,UZ,UZB,2008,Europe & Central Asia,Lower middle income,1904.45855506712,69.035,27494774,9.08011,88.2303695678711,4.89,NA
Uzbekistan,UZ,UZB,2009,Europe & Central Asia,Lower middle income,2025.04298646098,69.517,27939328,11.9,89.0436019897461,5.04,NA
Uzbekistan,UZ,UZB,2010,Europe & Central Asia,Lower middle income,2144.6400056546,69.836,28385506,15.9,89.9835586547852,5.36,NA
Uzbekistan,UZ,UZB,2011,Europe & Central Asia,Lower middle income,2271.00936223002,70.143,28823196,18.6,89.7831726074219,4.96,NA
Uzbekistan,UZ,UZB,2012,Europe & Central Asia,Lower middle income,2395.84036755728,70.411,29261903,23.6,92.0473722973161,4.87,NA
Uzbekistan,UZ,UZB,2013,Europe & Central Asia,Lower middle income,2530.68447898703,70.692,29724065,26.8,92.0626676426806,4.86,NA
Uzbekistan,UZ,UZB,2014,Europe & Central Asia,Lower middle income,2659.99075095273,70.973,30222994,35.5,91.7418371921357,5.09,NA
Uzbekistan,UZ,UZB,2015,Europe & Central Asia,Lower middle income,2803.19018021751,71.33,30749346,42.8,92.2428124917835,5.15,NA
Uzbekistan,UZ,UZB,2016,Europe & Central Asia,Lower middle income,2918.67725852903,71.58,31284568,46.7913,92.8148657883702,5.16,NA
Uzbekistan,UZ,UZB,2017,Europe & Central Asia,Lower middle income,2995.76761437743,71.737,31819178,48.7,93.8775736591193,5.83,NA
Uzbekistan,UZ,UZB,2018,Europe & Central Asia,Lower middle income,3108.1618786112,71.999,32373490,55.2,94.9465096520158,5.392,NA
Uzbekistan,UZ,UZB,2019,Europe & Central Asia,Lower middle income,3259.36964632494,72.093,32964701,70.4,96.2074737548828,4.936,NA
Uzbekistan,UZ,UZB,2020,Europe & Central Asia,Lower middle income,3249.05191094018,71.461,33586372,71.1,90.0642970154019,5.293,NA
Uzbekistan,UZ,UZB,2021,Europe & Central Asia,Lower middle income,3442.7248445034,71.681,34243696,76.5904,97.2589036917117,5.364,32.9
Uzbekistan,UZ,UZB,2022,Europe & Central Asia,Lower middle income,3576.71552716054,72.147,34938955,83.9,97.3779819618405,4.456,31.2
Vanuatu,VU,VUT,2000,East Asia & Pacific,Lower middle income,2841.73909435642,68.586,186281,2.10834,34.476390838623,8.266,NA
Vanuatu,VU,VUT,2001,East Asia & Pacific,Lower middle income,2676.92934450613,68.722,191031,2.83057,34.9720115661621,8.415,NA
Vanuatu,VU,VUT,2002,East Asia & Pacific,Lower middle income,2475.16636434639,68.836,195863,3.51004,38.2522010803223,8.598,NA
Vanuatu,VU,VUT,2003,East Asia & Pacific,Lower middle income,2518.521315183,68.933,200746,3.9033,38.7092895507812,8.659,NA
Vanuatu,VU,VUT,2004,East Asia & Pacific,Lower middle income,2555.73432279339,68.985,205711,4.7466,40.8122901916504,8.432,NA
Vanuatu,VU,VUT,2005,East Asia & Pacific,Lower middle income,2626.85057870874,69.166,210760,5.08233,NA,8.121,NA
Vanuatu,VU,VUT,2006,East Asia & Pacific,Lower middle income,2780.97475852227,69.126,215923,5.85059,NA,8.006,NA
Vanuatu,VU,VUT,2007,East Asia & Pacific,Lower middle income,2791.7418410919,69.144,221276,6.8,NA,6.855,NA
Vanuatu,VU,VUT,2008,East Asia & Pacific,Lower middle income,2875.08524058992,69.302,226896,7.26912,NA,5.663,NA
Vanuatu,VU,VUT,2009,East Asia & Pacific,Lower middle income,2888.13715784739,69.422,232731,7.5,NA,4.565,NA
Vanuatu,VU,VUT,2010,East Asia & Pacific,Lower middle income,2856.77377649901,69.57,238248,8,55.240120859084,4.681,37.4
Vanuatu,VU,VUT,2011,East Asia & Pacific,Lower middle income,2883.22689591881,69.729,243474,9.2,NA,4.811,NA
Vanuatu,VU,VUT,2012,East Asia & Pacific,Lower middle income,2849.05448321427,69.898,248883,10.598,NA,4.936,NA
Vanuatu,VU,VUT,2013,East Asia & Pacific,Lower middle income,2799.28262661802,69.986,254482,11.3,NA,5.038,NA
Vanuatu,VU,VUT,2014,East Asia & Pacific,Lower middle income,2807.83422956759,70.043,260240,18.8,NA,5.137,NA
Vanuatu,VU,VUT,2015,East Asia & Pacific,Lower middle income,2854.89412272653,70.163,266101,22.3514,57.2510185241699,5.168,NA
Vanuatu,VU,VUT,2016,East Asia & Pacific,Lower middle income,2889.01404801498,70.397,272087,24,NA,5.197,NA
Vanuatu,VU,VUT,2017,East Asia & Pacific,Lower middle income,2946.96186165079,70.5,278507,30.8,NA,5.247,NA
Vanuatu,VU,VUT,2018,East Asia & Pacific,Lower middle income,2960.65376683153,70.626,285259,33.989,NA,5.353,NA
Vanuatu,VU,VUT,2019,East Asia & Pacific,Lower middle income,2986.2036911437,70.783,291985,37.5081,NA,5.444,32.3
Vanuatu,VU,VUT,2020,East Asia & Pacific,Lower middle income,2771.87098808052,70.385,298858,41.3916,59.1688003540039,4.046,NA
Vanuatu,VU,VUT,2021,East Asia & Pacific,Lower middle income,2666.30269843855,69.952,305868,45.6772,62.9433097839355,4.776,NA
Vanuatu,VU,VUT,2022,East Asia & Pacific,Lower middle income,2740.27545530661,71.302,313046,45.6747,81.9551276325385,5.077,NA
"Venezuela, RB",VE,VEN,2000,Latin America & Caribbean,Not classified,3740.0195496928,72.388,24526708,3.3596,59.0772895812988,13.99,NA
"Venezuela, RB",VE,VEN,2001,Latin America & Caribbean,Not classified,3796.80579715312,71.019,24979922,4.636,63.1789817810059,13.04,47.2
"Venezuela, RB",VE,VEN,2002,Latin America & Caribbean,Not classified,3398.56849937324,72.823,25435671,4.91045,67.2197189331055,16.17,48.9
"Venezuela, RB",VE,VEN,2003,Latin America & Caribbean,Not classified,3079.6634541359,72.056,25892703,7.49996,68.4049072265625,16.78,47.9
"Venezuela, RB",VE,VEN,2004,Latin America & Caribbean,Not classified,3580.85417271298,72.752,26340838,8.40447,71.0196380615234,15.07,47.3
"Venezuela, RB",VE,VEN,2005,Latin America & Caribbean,Not classified,3884.70081071301,73.075,26785804,12.553,73.3435287475586,10.663,49.3
"Venezuela, RB",VE,VEN,2006,Latin America & Caribbean,Not classified,4199.39766916963,72.972,27224686,15.2247,75.8546676635742,8.606,44.7
"Venezuela, RB",VE,VEN,2007,Latin America & Caribbean,Not classified,4496.84905010777,73.348,27649363,20.83,78.2070236206055,7.279,NA
"Venezuela, RB",VE,VEN,2008,Latin America & Caribbean,Not classified,4665.9531880382,72.578,28053696,25.88,79.8805770874023,6.245,NA
"Venezuela, RB",VE,VEN,2009,Latin America & Caribbean,Not classified,4455.4532320933,72.785,28438298,32.7,80.7918167114258,6.097,NA
"Venezuela, RB",VE,VEN,2010,Latin America & Caribbean,Not classified,4332.02681796507,73.092,28813101,37.37,80.7240982055664,7.112,NA
"Venezuela, RB",VE,VEN,2011,Latin America & Caribbean,Not classified,4455.41063337951,73.09,29185212,40.22,81.6782836914062,6.902,NA
"Venezuela, RB",VE,VEN,2012,Latin America & Caribbean,Not classified,4647.37303726595,73.086,29553826,49.0501,83.8216934204102,6.601,NA
"Venezuela, RB",VE,VEN,2013,Latin America & Caribbean,Not classified,4653.3645655649,73.076,29912198,54.9,91.4725494384766,7.54,NA
"Venezuela, RB",VE,VEN,2014,Latin America & Caribbean,Not classified,4421.60786723331,72.837,30254079,57,90.8081207275391,6.821,NA
"Venezuela, RB",VE,VEN,2015,Latin America & Caribbean,Not classified,4103.1384987005,73.004,30573972,58,88.8302230834961,6.139,NA
"Venezuela, RB",VE,VEN,2016,Latin America & Caribbean,Not classified,3382.73477932247,72.002,30765720,60,85.1329498291016,5.319,NA
"Venezuela, RB",VE,VEN,2017,Latin America & Caribbean,Not classified,2871.31531165261,71.903,30565323,61.6,83.9518280029297,5.045,NA
"Venezuela, RB",VE,VEN,2018,Latin America & Caribbean,Not classified,2365.59281270712,72.641,29807592,NA,NA,5.468,NA
"Venezuela, RB",VE,VEN,2019,Latin America & Caribbean,Not classified,1762.73734800083,72.766,28938098,NA,NA,5.89,NA
"Venezuela, RB",VE,VEN,2020,Latin America & Caribbean,Not classified,1255.37263090506,72.369,28444077,NA,NA,7.53,NA
"Venezuela, RB",VE,VEN,2021,Latin America & Caribbean,Not classified,1276.62381449407,71.536,28237826,NA,NA,7.027,NA
"Venezuela, RB",VE,VEN,2022,Latin America & Caribbean,Not classified,1379.97778822986,72.566,28213017,NA,96.7906723022461,5.646,NA
Viet Nam,VN,VNM,2000,East Asia & Pacific,Lower middle income,1212.19657794381,72.746,77154011,0.254248,NA,2.26,NA
Viet Nam,VN,VNM,2001,East Asia & Pacific,Lower middle income,1273.8052690094,72.984,77969361,1.26565,NA,2.76,NA
Viet Nam,VN,VNM,2002,East Asia & Pacific,Lower middle income,1340.51670460271,73.138,78772224,1.855,NA,2.12,37
Viet Nam,VN,VNM,2003,East Asia & Pacific,Lower middle income,1418.74337471509,73.236,79563777,3.78028,NA,2.25,NA
Viet Nam,VN,VNM,2004,East Asia & Pacific,Lower middle income,1510.94449049599,73.062,80338971,7.64241,NA,2.14,36.8
Viet Nam,VN,VNM,2005,East Asia & Pacific,Lower middle income,1609.96268313651,73.198,81088313,12.7399,NA,2.078,NA
Viet Nam,VN,VNM,2006,East Asia & Pacific,Lower middle income,1699.67620343393,73.293,82167897,17.2546,NA,2.046,35.8
Viet Nam,VN,VNM,2007,East Asia & Pacific,Lower middle income,1788.9485028957,73.385,83633375,20.7554,NA,2.026,NA
Viet Nam,VN,VNM,2008,East Asia & Pacific,Lower middle income,1856.00519883979,73.455,85175788,23.92,NA,1.889,35.6
Viet Nam,VN,VNM,2009,East Asia & Pacific,Lower middle income,1927.13427057454,73.525,86460018,26.55,NA,1.737,NA
Viet Nam,VN,VNM,2010,East Asia & Pacific,Lower middle income,2027.58184375924,73.611,87455152,30.65,NA,1.114,39.3
Viet Nam,VN,VNM,2011,East Asia & Pacific,Lower middle income,2132.90453762087,73.713,88468314,35.07,NA,0.999,NA
Viet Nam,VN,VNM,2012,East Asia & Pacific,Lower middle income,2224.11404253256,73.762,89510356,36.8,NA,1.027,35.6
Viet Nam,VN,VNM,2013,East Asia & Pacific,Lower middle income,2320.08431444934,73.821,90573104,38.5,NA,1.316,NA
Viet Nam,VN,VNM,2014,East Asia & Pacific,Lower middle income,2439.28655744423,73.886,91679578,41,NA,1.256,34.8
Viet Nam,VN,VNM,2015,East Asia & Pacific,Lower middle income,2577.56885340113,73.955,92823254,45,89.4548341262217,1.848,NA
Viet Nam,VN,VNM,2016,East Asia & Pacific,Lower middle income,2715.57887431272,73.984,94000117,53,90.1583347107672,1.848,35.3
Viet Nam,VN,VNM,2017,East Asia & Pacific,Lower middle income,2868.13680013379,74.026,95176977,58.14,91.0725198149335,1.874,NA
Viet Nam,VN,VNM,2018,East Asia & Pacific,Lower middle income,3048.28327602145,74.1,96237319,69.8479,92.8377710790826,1.161,35.7
Viet Nam,VN,VNM,2019,East Asia & Pacific,Lower middle income,3241.07648966529,74.211,97173776,68.6616,94.654621676317,1.681,NA
Viet Nam,VN,VNM,2020,East Asia & Pacific,Lower middle income,3303.16949807493,75.383,98079191,70.3,93.1921389514105,2.103,36.8
Viet Nam,VN,VNM,2021,East Asia & Pacific,Lower middle income,3358.21734764714,74.145,98935098,74.21,92.7690209240401,2.383,NA
Viet Nam,VN,VNM,2022,East Asia & Pacific,Lower middle income,3617.66311465012,74.502,99680655,78.59,93.4123434096522,1.57,36.1
Virgin Islands (U.S.),VI,VIR,2000,Latin America & Caribbean,High income,NA,76.619512195122,108642,13.8151,NA,9.834,NA
Virgin Islands (U.S.),VI,VIR,2001,Latin America & Caribbean,High income,NA,77.6219512195122,108549,18.3758,NA,9.969,NA
Virgin Islands (U.S.),VI,VIR,2002,Latin America & Caribbean,High income,43205.7246740388,77.5219512195122,108509,27.4944,NA,10.227,NA
Virgin Islands (U.S.),VI,VIR,2003,Latin America & Caribbean,High income,43036.1815136022,77.5219512195122,108505,27.4291,NA,10.574,NA
Virgin Islands (U.S.),VI,VIR,2004,Latin America & Caribbean,High income,44466.2872190216,77.7731707317073,108466,27.377,NA,10.266,NA
Virgin Islands (U.S.),VI,VIR,2005,Latin America & Caribbean,High income,46021.5905731819,77.4219512195122,108453,27.3443,NA,10.228,NA
Virgin Islands (U.S.),VI,VIR,2006,Latin America & Caribbean,High income,47671.567182812,78.3243902439024,108369,27.3326,NA,9.734,NA
Virgin Islands (U.S.),VI,VIR,2007,Latin America & Caribbean,High income,49598.125907942704,76.8634146341463,108337,27.3393,NA,9.523,NA
Virgin Islands (U.S.),VI,VIR,2008,Latin America & Caribbean,High income,50174.7528938473,77.1634146341463,108397,27.3618,NA,9.605,NA
Virgin Islands (U.S.),VI,VIR,2009,Latin America & Caribbean,High income,46862.8076001874,77.5146341463415,108404,27.3965,NA,10.864,NA
Virgin Islands (U.S.),VI,VIR,2010,Latin America & Caribbean,High income,47162.7375570431,77.8658536585366,108357,31.22,NA,11.059,NA
Virgin Islands (U.S.),VI,VIR,2011,Latin America & Caribbean,High income,43320.176769501,78.3170731707317,108290,35.6,NA,11.337,NA
Virgin Islands (U.S.),VI,VIR,2012,Latin America & Caribbean,High income,36938.1682086351,78.5170731707317,108188,40.5479,NA,11.387,NA
Virgin Islands (U.S.),VI,VIR,2013,Latin America & Caribbean,High income,34663.6460602129,78.7170731707317,108041,45.3,NA,11.802,NA
Virgin Islands (U.S.),VI,VIR,2014,Latin America & Caribbean,High income,34098.7109972738,78.8682926829268,107882,50.07,NA,11.871,NA
Virgin Islands (U.S.),VI,VIR,2015,Latin America & Caribbean,High income,34007.3529411765,79.0170731707317,107712,54.8391,NA,11.649,NA
Virgin Islands (U.S.),VI,VIR,2016,Latin America & Caribbean,High income,34614.7482633247,79.1682926829268,107516,59.6083,NA,11.734,NA
Virgin Islands (U.S.),VI,VIR,2017,Latin America & Caribbean,High income,34435.4944455756,79.3682926829268,107281,64.3775,NA,11.445,NA
Virgin Islands (U.S.),VI,VIR,2018,Latin America & Caribbean,High income,35174.1019944986,79.5195121951219,107001,NA,NA,11.703,NA
Virgin Islands (U.S.),VI,VIR,2019,Latin America & Caribbean,High income,36309.7438446842,79.6682926829268,106669,NA,NA,11.774,NA
Virgin Islands (U.S.),VI,VIR,2020,Latin America & Caribbean,High income,35850.7433148653,79.819512195122,106290,NA,NA,14.366,NA
Virgin Islands (U.S.),VI,VIR,2021,Latin America & Caribbean,High income,37313.0484931531,80.0682926829268,105870,NA,NA,13.508,NA
Virgin Islands (U.S.),VI,VIR,2022,Latin America & Caribbean,High income,36983.431060272,80.319512195122,105413,NA,NA,12.092,NA
West Bank and Gaza,PS,PSE,2000,Middle East & North Africa,Lower middle income,2436.01207739636,70.298,2922153,1.11131,76.0071334838867,10.625,NA
West Bank and Gaza,PS,PSE,2001,Middle East & North Africa,Lower middle income,2153.45735383203,69.75,2997784,1.83685,78.0870895385742,21.493,NA
West Bank and Gaza,PS,PSE,2002,Middle East & North Africa,Lower middle income,1836.98042481351,70.88,3075373,3.10009,80.3683166503906,27.465,NA
West Bank and Gaza,PS,PSE,2003,Middle East & North Africa,Lower middle income,2041.60484619659,70.967,3154969,4.13062,83.0590972900391,23.004,NA
West Bank and Gaza,PS,PSE,2004,Middle East & North Africa,Lower middle income,2426.41565630382,71.094,3236626,4.4009,86.8646087646484,23.215,34
West Bank and Gaza,PS,PSE,2005,Middle East & North Africa,Lower middle income,2632.24627423958,72.004,3320396,16.005,88.3457794189453,20.016,34.7
West Bank and Gaza,PS,PSE,2006,Middle East & North Africa,Lower middle income,2540.26763083127,71.831,3406334,18.41,90.0953369140625,19.014,34
West Bank and Gaza,PS,PSE,2007,Middle East & North Africa,Lower middle income,2569.98434108953,72.064,3494496,21.176,90.4300994873047,18.282,35.6
West Bank and Gaza,PS,PSE,2008,Middle East & North Africa,Lower middle income,2685.98601828464,72.204,3591977,24.358,89.9040603637695,22.913,NA
West Bank and Gaza,PS,PSE,2009,Middle East & North Africa,Lower middle income,2840.01594969395,72.306,3689099,32.23,90.0118637084961,20.452,34.5
West Bank and Gaza,PS,PSE,2010,Middle East & North Africa,Lower middle income,2927.08101953403,73.302,3786161,37.4,89.1773371332236,21.416,35.3
West Bank and Gaza,PS,PSE,2011,Middle East & North Africa,Lower middle income,3128.10811061384,73.557,3882986,41.08,88.2808414383622,17.597,34.4
West Bank and Gaza,PS,PSE,2012,Middle East & North Africa,Lower middle income,3237.91619995789,73.722,3979998,43.4,88.0041466962408,19.202,NA
West Bank and Gaza,PS,PSE,2013,Middle East & North Africa,Lower middle income,3309.63120243098,74.14,4076708,46.6,87.7419851728182,19.894,NA
West Bank and Gaza,PS,PSE,2014,Middle East & North Africa,Lower middle income,3227.84934482645,72.781,4173398,53.6652,87.618042824034,20.526,NA
West Bank and Gaza,PS,PSE,2015,Middle East & North Africa,Lower middle income,3272.15432360708,74.577,4270092,56.7,88.3909219114319,23.005,NA
West Bank and Gaza,PS,PSE,2016,Middle East & North Africa,Lower middle income,3483.09903532972,74.917,4367088,59.9,88.6612882360835,23.939,33.7
West Bank and Gaza,PS,PSE,2017,Middle East & North Africa,Lower middle income,3462.97986107136,75.216,4454805,63.3,89.7461522132674,25.677,NA
West Bank and Gaza,PS,PSE,2018,Middle East & North Africa,Lower middle income,3417.79440837962,75.38,4569087,64.4,89.6454662001111,26.256,NA
West Bank and Gaza,PS,PSE,2019,Middle East & North Africa,Lower middle income,3378.4346209191,75.811,4685306,70.6226,90.3135207321564,25.34,NA
West Bank and Gaza,PS,PSE,2020,Middle East & North Africa,Lower middle income,2922.46801084844,74.998,4803269,76.01,90.2544056722155,25.895,NA
West Bank and Gaza,PS,PSE,2021,Middle East & North Africa,Lower middle income,3051.48607007995,73.89,4922749,82.1783,91.0094011735985,26.39,NA
West Bank and Gaza,PS,PSE,2022,Middle East & North Africa,Lower middle income,3099.9609010368,76.662,5043612,88.6469,90.1364802874113,24.42,NA
"Yemen, Rep.",YE,YEM,2000,Middle East & North Africa,Low income,2114.67265566851,62.761,19624141,0.0825004,NA,11.557,NA
"Yemen, Rep.",YE,YEM,2001,Middle East & North Africa,Low income,2129.77268762778,63.286,20226147,0.0908025,39.9282608032227,11.724,NA
"Yemen, Rep.",YE,YEM,2002,Middle East & North Africa,Low income,2148.88860494788,63.807,20835086,0.518796,NA,11.839,NA
"Yemen, Rep.",YE,YEM,2003,Middle East & North Africa,Low income,2164.86083019467,64.407,21456379,0.604734,40.8348007202148,12.014,NA
"Yemen, Rep.",YE,YEM,2004,Middle East & North Africa,Low income,2185.78999159086,64.881,22095167,0.881223,41.5881881713867,12.131,NA
"Yemen, Rep.",YE,YEM,2005,Middle East & North Africa,Low income,2237.63762643152,65.356,22790085,1.0486,40.5307083129883,12.213,34.7
"Yemen, Rep.",YE,YEM,2006,Middle East & North Africa,Low income,2234.74266863312,65.8,23543083,1.24782,NA,12.349,NA
"Yemen, Rep.",YE,YEM,2007,Middle East & North Africa,Low income,2235.75075901067,66.23,24318082,5.01,NA,12.486,NA
"Yemen, Rep.",YE,YEM,2008,Middle East & North Africa,Low income,2244.04491655237,66.609,25111941,6.89,37.9779014587402,12.656,NA
"Yemen, Rep.",YE,YEM,2009,Middle East & North Africa,Low income,2257.46902086832,66.905,25927724,9.96,NA,12.762,NA
"Yemen, Rep.",YE,YEM,2010,Middle East & North Africa,Low income,2356.19960422096,67.223,26754387,12.35,39.0662307739258,12.777,NA
"Yemen, Rep.",YE,YEM,2011,Middle East & North Africa,Low income,1994.83663337222,67.412,27582897,14.905,40.6695289611816,13.311,NA
"Yemen, Rep.",YE,YEM,2012,Middle East & North Africa,Low income,1981.45800046603,67.569,28433647,17.4465,40.9747505187988,13.473,NA
"Yemen, Rep.",YE,YEM,2013,Middle East & North Africa,Low income,2014.7289059487,67.961,29312952,20,42.7084617614746,13.673,NA
"Yemen, Rep.",YE,YEM,2014,Middle East & North Africa,Low income,1950.1625450589,68.003,30226309,22.55,NA,13.467,36.7
"Yemen, Rep.",YE,YEM,2015,Middle East & North Africa,Low income,1362.1738120601,66.761,31159379,24.0854,NA,17.9,NA
"Yemen, Rep.",YE,YEM,2016,Middle East & North Africa,Low income,1197.95865971172,67.105,32109010,24.5792,43.6906890869141,18.42,NA
"Yemen, Rep.",YE,YEM,2017,Middle East & North Africa,Low income,1103.45634849842,67.12,33090921,26.7184,NA,18.611,NA
"Yemen, Rep.",YE,YEM,2018,Middle East & North Africa,Low income,1079.32938366255,65.915,34085182,NA,NA,17.593,NA
"Yemen, Rep.",YE,YEM,2019,Middle East & North Africa,Low income,NA,66.567,35111408,NA,NA,17.213,NA
"Yemen, Rep.",YE,YEM,2020,Middle East & North Africa,Low income,NA,66.435,36134863,13.8152,NA,17.963,NA
"Yemen, Rep.",YE,YEM,2021,Middle East & North Africa,Low income,NA,66.019,37140230,NA,NA,18.312,NA
"Yemen, Rep.",YE,YEM,2022,Middle East & North Africa,Low income,NA,67.952,38222876,NA,NA,17.224,NA
Zambia,ZM,ZMB,2000,Sub-Saharan Africa,Lower middle income,804.48463418783,46.577,10017631,0.191072,NA,12.93,NA
Zambia,ZM,ZMB,2001,Sub-Saharan Africa,Lower middle income,822.020935308251,47.408,10325185,0.23313,NA,13.404,NA
Zambia,ZM,ZMB,2002,Sub-Saharan Africa,Lower middle income,833.021177549004,48.461,10647949,0.477751,NA,14.131,42.1
Zambia,ZM,ZMB,2003,Sub-Saharan Africa,Lower middle income,863.650190656785,49.616,10983595,0.980483,NA,14.704,NA
Zambia,ZM,ZMB,2004,Sub-Saharan Africa,Lower middle income,895.475258534826,50.54,11338198,1.1,NA,15.332,54.3
Zambia,ZM,ZMB,2005,Sub-Saharan Africa,Lower middle income,929.079255855905,51.615,11718819,1.3,NA,15.9,NA
Zambia,ZM,ZMB,2006,Sub-Saharan Africa,Lower middle income,968.563565019492,52.693,12129553,1.6,NA,13.229,54.6
Zambia,ZM,ZMB,2007,Sub-Saharan Africa,Lower middle income,1013.08567432637,53.73,12565085,1.9,NA,10.559,NA
Zambia,ZM,ZMB,2008,Sub-Saharan Africa,Lower middle income,1053.58612301068,54.835,13021324,2.2,NA,7.93,NA
Zambia,ZM,ZMB,2009,Sub-Saharan Africa,Lower middle income,1110.71918102486,55.886,13490389,2.5,NA,10.583,NA
Zambia,ZM,ZMB,2010,Sub-Saharan Africa,Lower middle income,1183.41712409199,56.896,13965594,3,NA,13.19,52
Zambia,ZM,ZMB,2011,Sub-Saharan Africa,Lower middle income,1208.46424569634,57.843,14437796,3.5,NA,10.548,NA
Zambia,ZM,ZMB,2012,Sub-Saharan Africa,Lower middle income,1258.78938578996,58.704,14913629,4.1,NA,7.85,NA
Zambia,ZM,ZMB,2013,Sub-Saharan Africa,Lower middle income,1280.77012176778,59.445,15398997,4.8,NA,7.272,NA
Zambia,ZM,ZMB,2014,Sub-Saharan Africa,Lower middle income,1299.01241762504,60.109,15895315,6.5,NA,6.576,NA
Zambia,ZM,ZMB,2015,Sub-Saharan Africa,Lower middle income,1295.87788680068,60.728,16399089,8.8,NA,5.951,55.8
Zambia,ZM,ZMB,2016,Sub-Saharan Africa,Lower middle income,1303.57513869133,61.129,16914423,10.3,NA,5.244,NA
Zambia,ZM,ZMB,2017,Sub-Saharan Africa,Lower middle income,1308.76829240086,61.564,17441320,12.2,NA,4.529,NA
Zambia,ZM,ZMB,2018,Sub-Saharan Africa,Lower middle income,1321.25045711573,62.138,17973569,14.3,NA,5.032,NA
Zambia,ZM,ZMB,2019,Sub-Saharan Africa,Lower middle income,1301.18132976178,62.914,18513839,18.7,NA,5.538,NA
Zambia,ZM,ZMB,2020,Sub-Saharan Africa,Lower middle income,1228.73500113195,63.361,19059395,24.5,NA,6.032,NA
Zambia,ZM,ZMB,2021,Sub-Saharan Africa,Lower middle income,1269.10821808895,62.363,19603607,32.5,NA,5.197,NA
Zambia,ZM,ZMB,2022,Sub-Saharan Africa,Lower middle income,1298.8480495593,65.279,20152938,15,NA,5.993,51.5
Zimbabwe,ZW,ZWE,2000,Sub-Saharan Africa,Lower middle income,1677.34896793251,46.034,11892055,0.401434,40.0179290771484,5.685,NA
Zimbabwe,ZW,ZWE,2001,Sub-Saharan Africa,Lower middle income,1690.14666163116,44.525,11971901,0.799846,42.1351890563965,5.313,NA
Zimbabwe,ZW,ZWE,2002,Sub-Saharan Africa,Lower middle income,1525.07935706564,45.938,12087653,1.1,41.4578285217285,5.005,NA
Zimbabwe,ZW,ZWE,2003,Sub-Saharan Africa,Lower middle income,1250.91948331231,45.373,12232323,1.8,39.1011009216309,4.738,NA
Zimbabwe,ZW,ZWE,2004,Sub-Saharan Africa,Lower middle income,1165.54447081543,46.043,12365896,2.1,NA,4.39,NA
Zimbabwe,ZW,ZWE,2005,Sub-Saharan Africa,Lower middle income,1088.63148420699,46.57,12483432,2.4,NA,4.632,NA
Zimbabwe,ZW,ZWE,2006,Sub-Saharan Africa,Lower middle income,1038.22375658033,47.056,12636445,2.4,NA,4.767,NA
Zimbabwe,ZW,ZWE,2007,Sub-Saharan Africa,Lower middle income,987.200362596937,47.576,12804058,3,NA,5.008,NA
Zimbabwe,ZW,ZWE,2008,Sub-Saharan Africa,Lower middle income,803.044944654991,48.456,12959149,3.5,NA,5.401,NA
Zimbabwe,ZW,ZWE,2009,Sub-Saharan Africa,Lower middle income,896.915532877845,49.75,13142790,4,NA,5.476,NA
Zimbabwe,ZW,ZWE,2010,Sub-Saharan Africa,Lower middle income,1056.20884563889,51.925,13356548,6.4,NA,5.469,NA
Zimbabwe,ZW,ZWE,2011,Sub-Saharan Africa,Lower middle income,1184.93421020563,53.911,13595424,8.4,NA,5.368,43.2
Zimbabwe,ZW,ZWE,2012,Sub-Saharan Africa,Lower middle income,1360.15230034275,55.386,13817887,12,75.8648109767885,5.057,NA
Zimbabwe,ZW,ZWE,2013,Sub-Saharan Africa,Lower middle income,1367.81831689463,56.842,14013808,15.5,52.4158515930176,4.948,NA
Zimbabwe,ZW,ZWE,2014,Sub-Saharan Africa,Lower middle income,1381.25404125871,58.106,14207359,16.3647,NA,4.774,NA
Zimbabwe,ZW,ZWE,2015,Sub-Saharan Africa,Lower middle income,1387.12632595026,58.989,14399013,22.7428,NA,5.399,NA
Zimbabwe,ZW,ZWE,2016,Sub-Saharan Africa,Lower middle income,1378.34256192374,59.76,14600294,23.12,NA,5.896,NA
Zimbabwe,ZW,ZWE,2017,Sub-Saharan Africa,Lower middle income,1422.91948946927,60.263,14812482,24.4,NA,6.35,44.3
Zimbabwe,ZW,ZWE,2018,Sub-Saharan Africa,Lower middle income,1472.14603844842,60.906,15034452,25,NA,6.788,NA
Zimbabwe,ZW,ZWE,2019,Sub-Saharan Africa,Lower middle income,1357.53087818754,61.06,15271368,26.5883,NA,7.373,50.3
Zimbabwe,ZW,ZWE,2020,Sub-Saharan Africa,Lower middle income,1230.81933361016,61.53,15526888,29.2986,NA,8.617,NA
Zimbabwe,ZW,ZWE,2021,Sub-Saharan Africa,Lower middle income,1312.20001358807,60.135,15797210,37.0967,NA,9.54,NA
Zimbabwe,ZW,ZWE,2022,Sub-Saharan Africa,Lower middle income,1369.19761495571,62.36,16069056,37.8861,NA,10.087,NA
